course_code,course_title,subject,subject_name,course_number
ACADENG 100,Forms in Academic English,ACADENG,Academic English Studies,100
ACADENG 101,Academic English Writing,ACADENG,Academic English Studies,101
ACADENG 104,Academic English for Business,ACADENG,Academic English Studies,104
ACADENG 210,Writing Research Reports,ACADENG,Academic English Studies,210
ACADENG 212,Special Topic,ACADENG,Academic English Studies,212
ACADINT A01,Academic Integrity Course,ACADINT,Academic Integrity,A01
ACCTG 101,Accounting Information,ACCTG,Accounting,101
ACCTG 102,Accounting Concepts,ACCTG,Accounting,102
ACCTG 151G,Financial Literacy,ACCTG,Accounting,151G
ACCTG 211,Financial Accounting,ACCTG,Accounting,211
ACCTG 221,Cost and Management Accounting,ACCTG,Accounting,221
ACCTG 222,Accounting Information Systems,ACCTG,Accounting,222
ACCTG 300,Directed Study,ACCTG,Accounting,300
ACCTG 311,Financial Accounting,ACCTG,Accounting,311
ACCTG 312,Auditing,ACCTG,Accounting,312
ACCTG 321,Strategic Management Accounting,ACCTG,Accounting,321
ACCTG 323,Performance Measurement and Evaluation,ACCTG,Accounting,323
ACCTG 331,Revenue and Cost Management,ACCTG,Accounting,331
ACCTG 371,Financial Statement Analysis,ACCTG,Accounting,371
ACCTG 381,Special Topic,ACCTG,Accounting,381
ACCTG 382,Special Topic,ACCTG,Accounting,382
ACCTG 701,Research Methods in Accounting,ACCTG,Accounting,701
ACCTG 702,Governance Issues in Accounting,ACCTG,Accounting,702
ACCTG 703,Directed Study,ACCTG,Accounting,703
ACCTG 707,Applied Accounting Research,ACCTG,Accounting,707
ACCTG 708,Fraud Auditing and Forensic Accounting,ACCTG,Accounting,708
ACCTG 709,Sustainability Accounting Research,ACCTG,Accounting,709
ACCTG 711,Financial Accounting Research,ACCTG,Accounting,711
ACCTG 714,Contemporary Auditing Research,ACCTG,Accounting,714
ACCTG 721,Research in Management Control,ACCTG,Accounting,721
ACCTG 722,Research in Revenue and Cost Management,ACCTG,Accounting,722
ACCTG 759,Applied Research Consultancy Project - Level 9,ACCTG,Accounting,759
ACCTG 771,Accounting Information and Capital Markets,ACCTG,Accounting,771
ACCTG 780,Special Topic: Sustainability Accounting and Integrated Reporting,ACCTG,Accounting,780
ACCTG 781,Special Topic: Efficiency and Productivity Measurement,ACCTG,Accounting,781
ACCTG 782,Special Topic,ACCTG,Accounting,782
ACCTG 786,Special Topic,ACCTG,Accounting,786
ACCTG 788,Research Project,ACCTG,Accounting,788
ACCTG 790,Research Project,ACCTG,Accounting,790
ACCTG 791,Dissertation,ACCTG,Accounting,791
ACCTG 791A,Dissertation,ACCTG,Accounting,791A
ACCTG 791B,Dissertation,ACCTG,Accounting,791B
ACCTG 796A,Thesis for MCom,ACCTG,Accounting,796A
ACCTG 796B,Thesis for MCom,ACCTG,Accounting,796B
AEROSPCE 720,Space Dynamics and Missions,AEROSPCE,Aerospace Engineering,720
AEROSPCE 730,Aerospace Systems Design,AEROSPCE,Aerospace Engineering,730
AEROSPCE 740,Aerospace Structures and Mechanisms,AEROSPCE,Aerospace Engineering,740
AEROSPCE 791,Research Project (Aerospace Engineering),AEROSPCE,Aerospace Engineering,791
AEROSPCE 791A,Research Project (Aerospace Engineering),AEROSPCE,Aerospace Engineering,791A
AEROSPCE 791B,Research Project (Aerospace Engineering),AEROSPCE,Aerospace Engineering,791B
AEROSPCE 792A,Thesis (Aerospace Engineering),AEROSPCE,Aerospace Engineering,792A
AEROSPCE 792B,Thesis (Aerospace Engineering),AEROSPCE,Aerospace Engineering,792B
AEROSPCE 793A,Thesis (Aerospace Engineering),AEROSPCE,Aerospace Engineering,793A
AEROSPCE 793B,Thesis (Aerospace Engineering),AEROSPCE,Aerospace Engineering,793B
ANCIENT (749),Themes and Issues in Ancient Culture ** available as of 01/11/2026,ANCIENT,Classical Studs & Ancient Hist,(749)
ANCIENT (750),Sources and Approaches for the Ancient World ** available as of 01/11/2026,ANCIENT,Classical Studs & Ancient Hist,(750)
ANCIENT (751),Ancient Societies in the Mediterranean World ** available as of 01/11/2026,ANCIENT,Classical Studs & Ancient Hist,(751)
ANCIENT 100,Ancient Egyptian History,ANCIENT,Classical Studs & Ancient Hist,100
ANCIENT 102,Ancient Greek History,ANCIENT,Classical Studs & Ancient Hist,102
ANCIENT 103,Roman History,ANCIENT,Classical Studs & Ancient Hist,103
ANCIENT 104,The World of Cleopatra,ANCIENT,Classical Studs & Ancient Hist,104
ANCIENT 110,Classical Mythology,ANCIENT,Classical Studs & Ancient Hist,110
ANCIENT 110G,Classical Mythology,ANCIENT,Classical Studs & Ancient Hist,110G
ANCIENT 130,Love and Death in Greek and Roman Literature,ANCIENT,Classical Studs & Ancient Hist,130
ANCIENT 200,Greek and Roman Epic Poetry,ANCIENT,Classical Studs & Ancient Hist,200
ANCIENT 201,Special Topic,ANCIENT,Classical Studs & Ancient Hist,201
ANCIENT 210,Egyptian Language 1A,ANCIENT,Classical Studs & Ancient Hist,210
ANCIENT 211,Ancient Greek Language 1,ANCIENT,Classical Studs & Ancient Hist,211
ANCIENT 214,Ancient Barbarians and Others,ANCIENT,Classical Studs & Ancient Hist,214
ANCIENT 215,Hellenistic Society,ANCIENT,Classical Studs & Ancient Hist,215
ANCIENT 216,Sex and Power in Greece and Rome,ANCIENT,Classical Studs & Ancient Hist,216
ANCIENT 217,Special Topic,ANCIENT,Classical Studs & Ancient Hist,217
ANCIENT 220,Egyptian Language 1B,ANCIENT,Classical Studs & Ancient Hist,220
ANCIENT 221,Ancient Greek Language 2,ANCIENT,Classical Studs & Ancient Hist,221
ANCIENT 251,Ancient Egyptian Art: Icon and Narrative,ANCIENT,Classical Studs & Ancient Hist,251
ANCIENT 252,Egyptian Religion,ANCIENT,Classical Studs & Ancient Hist,252
ANCIENT 253,Early Egypt,ANCIENT,Classical Studs & Ancient Hist,253
ANCIENT 254,Early Rome,ANCIENT,Classical Studs & Ancient Hist,254
ANCIENT 255,The Later Roman Empire,ANCIENT,Classical Studs & Ancient Hist,255
ANCIENT 256,The Ancient World at War,ANCIENT,Classical Studs & Ancient Hist,256
ANCIENT 260,Roman Revolutions,ANCIENT,Classical Studs & Ancient Hist,260
ANCIENT 280,Art and Society in Ancient Rome,ANCIENT,Classical Studs & Ancient Hist,280
ANCIENT 285,Classical Tragedy,ANCIENT,Classical Studs & Ancient Hist,285
ANCIENT 300,Greek and Roman Epic Poetry,ANCIENT,Classical Studs & Ancient Hist,300
ANCIENT 301,Special Topic,ANCIENT,Classical Studs & Ancient Hist,301
ANCIENT 304,Directed Study,ANCIENT,Classical Studs & Ancient Hist,304
ANCIENT 310,Egyptian Language 2A,ANCIENT,Classical Studs & Ancient Hist,310
ANCIENT 311,Ancient Greek Language: Intermediate,ANCIENT,Classical Studs & Ancient Hist,311
ANCIENT 314,Ancient Barbarians and Others,ANCIENT,Classical Studs & Ancient Hist,314
ANCIENT 315,Hellenistic Society,ANCIENT,Classical Studs & Ancient Hist,315
ANCIENT 316,Sex and Power in Greece and Rome,ANCIENT,Classical Studs & Ancient Hist,316
ANCIENT 317,Special Topic,ANCIENT,Classical Studs & Ancient Hist,317
ANCIENT 321,Ancient Greek Literary Texts,ANCIENT,Classical Studs & Ancient Hist,321
ANCIENT 351,Ancient Egyptian Art: Icon and Narrative,ANCIENT,Classical Studs & Ancient Hist,351
ANCIENT 352,Egyptian Religion,ANCIENT,Classical Studs & Ancient Hist,352
ANCIENT 353,Early Egypt,ANCIENT,Classical Studs & Ancient Hist,353
ANCIENT 354,Early Rome,ANCIENT,Classical Studs & Ancient Hist,354
ANCIENT 355,The Later Roman Empire,ANCIENT,Classical Studs & Ancient Hist,355
ANCIENT 356,The Ancient World at War,ANCIENT,Classical Studs & Ancient Hist,356
ANCIENT 360,Roman Revolutions,ANCIENT,Classical Studs & Ancient Hist,360
ANCIENT 377,Study Abroad (Rome),ANCIENT,Classical Studs & Ancient Hist,377
ANCIENT 378,Study Abroad (Greece),ANCIENT,Classical Studs & Ancient Hist,378
ANCIENT 379,Study Abroad (Egypt),ANCIENT,Classical Studs & Ancient Hist,379
ANCIENT 380,Art and Society in Ancient Rome,ANCIENT,Classical Studs & Ancient Hist,380
ANCIENT 385,Classical Tragedy,ANCIENT,Classical Studs & Ancient Hist,385
ANCIENT 702,Methods and Approaches,ANCIENT,Classical Studs & Ancient Hist,702
ANCIENT 719,Directed Study in Ancient Culture,ANCIENT,Classical Studs & Ancient Hist,719
ANCIENT 719A,Directed Study in Ancient Culture,ANCIENT,Classical Studs & Ancient Hist,719A
ANCIENT 719B,Directed Study in Ancient Culture,ANCIENT,Classical Studs & Ancient Hist,719B
ANCIENT 727,Directed Study in Ancient Culture,ANCIENT,Classical Studs & Ancient Hist,727
ANCIENT 727A,Directed Study in Ancient Culture,ANCIENT,Classical Studs & Ancient Hist,727A
ANCIENT 727B,Directed Study in Ancient Culture,ANCIENT,Classical Studs & Ancient Hist,727B
ANCIENT 728,Directed Study in Ancient Culture,ANCIENT,Classical Studs & Ancient Hist,728
ANCIENT 728A,Directed Study in Ancient Culture,ANCIENT,Classical Studs & Ancient Hist,728A
ANCIENT 728B,Directed Study in Ancient Culture,ANCIENT,Classical Studs & Ancient Hist,728B
ANCIENT 729,Egyptian Language (Higher),ANCIENT,Classical Studs & Ancient Hist,729
ANCIENT 729A,Egyptian Language (Higher),ANCIENT,Classical Studs & Ancient Hist,729A
ANCIENT 729B,Egyptian Language (Higher),ANCIENT,Classical Studs & Ancient Hist,729B
ANCIENT 739,Greek Language (Higher),ANCIENT,Classical Studs & Ancient Hist,739
ANCIENT 739A,Greek Language (Higher),ANCIENT,Classical Studs & Ancient Hist,739A
ANCIENT 739B,Greek Language (Higher),ANCIENT,Classical Studs & Ancient Hist,739B
ANCIENT 741,Latin Language (Higher),ANCIENT,Classical Studs & Ancient Hist,741
ANCIENT 741A,Latin Language (Higher),ANCIENT,Classical Studs & Ancient Hist,741A
ANCIENT 741B,Latin Language (Higher),ANCIENT,Classical Studs & Ancient Hist,741B
ANCIENT 742,Greek Language (Higher II),ANCIENT,Classical Studs & Ancient Hist,742
ANCIENT 742A,Greek Language (Higher II),ANCIENT,Classical Studs & Ancient Hist,742A
ANCIENT 742B,Greek Language (Higher II),ANCIENT,Classical Studs & Ancient Hist,742B
ANCIENT 743,Latin Language (Higher II),ANCIENT,Classical Studs & Ancient Hist,743
ANCIENT 743A,Latin Language (Higher II),ANCIENT,Classical Studs & Ancient Hist,743A
ANCIENT 743B,Latin Language (Higher II),ANCIENT,Classical Studs & Ancient Hist,743B
ANCIENT 744,Greek Language (Higher III),ANCIENT,Classical Studs & Ancient Hist,744
ANCIENT 744A,Greek Language (Higher III),ANCIENT,Classical Studs & Ancient Hist,744A
ANCIENT 744B,Greek Language (Higher III),ANCIENT,Classical Studs & Ancient Hist,744B
ANCIENT 745,Latin Language (Higher III),ANCIENT,Classical Studs & Ancient Hist,745
ANCIENT 745A,Latin Language (Higher III),ANCIENT,Classical Studs & Ancient Hist,745A
ANCIENT 745B,Latin Language (Higher III),ANCIENT,Classical Studs & Ancient Hist,745B
ANCIENT 749A,Themes and Issues in Ancient Culture,ANCIENT,Classical Studs & Ancient Hist,749A
ANCIENT 749B,Themes and Issues in Ancient Culture,ANCIENT,Classical Studs & Ancient Hist,749B
ANCIENT 750A,Sources and Approaches for the Ancient World,ANCIENT,Classical Studs & Ancient Hist,750A
ANCIENT 750B,Sources and Approaches for the Ancient World,ANCIENT,Classical Studs & Ancient Hist,750B
ANCIENT 751A,Ancient Societies in the Mediterranean World,ANCIENT,Classical Studs & Ancient Hist,751A
ANCIENT 751B,Ancient Societies in the Mediterranean World,ANCIENT,Classical Studs & Ancient Hist,751B
ANCIENT 756,Research Project - Level 9,ANCIENT,Classical Studs & Ancient Hist,756
ANCIENT 792,Dissertation,ANCIENT,Classical Studs & Ancient Hist,792
ANCIENT 792A,Dissertation,ANCIENT,Classical Studs & Ancient Hist,792A
ANCIENT 792B,Dissertation,ANCIENT,Classical Studs & Ancient Hist,792B
ANCIENT 794A,Thesis,ANCIENT,Classical Studs & Ancient Hist,794A
ANCIENT 794B,Thesis,ANCIENT,Classical Studs & Ancient Hist,794B
ANCIENT 796A,Thesis,ANCIENT,Classical Studs & Ancient Hist,796A
ANCIENT 796B,Thesis,ANCIENT,Classical Studs & Ancient Hist,796B
ANCIENT 797A,Research Portfolio,ANCIENT,Classical Studs & Ancient Hist,797A
ANCIENT 797B,Research Portfolio,ANCIENT,Classical Studs & Ancient Hist,797B
ANTHRO (208),Medical Anthropology ** available as of 01/01/2027,ANTHRO,Anthropology,(208)
ANTHRO (352),Special Topic: Shared World: Humans and Animals ** available as of 01/01/2027,ANTHRO,Anthropology,(352)
ANTHRO (372),Medical Anthropology ** available as of 01/01/2027,ANTHRO,Anthropology,(372)
ANTHRO (762),Biological Anthropology Theory ** available as of 01/01/2027,ANTHRO,Anthropology,(762)
ANTHRO 108,Being Human,ANTHRO,Anthropology,108
ANTHRO 110,Culture and Creativity,ANTHRO,Anthropology,110
ANTHRO 200,Archaeology: Understanding the Past,ANTHRO,Anthropology,200
ANTHRO 201,Human Evolution,ANTHRO,Anthropology,201
ANTHRO 202,Music and Identity in World Music Cultures,ANTHRO,Anthropology,202
ANTHRO 205,"Primate Behaviour, Ecology and Conservation",ANTHRO,Anthropology,205
ANTHRO 206,Origins of Civilisation,ANTHRO,Anthropology,206
ANTHRO 207,Archaeological History of Aotearoa New Zealand,ANTHRO,Anthropology,207
ANTHRO 208,Biosocial Medical Anthropology,ANTHRO,Anthropology,208
ANTHRO 212,Ethnographic Film and Photography,ANTHRO,Anthropology,212
ANTHRO 213,Questioning Race and Racism,ANTHRO,Anthropology,213
ANTHRO 217,"Rhythm, Blues and Rock",ANTHRO,Anthropology,217
ANTHRO 226,Imperialism and Immigration in the Americas,ANTHRO,Anthropology,226
ANTHRO 227,Future Generations Anthropology,ANTHRO,Anthropology,227
ANTHRO 228,Thinking Like a Social Anthropologist,ANTHRO,Anthropology,228
ANTHRO 234,Popular Musics of the Pacific,ANTHRO,Anthropology,234
ANTHRO 235,The Anthropology of Human Remains,ANTHRO,Anthropology,235
ANTHRO 236,Special Topic,ANTHRO,Anthropology,236
ANTHRO 237,Economy and Culture,ANTHRO,Anthropology,237
ANTHRO 241,Anthropology of the Body,ANTHRO,Anthropology,241
ANTHRO 248,Special Topic,ANTHRO,Anthropology,248
ANTHRO 250,World-view and Religion,ANTHRO,Anthropology,250
ANTHRO 252,Global Heritage Management,ANTHRO,Anthropology,252
ANTHRO 278,Indigenous Food Security,ANTHRO,Anthropology,278
ANTHRO 301,Contemporary Research in Music and Culture,ANTHRO,Anthropology,301
ANTHRO 306,Pacific Archaeology,ANTHRO,Anthropology,306
ANTHRO 317,Field Methods in Archaeology,ANTHRO,Anthropology,317
ANTHRO 319,World-view and Religion,ANTHRO,Anthropology,319
ANTHRO 321,Equality and Inequality,ANTHRO,Anthropology,321
ANTHRO 329,"Music of East Asia: Tradition, Modernity and Globalisation",ANTHRO,Anthropology,329
ANTHRO 337,"Birth, Death, and Disease: Anthropological Demography",ANTHRO,Anthropology,337
ANTHRO 340,Heritage Conservation in Aotearoa,ANTHRO,Anthropology,340
ANTHRO 345,Directed Study in Anthropology,ANTHRO,Anthropology,345
ANTHRO 348,Perspectives on Human Growth,ANTHRO,Anthropology,348
ANTHRO 349,"Primate Behaviour, Ecology and Conservation",ANTHRO,Anthropology,349
ANTHRO 351,Special Topic,ANTHRO,Anthropology,351
ANTHRO 352,Special Topic: Applied Anthropology,ANTHRO,Anthropology,352
ANTHRO 353,Archaeology in Practice,ANTHRO,Anthropology,353
ANTHRO 354,Anthropology of the Body,ANTHRO,Anthropology,354
ANTHRO 357,"Gender, Sexuality and Popular Music",ANTHRO,Anthropology,357
ANTHRO 360,Special Topic,ANTHRO,Anthropology,360
ANTHRO 366,"Medicine, Power and Politics",ANTHRO,Anthropology,366
ANTHRO 367,The Anthropology of Human Remains,ANTHRO,Anthropology,367
ANTHRO 370,Special Topic,ANTHRO,Anthropology,370
ANTHRO 372,Biosocial Medical Anthropology,ANTHRO,Anthropology,372
ANTHRO 373,Anthropological Images,ANTHRO,Anthropology,373
ANTHRO 374,Economy and Culture,ANTHRO,Anthropology,374
ANTHRO 377,Whiteness in the Settler State,ANTHRO,Anthropology,377
ANTHRO 378,Indigenous Food Security,ANTHRO,Anthropology,378
ANTHRO 379,Anthropology of Development,ANTHRO,Anthropology,379
ANTHRO 399,Capstone: Anthropological Science,ANTHRO,Anthropology,399
ANTHRO 708A,Cultural Resource Management in Archaeology,ANTHRO,Anthropology,708A
ANTHRO 708B,Cultural Resource Management in Archaeology,ANTHRO,Anthropology,708B
ANTHRO 709,Applying Anthropology,ANTHRO,Anthropology,709
ANTHRO 713,Special Topic in Biological Anthropology,ANTHRO,Anthropology,713
ANTHRO 718A,Interpreting Biocultural Data,ANTHRO,Anthropology,718A
ANTHRO 718B,Interpreting Biocultural Data,ANTHRO,Anthropology,718B
ANTHRO 719,Ethnographic Practice and Design,ANTHRO,Anthropology,719
ANTHRO 719A,Ethnographic Practice and Design,ANTHRO,Anthropology,719A
ANTHRO 719B,Ethnographic Practice and Design,ANTHRO,Anthropology,719B
ANTHRO 724,Special Topic in Social Anthropology,ANTHRO,Anthropology,724
ANTHRO 727,Ethnographies of Music-making,ANTHRO,Anthropology,727
ANTHRO 727A,Ethnographies of Music-making,ANTHRO,Anthropology,727A
ANTHRO 727B,Ethnographies of Music-making,ANTHRO,Anthropology,727B
ANTHRO 728,Topic in Ethnomusicology,ANTHRO,Anthropology,728
ANTHRO 729,Special Studies in Anthropology,ANTHRO,Anthropology,729
ANTHRO 729A,Special Studies in Anthropology,ANTHRO,Anthropology,729A
ANTHRO 729B,Special Studies in Anthropology,ANTHRO,Anthropology,729B
ANTHRO 732,Reading Medical Ethnography,ANTHRO,Anthropology,732
ANTHRO 733,Research in Popular Music Culture,ANTHRO,Anthropology,733
ANTHRO 733A,Research in Popular Music Culture,ANTHRO,Anthropology,733A
ANTHRO 733B,Research in Popular Music Culture,ANTHRO,Anthropology,733B
ANTHRO 735,Special Topic in Anthropology,ANTHRO,Anthropology,735
ANTHRO 736,Special Studies in Anthropology,ANTHRO,Anthropology,736
ANTHRO 736A,Special Studies in Anthropology,ANTHRO,Anthropology,736A
ANTHRO 736B,Special Studies in Anthropology,ANTHRO,Anthropology,736B
ANTHRO 739,Special Studies in Anthropology,ANTHRO,Anthropology,739
ANTHRO 739A,Special Studies in Anthropology,ANTHRO,Anthropology,739A
ANTHRO 739B,Special Studies in Anthropology,ANTHRO,Anthropology,739B
ANTHRO 742,Contact and Colonialism,ANTHRO,Anthropology,742
ANTHRO 746,The Archaeology of the Anthropocene,ANTHRO,Anthropology,746
ANTHRO 747,Research Ethics,ANTHRO,Anthropology,747
ANTHRO 748,Human Osteology,ANTHRO,Anthropology,748
ANTHRO 749,Advanced Primatology,ANTHRO,Anthropology,749
ANTHRO 753,Ethnographic Research,ANTHRO,Anthropology,753
ANTHRO 758,Special Topic in Archaeology,ANTHRO,Anthropology,758
ANTHRO 759,Kaitiakitanga: Protecting our Planet,ANTHRO,Anthropology,759
ANTHRO 760,Anthropological Theory and the Contemporary World,ANTHRO,Anthropology,760
ANTHRO 762,Theorising Human Evolution,ANTHRO,Anthropology,762
ANTHRO 763,Contemporary Bio-Anthropology,ANTHRO,Anthropology,763
ANTHRO 766,Landscape Archaeology,ANTHRO,Anthropology,766
ANTHRO 767,Special Topic: The Anthropology of Material Culture,ANTHRO,Anthropology,767
ANTHRO 768,Anthropology of Markets,ANTHRO,Anthropology,768
ANTHRO 769,Global Health and Development,ANTHRO,Anthropology,769
ANTHRO 776,Special Topic,ANTHRO,Anthropology,776
ANTHRO 777,Theory in Archaeology,ANTHRO,Anthropology,777
ANTHRO 780,Research Project,ANTHRO,Anthropology,780
ANTHRO 780A,Research Project,ANTHRO,Anthropology,780A
ANTHRO 780B,Research Project,ANTHRO,Anthropology,780B
ANTHRO 782,Research Essay,ANTHRO,Anthropology,782
ANTHRO 790,Dissertation in Anthropology,ANTHRO,Anthropology,790
ANTHRO 790A,Dissertation in Anthropology,ANTHRO,Anthropology,790A
ANTHRO 790B,Dissertation in Anthropology,ANTHRO,Anthropology,790B
ANTHRO 792,Dissertation in Anthropology,ANTHRO,Anthropology,792
ANTHRO 792A,Dissertation in Anthropology,ANTHRO,Anthropology,792A
ANTHRO 792B,Dissertation in Anthropology,ANTHRO,Anthropology,792B
ANTHRO 796A,Thesis,ANTHRO,Anthropology,796A
ANTHRO 796B,Thesis,ANTHRO,Anthropology,796B
ANTHRO 797A,Research Portfolio,ANTHRO,Anthropology,797A
ANTHRO 797B,Research Portfolio,ANTHRO,Anthropology,797B
ARCHDES 102,Design 1,ARCHDES,Architectural Design,102
ARCHDES 103,Design 2,ARCHDES,Architectural Design,103
ARCHDES 200,Design 3,ARCHDES,Architectural Design,200
ARCHDES 201,Design 4,ARCHDES,Architectural Design,201
ARCHDES 300,Design 5,ARCHDES,Architectural Design,300
ARCHDES 301,Design 6,ARCHDES,Architectural Design,301
ARCHDES 302,Directed Study,ARCHDES,Architectural Design,302
ARCHDES 700,Advanced Design 1,ARCHDES,Architectural Design,700
ARCHDES 701,Advanced Design 2,ARCHDES,Architectural Design,701
ARCHDES 702,Adaptive Reuse,ARCHDES,Architectural Design,702
ARCHDES 703,Advanced Design in Housing,ARCHDES,Architectural Design,703
ARCHDES 796A,Thesis,ARCHDES,Architectural Design,796A
ARCHDES 796B,Thesis,ARCHDES,Architectural Design,796B
ARCHDES 797A,Thesis,ARCHDES,Architectural Design,797A
ARCHDES 797B,Thesis,ARCHDES,Architectural Design,797B
ARCHDRC 104,Architectural Media 2,ARCHDRC,Architectural Media& Fabricatn,104
ARCHDRC 203,Architectural Media 3,ARCHDRC,Architectural Media& Fabricatn,203
ARCHDRC 700,Advanced Digital Fabrication,ARCHDRC,Architectural Media& Fabricatn,700
ARCHDRC 701,Timber Fabrication,ARCHDRC,Architectural Media& Fabricatn,701
ARCHDRC 702,Special Topic: Architectural Drawing,ARCHDRC,Architectural Media& Fabricatn,702
ARCHDRC 703,Special Topic,ARCHDRC,Architectural Media& Fabricatn,703
ARCHDRC 704,Digital Reconstruction of Buildings,ARCHDRC,Architectural Media& Fabricatn,704
ARCHGEN 702,Research Process,ARCHGEN,Architecture General,702
ARCHGEN 703,Design as Research,ARCHGEN,Architecture General,703
ARCHGEN 704,Directed Study,ARCHGEN,Architecture General,704
ARCHGEN 711,Special Topic,ARCHGEN,Architecture General,711
ARCHGEN 712,Special Topic,ARCHGEN,Architecture General,712
ARCHGEN 713,Special Topic,ARCHGEN,Architecture General,713
ARCHGEN 714,Special Topic,ARCHGEN,Architecture General,714
ARCHGEN 715,Special Topic,ARCHGEN,Architecture General,715
ARCHGEN 733,Public Urban Space in the Contemporary City,ARCHGEN,Architecture General,733
ARCHGEN 744,Special Topic,ARCHGEN,Architecture General,744
ARCHGEN 750,Heritage Processes,ARCHGEN,Architecture General,750
ARCHGEN 751,Heritage Assessment and Conservation Planning,ARCHGEN,Architecture General,751
ARCHGEN 752,Conservation of Materials,ARCHGEN,Architecture General,752
ARCHGEN 753,Diagnosis and Adaptation,ARCHGEN,Architecture General,753
ARCHGEN 754,Research Project,ARCHGEN,Architecture General,754
ARCHGEN 790,Research Project,ARCHGEN,Architecture General,790
ARCHGEN 790A,Research Project,ARCHGEN,Architecture General,790A
ARCHGEN 790B,Research Project,ARCHGEN,Architecture General,790B
ARCHGEN 793A,Thesis,ARCHGEN,Architecture General,793A
ARCHGEN 793B,Thesis,ARCHGEN,Architecture General,793B
ARCHGEN 795A,Thesis,ARCHGEN,Architecture General,795A
ARCHGEN 795B,Thesis,ARCHGEN,Architecture General,795B
ARCHGEN 799,Research Report,ARCHGEN,Architecture General,799
ARCHGEN 799A,Research Report,ARCHGEN,Architecture General,799A
ARCHGEN 799B,Research Report,ARCHGEN,Architecture General,799B
ARCHHTC 102,Modern Architecture and Urbanism,ARCHHTC,"Architectural History, Theory",102
ARCHHTC 237,Postmodern and Contemporary Architecture and Urbanism,ARCHHTC,"Architectural History, Theory",237
ARCHHTC 341,Premodern Architecture and Urbanism,ARCHHTC,"Architectural History, Theory",341
ARCHHTC 376,Directed Study,ARCHHTC,"Architectural History, Theory",376
ARCHHTC 700,Pacific Architecture,ARCHHTC,"Architectural History, Theory",700
ARCHHTC 701,Architecture and Political Philosophy,ARCHHTC,"Architectural History, Theory",701
ARCHHTC 702,History of Housing in Aotearoa New Zealand,ARCHHTC,"Architectural History, Theory",702
ARCHHTC 704,Special Topic,ARCHHTC,"Architectural History, Theory",704
ARCHPRM 305,Project Management,ARCHPRM,Architectural Professional Stu,305
ARCHPRM 700,Project Management,ARCHPRM,Architectural Professional Stu,700
ARCHPRM 701,Practice Management,ARCHPRM,Architectural Professional Stu,701
ARCHPRM 702,Architectural Project Management,ARCHPRM,Architectural Professional Stu,702
ARCHPRM 703,Transnational Professional Practice,ARCHPRM,Architectural Professional Stu,703
ARCHPRM 704,Special Topic,ARCHPRM,Architectural Professional Stu,704
ARCHPRM 705,Special Topic,ARCHPRM,Architectural Professional Stu,705
ARCHTECH 207,Design Technology 1,ARCHTECH,Architectural Tech & Sustainab,207
ARCHTECH 210,Environmental Design 1,ARCHTECH,Architectural Tech & Sustainab,210
ARCHTECH 314,Environmental Design 2,ARCHTECH,Architectural Tech & Sustainab,314
ARCHTECH 315,Design Technology 2,ARCHTECH,Architectural Tech & Sustainab,315
ARCHTECH 706,Building Materials and Technologies,ARCHTECH,Architectural Tech & Sustainab,706
ARCHTECH 707,Designing with Resilience Thinking,ARCHTECH,Architectural Tech & Sustainab,707
ARCHTECH 708,Advanced Building Technologies,ARCHTECH,Architectural Tech & Sustainab,708
ARCHTECH 709,Sustainable and Healthy Housing,ARCHTECH,Architectural Tech & Sustainab,709
ARCHTECH 710,Special Topic,ARCHTECH,Architectural Tech & Sustainab,710
ARTHIST 114,Understanding Art: Leonardo to Warhol,ARTHIST,Art History,114
ARTHIST 115,Global Art Histories,ARTHIST,Art History,115
ARTHIST 201,Art and Revolution 1750-1850,ARTHIST,Art History,201
ARTHIST 204,Ways of Seeing Contemporary Art,ARTHIST,Art History,204
ARTHIST 210,Modernism and Design,ARTHIST,Art History,210
ARTHIST 217,"Pacific Perspectives: Art, Identity and Social Change",ARTHIST,Art History,217
ARTHIST 224,Power and Piety: the Baroque,ARTHIST,Art History,224
ARTHIST 225,Imaging the Renaissance,ARTHIST,Art History,225
ARTHIST 230,Art Crime,ARTHIST,Art History,230
ARTHIST 231,Framing the Viewer: 20th Century Art,ARTHIST,Art History,231
ARTHIST 233,The Art of Gender Politics,ARTHIST,Art History,233
ARTHIST 235,Contemporary Art in Aotearoa NZ,ARTHIST,Art History,235
ARTHIST 236,Artists and Patrons in Renaissance Italy,ARTHIST,Art History,236
ARTHIST 238,Māori Art History: Mana Taonga,ARTHIST,Art History,238
ARTHIST 245,The Art of Majesty: Tudors and Stuarts,ARTHIST,Art History,245
ARTHIST 246,Global History of Photography,ARTHIST,Art History,246
ARTHIST 247,Special Topic,ARTHIST,Art History,247
ARTHIST 248,Special Topic: Who am I?: Photography and the Construction of Identity,ARTHIST,Art History,248
ARTHIST 249,Special Topic: Art and Fashion,ARTHIST,Art History,249
ARTHIST 310,Modernism and Design,ARTHIST,Art History,310
ARTHIST 317,"Pacific Perspectives: Art, Identity and Social Change",ARTHIST,Art History,317
ARTHIST 321,Art and Revolution 1750-1850,ARTHIST,Art History,321
ARTHIST 324,Power and Piety: The Baroque,ARTHIST,Art History,324
ARTHIST 325,Imaging the Renaissance,ARTHIST,Art History,325
ARTHIST 329,Special Topic: Exploring New Zealand Art in Collections,ARTHIST,Art History,329
ARTHIST 331,Framing the Viewer: 20th Century Art,ARTHIST,Art History,331
ARTHIST 332,Art Crime,ARTHIST,Art History,332
ARTHIST 333,The Art of Gender Politics,ARTHIST,Art History,333
ARTHIST 334,Ways of Seeing Contemporary Art,ARTHIST,Art History,334
ARTHIST 335,Contemporary Art in Aotearoa NZ,ARTHIST,Art History,335
ARTHIST 336,Artists and Patrons in Renaissance Italy,ARTHIST,Art History,336
ARTHIST 338,Māori Art History: Mana Taonga,ARTHIST,Art History,338
ARTHIST 345,The Art of Majesty: Tudors and Stuarts,ARTHIST,Art History,345
ARTHIST 346,Global History of Photography,ARTHIST,Art History,346
ARTHIST 348,Special Topic: Who am I?: Photography and the Construction of Identity,ARTHIST,Art History,348
ARTHIST 349,Special Topic: Art and Fashion,ARTHIST,Art History,349
ARTHIST 700,"Participation, Collaboration, and Photography",ARTHIST,Art History,700
ARTHIST 700A,"Participation, Collaboration, and Photography",ARTHIST,Art History,700A
ARTHIST 700B,"Participation, Collaboration, and Photography",ARTHIST,Art History,700B
ARTHIST 701,Art for the City and the Court,ARTHIST,Art History,701
ARTHIST 701A,Art for the City and the Court,ARTHIST,Art History,701A
ARTHIST 701B,Art for the City and the Court,ARTHIST,Art History,701B
ARTHIST 715,Special Topic,ARTHIST,Art History,715
ARTHIST 722,Rembrandt and the Dutch Golden Age,ARTHIST,Art History,722
ARTHIST 722A,Rembrandt and the Dutch Golden Age,ARTHIST,Art History,722A
ARTHIST 722B,Rembrandt and the Dutch Golden Age,ARTHIST,Art History,722B
ARTHIST 725,Concepts in Contemporary Art,ARTHIST,Art History,725
ARTHIST 725A,Concepts in Contemporary Art,ARTHIST,Art History,725A
ARTHIST 725B,Concepts in Contemporary Art,ARTHIST,Art History,725B
ARTHIST 726,Special Study,ARTHIST,Art History,726
ARTHIST 727,Art in Context: Study Abroad,ARTHIST,Art History,727
ARTHIST 728,Special Topic,ARTHIST,Art History,728
ARTHIST 728A,Special Topic,ARTHIST,Art History,728A
ARTHIST 728B,Special Topic,ARTHIST,Art History,728B
ARTHIST 730,Exploring Pacific Art,ARTHIST,Art History,730
ARTHIST 730A,Exploring Pacific Art,ARTHIST,Art History,730A
ARTHIST 730B,Exploring Pacific Art,ARTHIST,Art History,730B
ARTHIST 731,Sites of Resistance,ARTHIST,Art History,731
ARTHIST 732,Topics in Pacific Art and Visual Culture,ARTHIST,Art History,732
ARTHIST 733,Special Topic,ARTHIST,Art History,733
ARTHIST 734,Art Writing and Curatorial Practice,ARTHIST,Art History,734
ARTHIST 734A,Art Writing and Curatorial Practice,ARTHIST,Art History,734A
ARTHIST 734B,Art Writing and Curatorial Practice,ARTHIST,Art History,734B
ARTHIST 737,Special Topic,ARTHIST,Art History,737
ARTHIST 738,Special Topic,ARTHIST,Art History,738
ARTHIST 738A,Special Topic,ARTHIST,Art History,738A
ARTHIST 738B,Special Topic,ARTHIST,Art History,738B
ARTHIST 790,Research Project,ARTHIST,Art History,790
ARTHIST 790A,Research Project,ARTHIST,Art History,790A
ARTHIST 790B,Research Project,ARTHIST,Art History,790B
ARTHIST 791,Dissertation,ARTHIST,Art History,791
ARTHIST 791A,Dissertation,ARTHIST,Art History,791A
ARTHIST 791B,Dissertation,ARTHIST,Art History,791B
ARTHIST 792,Dissertation,ARTHIST,Art History,792
ARTHIST 792A,Dissertation,ARTHIST,Art History,792A
ARTHIST 792B,Dissertation,ARTHIST,Art History,792B
ARTHIST 793,Research Essay,ARTHIST,Art History,793
ARTHIST 793A,Research Essay,ARTHIST,Art History,793A
ARTHIST 793B,Research Essay,ARTHIST,Art History,793B
ARTHIST 795A,Research Portfolio,ARTHIST,Art History,795A
ARTHIST 795B,Research Portfolio,ARTHIST,Art History,795B
ARTHIST 796A,Thesis,ARTHIST,Art History,796A
ARTHIST 796B,Thesis,ARTHIST,Art History,796B
ARTSCHOL 100A,Arts Scholars 1,ARTSCHOL,Arts Scholars,100A
ARTSCHOL 100B,Arts Scholars 1,ARTSCHOL,Arts Scholars,100B
ARTSCHOL 200A,Arts Scholars 2,ARTSCHOL,Arts Scholars,200A
ARTSCHOL 200B,Arts Scholars 2,ARTSCHOL,Arts Scholars,200B
ARTSCHOL 300A,Arts Scholars 3,ARTSCHOL,Arts Scholars,300A
ARTSCHOL 300B,Arts Scholars 3,ARTSCHOL,Arts Scholars,300B
ARTSGEN 103,Ko Wai Tātou? Who Are We?,ARTSGEN,Arts General,103
ARTSGEN 104,Te Pārekereke,ARTSGEN,Arts General,104
ARTSGEN 300,Directed Study,ARTSGEN,Arts General,300
ARTSGEN 740,Research Essay,ARTSGEN,Arts General,740
ARTSGEN 740A,Research Essay,ARTSGEN,Arts General,740A
ARTSGEN 740B,Research Essay,ARTSGEN,Arts General,740B
ARTSGEN 777,Special Language Studies 1,ARTSGEN,Arts General,777
ARTSGEN 778,Special Language Studies 2,ARTSGEN,Arts General,778
ARTSGEN 780,Research Essay,ARTSGEN,Arts General,780
ARTSGEN 780A,Research Essay,ARTSGEN,Arts General,780A
ARTSGEN 780B,Research Essay,ARTSGEN,Arts General,780B
ARTSGEN 792,Dissertation,ARTSGEN,Arts General,792
ARTSGEN 792A,Dissertation,ARTSGEN,Arts General,792A
ARTSGEN 792B,Dissertation,ARTSGEN,Arts General,792B
ARTSGEN 794A,Thesis,ARTSGEN,Arts General,794A
ARTSGEN 794B,Thesis,ARTSGEN,Arts General,794B
ARTSGEN 796A,Thesis,ARTSGEN,Arts General,796A
ARTSGEN 796B,Thesis,ARTSGEN,Arts General,796B
ARTSGEN 797A,Research Portfolio,ARTSGEN,Arts General,797A
ARTSGEN 797B,Research Portfolio,ARTSGEN,Arts General,797B
ARTSGEN 92F,Introduction to Arts and Humanities,ARTSGEN,Arts General,92F
ASIAN 100,Images of Asia,ASIAN,Asian Studies,100
ASIAN 140,New Zealand and Asia,ASIAN,Asian Studies,140
ASIAN 200,Asian Identities,ASIAN,Asian Studies,200
ASIAN 202,Special Topic,ASIAN,Asian Studies,202
ASIAN 203,Special Topic,ASIAN,Asian Studies,203
ASIAN 204,Asian Diasporas,ASIAN,Asian Studies,204
ASIAN 209,Transnational Asia: Korea and its Neighbours,ASIAN,Asian Studies,209
ASIAN 300,Special Study,ASIAN,Asian Studies,300
ASIAN 302,Asian Diasporas,ASIAN,Asian Studies,302
ASIAN 303,Asian Identities,ASIAN,Asian Studies,303
ASIAN 304,Special Topic,ASIAN,Asian Studies,304
ASIAN 309,Transnational Asia: Korea and its Neighbours,ASIAN,Asian Studies,309
ASIAN 702,Approaches to Research in Asian Studies,ASIAN,Asian Studies,702
ASIAN 708,Religion in Modern Japanese Society,ASIAN,Asian Studies,708
ASIAN 710,Translation Project,ASIAN,Asian Studies,710
ASIAN 711,Research Project in Translation,ASIAN,Asian Studies,711
ASIAN 712,Dissertation on Translation,ASIAN,Asian Studies,712
ASIAN 752,A Course-linked Research Topic,ASIAN,Asian Studies,752
ASIAN 754,Special Topic,ASIAN,Asian Studies,754
ASIAN 755,Directed Study,ASIAN,Asian Studies,755
ASIAN 756,Directed Study,ASIAN,Asian Studies,756
ASIAN 757,Research Essay,ASIAN,Asian Studies,757
ASIAN 758,Research Essay,ASIAN,Asian Studies,758
ASIAN 758A,Research Essay,ASIAN,Asian Studies,758A
ASIAN 758B,Research Essay,ASIAN,Asian Studies,758B
ASIAN 759,Research Essay,ASIAN,Asian Studies,759
ASIAN 780,Research Project,ASIAN,Asian Studies,780
ASIAN 780A,Research Project,ASIAN,Asian Studies,780A
ASIAN 780B,Research Project,ASIAN,Asian Studies,780B
ASIAN 791,Dissertation,ASIAN,Asian Studies,791
ASIAN 791A,Dissertation,ASIAN,Asian Studies,791A
ASIAN 791B,Dissertation,ASIAN,Asian Studies,791B
ASIAN 792A,Dissertation,ASIAN,Asian Studies,792A
ASIAN 792B,Dissertation,ASIAN,Asian Studies,792B
ASIAN 793A,Thesis,ASIAN,Asian Studies,793A
ASIAN 793B,Thesis,ASIAN,Asian Studies,793B
ASIAN 796A,Thesis,ASIAN,Asian Studies,796A
ASIAN 796B,Thesis,ASIAN,Asian Studies,796B
ASIAN 797A,Research Portfolio,ASIAN,Asian Studies,797A
ASIAN 797B,Research Portfolio,ASIAN,Asian Studies,797B
ASTRO 100,"Planets, Stars and Galaxies",ASTRO,Astrosciences,100
ASTRO 100G,"Planets, Stars and Galaxies",ASTRO,Astrosciences,100G
ASTRO 110,Introduction to Rocket Science,ASTRO,Astrosciences,110
ASTRO 200,Astrobiology,ASTRO,Astrosciences,200
ASTRO 200G,Astrobiology,ASTRO,Astrosciences,200G
ASTRO 720,Planetary Science,ASTRO,Astrosciences,720
AUDIOL (701),"Sound, Sensation and Perception ** available as of 01/01/2027",AUDIOL,Audiology,(701)
AUDIOL (702),Foundations of Diagnostic Audiology ** available as of 01/01/2027,AUDIOL,Audiology,(702)
AUDIOL (704),Neuroaudiology and Advanced Diagnostics ** available as of 01/01/2027,AUDIOL,Audiology,(704)
AUDIOL (706),"Hearing, Balance and Communities ** available as of 01/11/2026",AUDIOL,Audiology,(706)
AUDIOL (713),Medical Audiology ** available as of 01/01/2027,AUDIOL,Audiology,(713)
AUDIOL (714),Auditory Rehabilitation ** available as of 01/01/2027,AUDIOL,Audiology,(714)
AUDIOL 701,Auditory Neuroscience,AUDIOL,Audiology,701
AUDIOL 702,Basic Diagnostic Audiology,AUDIOL,Audiology,702
AUDIOL 704,Central Auditory Function,AUDIOL,Audiology,704
AUDIOL 713,Clinical Otolaryngology and Related Sciences,AUDIOL,Audiology,713
AUDIOL 714,Hearing Aids and Other Devices for the Hearing Impaired,AUDIOL,Audiology,714
AUDIOL 715,Physics and Acoustics for Audiology,AUDIOL,Audiology,715
AUDIOL 716A,Clinical Practicum I,AUDIOL,Audiology,716A
AUDIOL 716B,Clinical Practicum I,AUDIOL,Audiology,716B
AUDIOL 718A,Clinical Practicum II,AUDIOL,Audiology,718A
AUDIOL 718B,Clinical Practicum II,AUDIOL,Audiology,718B
AUDIOL 796A,Thesis,AUDIOL,Audiology,796A
AUDIOL 796B,Thesis,AUDIOL,Audiology,796B
BIOENG 721,Physics of Physiology,BIOENG,Bioengineering,721
BIOENG 741,The Bioengineering Toolbox,BIOENG,Bioengineering,741
BIOENG 789,Bioengineering Research Project,BIOENG,Bioengineering,789
BIOENG 796A,ME Thesis (Bioengineering),BIOENG,Bioengineering,796A
BIOENG 796B,ME Thesis (Bioengineering),BIOENG,Bioengineering,796B
BIOINF 789A,Dissertation,BIOINF,Bioinformatics,789A
BIOINF 789B,Dissertation,BIOINF,Bioinformatics,789B
BIOINF 796A,MSc Thesis in Bioinformatics,BIOINF,Bioinformatics,796A
BIOINF 796B,MSc Thesis in Bioinformatics,BIOINF,Bioinformatics,796B
BIOMED (101),Biomedical Beginnings ** available as of 01/11/2026,BIOMED,Biomedical Science,(101)
BIOMED (201),Energy Metabolism and Disease ** available as of 01/11/2026,BIOMED,Biomedical Science,(201)
BIOMED (202),Body in Balance ** available as of 01/11/2026,BIOMED,Biomedical Science,(202)
BIOMED (203),Genes and Development ** available as of 01/11/2026,BIOMED,Biomedical Science,(203)
BIOMED (204),Infection and Immunity ** available as of 01/11/2026,BIOMED,Biomedical Science,(204)
BIOMED (205),Integrated View of Disease ** available as of 01/11/2026,BIOMED,Biomedical Science,(205)
BIOMED (301),Data-Driven Discovery ** available as of 01/11/2026,BIOMED,Biomedical Science,(301)
BIOMED (302),Diagnosis to Intervention ** available as of 01/11/2026,BIOMED,Biomedical Science,(302)
BIOMED (303),Bench to Bedside ** available as of 01/11/2026,BIOMED,Biomedical Science,(303)
BIOMED (398),Biomedical Futures ** available as of 01/11/2026,BIOMED,Biomedical Science,(398)
BIOMED 399,Capstone: Biomedical Science,BIOMED,Biomedical Science,399
BIOMENG 221,Mechanics of Engineered and Biological Materials,BIOMENG,Biomedical Engineering,221
BIOMENG 241,Instrumentation and Design,BIOMENG,Biomedical Engineering,241
BIOMENG 261,Tissue and Biomolecular Engineering,BIOMENG,Biomedical Engineering,261
BIOMENG 299,Workshop Practice,BIOMENG,Biomedical Engineering,299
BIOMENG 321,Continuum Modelling in Bioengineering,BIOMENG,Biomedical Engineering,321
BIOMENG 341,Bioinstrumentation and Design,BIOMENG,Biomedical Engineering,341
BIOMENG 771,Musculoskeletal and Orthopaedic Biomechanics,BIOMENG,Biomedical Engineering,771
BIOMENG 791,Advanced Biomedical Engineering Design,BIOMENG,Biomedical Engineering,791
BIOMENG 792,Special Topic,BIOMENG,Biomedical Engineering,792
BIOMENG 793,Special Topic,BIOMENG,Biomedical Engineering,793
BIOMENG 794,Special Topic,BIOMENG,Biomedical Engineering,794
BIOSCI (358),Nutrition Science ** available as of 01/01/2027,BIOSCI,Biological Sciences,(358)
BIOSCI 100,Antarctica: The Frozen Continent,BIOSCI,Biological Sciences,100
BIOSCI 100G,Antarctica: The Frozen Continent,BIOSCI,Biological Sciences,100G
BIOSCI 101,Life! Origins and Mechanisms,BIOSCI,Biological Sciences,101
BIOSCI 106,Molecules of Life,BIOSCI,Biological Sciences,106
BIOSCI 107,Biology for Biomedical Science: Cellular Processes,BIOSCI,Biological Sciences,107
BIOSCI 108,Biodiversity: Patterns of Life,BIOSCI,Biological Sciences,108
BIOSCI 109,Ecology and Evolution: The Continuum of Life,BIOSCI,Biological Sciences,109
BIOSCI 201,Cellular and Molecular Biology,BIOSCI,Biological Sciences,201
BIOSCI 202,Genetics,BIOSCI,Biological Sciences,202
BIOSCI 203,Biochemistry,BIOSCI,Biological Sciences,203
BIOSCI 204,Principles of Microbiology,BIOSCI,Biological Sciences,204
BIOSCI 205,"Plant, Cell and Environment",BIOSCI,Biological Sciences,205
BIOSCI 206,Principles of Ecology,BIOSCI,Biological Sciences,206
BIOSCI 207,Adaptive Form and Function,BIOSCI,Biological Sciences,207
BIOSCI 208,Invertebrate Diversity,BIOSCI,Biological Sciences,208
BIOSCI 210,Evolution and the Origin of Life,BIOSCI,Biological Sciences,210
BIOSCI 220,Quantitative Biology,BIOSCI,Biological Sciences,220
BIOSCI 300,Directed Study,BIOSCI,Biological Sciences,300
BIOSCI 322,"Evolution of Genes, Populations and Species",BIOSCI,Biological Sciences,322
BIOSCI 324,Plant Pathology and Symbiosis,BIOSCI,Biological Sciences,324
BIOSCI 325,Plant Diversity and Function,BIOSCI,Biological Sciences,325
BIOSCI 326,Plant Biotechnology for Crops and Health,BIOSCI,Biological Sciences,326
BIOSCI 333,Marine Ecology and Conservation,BIOSCI,Biological Sciences,333
BIOSCI 334,Biology of Marine Organisms,BIOSCI,Biological Sciences,334
BIOSCI 335,Ecological Physiology,BIOSCI,Biological Sciences,335
BIOSCI 337,Animal Behaviour,BIOSCI,Biological Sciences,337
BIOSCI 338,Biology of Terrestrial Animals,BIOSCI,Biological Sciences,338
BIOSCI 347,Environmental Microbiology and Biotechnology,BIOSCI,Biological Sciences,347
BIOSCI 348,Applied Microbiology,BIOSCI,Biological Sciences,348
BIOSCI 349,Biomedical Microbiology,BIOSCI,Biological Sciences,349
BIOSCI 350,Molecular Bioscience,BIOSCI,Biological Sciences,350
BIOSCI 351,Molecular Genetics,BIOSCI,Biological Sciences,351
BIOSCI 353,Cellular Bioscience,BIOSCI,Biological Sciences,353
BIOSCI 355,Genomics and Genome Biology,BIOSCI,Biological Sciences,355
BIOSCI 356,Developmental Biology and Cancer,BIOSCI,Biological Sciences,356
BIOSCI 358,Nutritional Science,BIOSCI,Biological Sciences,358
BIOSCI 394,Terrestrial Ecology and Conservation,BIOSCI,Biological Sciences,394
BIOSCI 395,Pacific Biogeography and Biodiversity,BIOSCI,Biological Sciences,395
BIOSCI 399,Capstone: Biology: The Science of the 21st Century,BIOSCI,Biological Sciences,399
BIOSCI 700,Phylogenetics,BIOSCI,Biological Sciences,700
BIOSCI 701,Practical Approaches in Genomics,BIOSCI,Biological Sciences,701
BIOSCI 702,Modelling Biological Processes,BIOSCI,Biological Sciences,702
BIOSCI 704,Practical Applications of Cell Analysis - Level 9,BIOSCI,Biological Sciences,704
BIOSCI 724,Marine Ecology,BIOSCI,Biological Sciences,724
BIOSCI 725,Ecological Physiology,BIOSCI,Biological Sciences,725
BIOSCI 729,Evolutionary Biology,BIOSCI,Biological Sciences,729
BIOSCI 730,Entomology,BIOSCI,Biological Sciences,730
BIOSCI 731,Biogeography,BIOSCI,Biological Sciences,731
BIOSCI 733,Molecular Evolution and Conservation Genomics,BIOSCI,Biological Sciences,733
BIOSCI 734,Terrestrial Plant Ecology,BIOSCI,Biological Sciences,734
BIOSCI 735,Advanced Behavioural Ecology,BIOSCI,Biological Sciences,735
BIOSCI 736,Synthetic Biology,BIOSCI,Biological Sciences,736
BIOSCI 737,High Resolution Imaging of Biological Molecules,BIOSCI,Biological Sciences,737
BIOSCI 738,Advanced Biological Data Analysis,BIOSCI,Biological Sciences,738
BIOSCI 739,Dialogues in Biology,BIOSCI,Biological Sciences,739
BIOSCI 741,Applied Microbiology and Biotechnology,BIOSCI,Biological Sciences,741
BIOSCI 746,The Molecular Machinery of The Cell,BIOSCI,Biological Sciences,746
BIOSCI 747,Biosecurity and Invasion Biology,BIOSCI,Biological Sciences,747
BIOSCI 748,Weed and Pest Management,BIOSCI,Biological Sciences,748
BIOSCI 749,Microbiomes,BIOSCI,Biological Sciences,749
BIOSCI 751,Plant-microbial Interactions,BIOSCI,Biological Sciences,751
BIOSCI 752,Applied Plant Biotechnology,BIOSCI,Biological Sciences,752
BIOSCI 753,Synthesis of Plant Products and Foods,BIOSCI,Biological Sciences,753
BIOSCI 755,Genomics and Gene Expression,BIOSCI,Biological Sciences,755
BIOSCI 757,"Molecular Form, Function and Design",BIOSCI,Biological Sciences,757
BIOSCI 758,"Development, Differentiation and Disease",BIOSCI,Biological Sciences,758
BIOSCI 759,Cell and Molecular Biomedicine,BIOSCI,Biological Sciences,759
BIOSCI 760,Biosystematics,BIOSCI,Biological Sciences,760
BIOSCI 761,Research Practice - Level 9,BIOSCI,Biological Sciences,761
BIOSCI 762,BSc(Hons) Dissertation Proposal - Level 9,BIOSCI,Biological Sciences,762
BIOSCI 763,Professional Applications of Ecology,BIOSCI,Biological Sciences,763
BIOSCI 764,Human Virology,BIOSCI,Biological Sciences,764
BIOSCI 765,Translating Biomedical Science into Therapeutic Strategies,BIOSCI,Biological Sciences,765
BIOSCI 766,Global Change Ecology,BIOSCI,Biological Sciences,766
BIOSCI 768,Practical Gene Editing in Plants - Level 9,BIOSCI,Biological Sciences,768
BIOSCI 769,Directed Study,BIOSCI,Biological Sciences,769
BIOSCI 788,BSc(Hons) Dissertation in Biological Sciences,BIOSCI,Biological Sciences,788
BIOSCI 788A,BSc(Hons) Dissertation in Biological Sciences,BIOSCI,Biological Sciences,788A
BIOSCI 788B,BSc(Hons) Dissertation in Biological Sciences,BIOSCI,Biological Sciences,788B
BIOSCI 793,Dissertation,BIOSCI,Biological Sciences,793
BIOSCI 793A,Dissertation,BIOSCI,Biological Sciences,793A
BIOSCI 793B,Dissertation,BIOSCI,Biological Sciences,793B
BIOSCI 796A,MSc Thesis in Biological Sciences,BIOSCI,Biological Sciences,796A
BIOSCI 796B,MSc Thesis in Biological Sciences,BIOSCI,Biological Sciences,796B
BIOSEC 796A,Thesis in Biosecurity and Conservation,BIOSEC,Biosecurity and Conservation,796A
BIOSEC 796B,Thesis in Biosecurity and Conservation,BIOSEC,Biosecurity and Conservation,796B
BIOTECH 788,BSc(Hons) Dissertation in Biotechnology,BIOTECH,Biotechnology,788
BIOTECH 788A,BSc(Hons) Dissertation in Biotechnology,BIOTECH,Biotechnology,788A
BIOTECH 788B,BSc(Hons) Dissertation in Biotechnology,BIOTECH,Biotechnology,788B
BIOTECH 792,Dissertation,BIOTECH,Biotechnology,792
BIOTECH 792A,Dissertation,BIOTECH,Biotechnology,792A
BIOTECH 792B,Dissertation,BIOTECH,Biotechnology,792B
BIOTECH 793,Dissertation,BIOTECH,Biotechnology,793
BIOTECH 793A,Dissertation,BIOTECH,Biotechnology,793A
BIOTECH 793B,Dissertation,BIOTECH,Biotechnology,793B
BIOTECH 794A,MSc Thesis in Biotechnology,BIOTECH,Biotechnology,794A
BIOTECH 794B,MSc Thesis in Biotechnology,BIOTECH,Biotechnology,794B
BLTENV 101,"People, Place and Design Studio",BLTENV,Built Environment,101
BLTENV 102,Environmental and Social Justice,BLTENV,Built Environment,102
BLTENV 103,Media for Spatial Practices,BLTENV,Built Environment,103
BUSACT 701,Commercial and Corporate Law,BUSACT,Business Accounting,701
BUSACT 702,Accounting Information Systems,BUSACT,Business Accounting,702
BUSACT 703,Taxation for Business,BUSACT,Business Accounting,703
BUSACT 704,Auditing for Business,BUSACT,Business Accounting,704
BUSACT 705,Capstone Project for MProfAcctg - Level 9,BUSACT,Business Accounting,705
BUSACT 731,Financial Reporting,BUSACT,Business Accounting,731
BUSACT 732,Business Finance,BUSACT,Business Accounting,732
BUSACT 734,Strategic Management Accounting,BUSACT,Business Accounting,734
BUSAN 101,Data Visualisation Essentials,BUSAN,Business Analytics,101
BUSAN 200,Business Analytics,BUSAN,Business Analytics,200
BUSAN 201,Data Management,BUSAN,Business Analytics,201
BUSAN 300,Data Wrangling and Big Data,BUSAN,Business Analytics,300
BUSAN 302,Machine Learning,BUSAN,Business Analytics,302
BUSAN 303,Special Topic,BUSAN,Business Analytics,303
BUSAN 305,Simulation Modelling,BUSAN,Business Analytics,305
BUSAN 306,Directed Study,BUSAN,Business Analytics,306
BUSAN 307,Professional Business Analytics,BUSAN,Business Analytics,307
BUSDEV 711,Business in a Changing World,BUSDEV,Business Development,711
BUSDEV 712,Financial Management,BUSDEV,Business Development,712
BUSDEV 713,Sustainable Value Chains,BUSDEV,Business Development,713
BUSDEV 714,Managing Creativity and People,BUSDEV,Business Development,714
BUSDEV 715,Contemporary Marketing,BUSDEV,Business Development,715
BUSDEV 721,Innovation Management and Strategy,BUSDEV,Business Development,721
BUSDEV 722,Product Management,BUSDEV,Business Development,722
BUSDEV 723,New Product Development Processes,BUSDEV,Business Development,723
BUSDEV 724,Designing for Sustainability,BUSDEV,Business Development,724
BUSDEV 731,Business Analytics,BUSDEV,Business Development,731
BUSDEV 732,Commercialising Technology,BUSDEV,Business Development,732
BUSDEV 733,Turning Technology into IP,BUSDEV,Business Development,733
BUSDEV 734,Technology Entrepreneurship,BUSDEV,Business Development,734
BUSDEV 741,Strategy in a Disruptive Age,BUSDEV,Business Development,741
BUSDEV 742,Competing Globally,BUSDEV,Business Development,742
BUSDEV 743,Managing Change,BUSDEV,Business Development,743
BUSDEV 744,Leading Business Growth,BUSDEV,Business Development,744
BUSDEV 780,Personal and Team Leadership,BUSDEV,Business Development,780
BUSDEV 781,Managing Collaborative Projects,BUSDEV,Business Development,781
BUSDEV 782,Capstone Project - Level 9,BUSDEV,Business Development,782
BUSDEV 782A,Capstone Project - Level 9,BUSDEV,Business Development,782A
BUSDEV 782B,Capstone Project - Level 9,BUSDEV,Business Development,782B
BUSFIN (706),Advanced Financial Management ** available as of 01/01/2027,BUSFIN,Business Finance,(706)
BUSFIN 700,Business Accounting and Finance,BUSFIN,Business Finance,700
BUSFIN 701,Economics for Financial Analysts,BUSFIN,Business Finance,701
BUSFIN 702,Financial Markets Law,BUSFIN,Business Finance,702
BUSFIN 703,Corporate Finance,BUSFIN,Business Finance,703
BUSFIN 704,Investment Decision-making,BUSFIN,Business Finance,704
BUSFIN 705,Financial Risk Management,BUSFIN,Business Finance,705
BUSFIN 706,Advanced Financial Management - Level 9,BUSFIN,Business Finance,706
BUSFIN 707,Consultancy Practice,BUSFIN,Business Finance,707
BUSFIN 710,Financial Modelling Techniques,BUSFIN,Business Finance,710
BUSFIN 711,Financial Analytics Applications,BUSFIN,Business Finance,711
BUSFIN 712,Sustainable Finance,BUSFIN,Business Finance,712
BUSFIN 713,Climate Finance,BUSFIN,Business Finance,713
BUSFIN 714,FinTech Applications,BUSFIN,Business Finance,714
BUSFIN 715,FinTech and Financial Intermediation,BUSFIN,Business Finance,715
BUSFIN 716,Alternative Investments,BUSFIN,Business Finance,716
BUSFIN 721,Sustainable Finance Industry Project,BUSFIN,Business Finance,721
BUSFIN 722,FinTech Industry Project,BUSFIN,Business Finance,722
BUSFIN 724,Sustainable Finance Project,BUSFIN,Business Finance,724
BUSFIN 725,FinTech Project,BUSFIN,Business Finance,725
BUSFIN 730,Applied Finance Industry Project,BUSFIN,Business Finance,730
BUSFIN 731,Applied Finance Individual Industry Project,BUSFIN,Business Finance,731
BUSHRM 701,Human Resource Analytics,BUSHRM,Business Human Resource Mgt,701
BUSHRM 702,Strategic Human Resource Management,BUSHRM,Business Human Resource Mgt,702
BUSHRM 703,HRM Research Project,BUSHRM,Business Human Resource Mgt,703
BUSHRM 710,Consultancy Practice,BUSHRM,Business Human Resource Mgt,710
BUSHRM 711,Consultancy Project for HRM,BUSHRM,Business Human Resource Mgt,711
BUSINESS (714),Advanced Consulting Methods ** available as of 01/01/2027,BUSINESS,Business,(714)
BUSINESS 111,Understanding Business,BUSINESS,Business,111
BUSINESS 112,Managing Sustainable Growth 1,BUSINESS,Business,112
BUSINESS 113,Business Navigators 1,BUSINESS,Business,113
BUSINESS 114,Accounting for Decision Making,BUSINESS,Business,114
BUSINESS 115,"Economics, Markets and Law",BUSINESS,Business,115
BUSINESS 151,Communication in a Multicultural Society,BUSINESS,Business,151
BUSINESS 200,Understanding Business Context,BUSINESS,Business,200
BUSINESS 201,Special Topic,BUSINESS,Business,201
BUSINESS 202,Business Consulting,BUSINESS,Business,202
BUSINESS 203,Business Navigators 2,BUSINESS,Business,203
BUSINESS 210,Study Abroad 2A,BUSINESS,Business,210
BUSINESS 211,Study Abroad 2B,BUSINESS,Business,211
BUSINESS 291,Communication Processes,BUSINESS,Business,291
BUSINESS 300,Directed Study,BUSINESS,Business,300
BUSINESS 301,Special Topic: Future17,BUSINESS,Business,301
BUSINESS 302,Special Topic,BUSINESS,Business,302
BUSINESS 303,Special Topic,BUSINESS,Business,303
BUSINESS 307,Project Management and Report Writing,BUSINESS,Business,307
BUSINESS 308,Internship and Report,BUSINESS,Business,308
BUSINESS 310,Study Abroad 3A,BUSINESS,Business,310
BUSINESS 311,Study Abroad 3B,BUSINESS,Business,311
BUSINESS 312,Study Abroad 3C,BUSINESS,Business,312
BUSINESS 328,Special Topic,BUSINESS,Business,328
BUSINESS 350,Business Simulation,BUSINESS,Business,350
BUSINESS 351,Industry Case,BUSINESS,Business,351
BUSINESS 353,Research Project,BUSINESS,Business,353
BUSINESS 704,Quantitative Research Methods,BUSINESS,Business,704
BUSINESS 705,Qualitative Research Methods,BUSINESS,Business,705
BUSINESS 708,Special Topic,BUSINESS,Business,708
BUSINESS 709,Special Topic,BUSINESS,Business,709
BUSINESS 710,Conducting Research,BUSINESS,Business,710
BUSINESS 711,Advanced Quantitative Research Methods,BUSINESS,Business,711
BUSINESS 712,Advanced Qualitative Research Methods,BUSINESS,Business,712
BUSINESS 713,Responsible Business,BUSINESS,Business,713
BUSINESS 714,Advanced Consulting Methods - Level 9,BUSINESS,Business,714
BUSINFO (712),Marketing Analytics Industry Project ** available as of 01/01/2027,BUSINFO,Business Information Analytics,(712)
BUSINFO (713),Supply Chain Analytics Industry Project ** available as of 01/01/2027,BUSINFO,Business Information Analytics,(713)
BUSINFO (718),FinTech Analytics Industry Project ** available as of 01/01/2027,BUSINFO,Business Information Analytics,(718)
BUSINFO 700,Analysis of Business Problems,BUSINFO,Business Information Analytics,700
BUSINFO 701,Business Analytics Tools,BUSINFO,Business Information Analytics,701
BUSINFO 702,Information Management,BUSINFO,Business Information Analytics,702
BUSINFO 703,Data Visualisation for Business,BUSINFO,Business Information Analytics,703
BUSINFO 704,Predictive Business Analytics,BUSINFO,Business Information Analytics,704
BUSINFO 705,Decision Analytics,BUSINFO,Business Information Analytics,705
BUSINFO 706,Customer and Market Insights,BUSINFO,Business Information Analytics,706
BUSINFO 707,Digital Machine Learning,BUSINFO,Business Information Analytics,707
BUSINFO 708,Supply Chain Optimisation,BUSINFO,Business Information Analytics,708
BUSINFO 709,Supply Chain Analytics - Level 9,BUSINFO,Business Information Analytics,709
BUSINFO 710,Advanced Project Management,BUSINFO,Business Information Analytics,710
BUSINFO 711,Consultancy Practice,BUSINFO,Business Information Analytics,711
BUSINFO 712,Marketing Analytics Industry Project - Level 9,BUSINFO,Business Information Analytics,712
BUSINFO 713,Supply Chain Analytics Industry Project - Level 9,BUSINFO,Business Information Analytics,713
BUSINFO 714,Marketing Analytics Project,BUSINFO,Business Information Analytics,714
BUSINFO 715,Supply Chain Analytics Project,BUSINFO,Business Information Analytics,715
BUSINFO 716,Business Analytics for FinTech,BUSINFO,Business Information Analytics,716
BUSINFO 717,FinTech and Financial Intermediation,BUSINFO,Business Information Analytics,717
BUSINFO 718,FinTech Analytics Industry Project - Level 9,BUSINFO,Business Information Analytics,718
BUSINFO 719,FinTech Analytics Project,BUSINFO,Business Information Analytics,719
BUSINT 710,Consultancy Practice,BUSINT,Business International,710
BUSINT 711,Consultancy Project for MIntBus,BUSINT,Business International,711
BUSMAN 701,Managing People and Organisations,BUSMAN,Business Management,701
BUSMAN 702,Contemporary Marketing,BUSMAN,Business Management,702
BUSMAN 703,Financial Decision-making,BUSMAN,Business Management,703
BUSMAN 704,Supply Chain Management,BUSMAN,Business Management,704
BUSMAN 705,Strategic Human Resource Management,BUSMAN,Business Management,705
BUSMAN 706,Strategic Management,BUSMAN,Business Management,706
BUSMAN 707,Business Analytics,BUSMAN,Business Management,707
BUSMAN 708,Innovation in Practice,BUSMAN,Business Management,708
BUSMAN 709,Global Management - Level 9,BUSMAN,Business Management,709
BUSMAN 710,Consultancy Practice,BUSMAN,Business Management,710
BUSMAN 711,AI Essentials for Business,BUSMAN,Business Management,711
BUSMAN 720,Digital Marketing Strategies,BUSMAN,Business Management,720
BUSMAN 721,Customer Insights,BUSMAN,Business Management,721
BUSMAN 722,Digital Branding and Advertising,BUSMAN,Business Management,722
BUSMAN 723,Advanced Marketing Strategy,BUSMAN,Business Management,723
BUSMAN 730,Human Resource Policy and Practice,BUSMAN,Business Management,730
BUSMAN 731,Employment Law,BUSMAN,Business Management,731
BUSMAN 732,Human Resource Analytics,BUSMAN,Business Management,732
BUSMAN 750,Consultancy Project in Strategic Management - Level 9,BUSMAN,Business Management,750
BUSMAN 750A,Consultancy Project in Strategic Management - Level 9,BUSMAN,Business Management,750A
BUSMAN 750B,Consultancy Project in Strategic Management,BUSMAN,Business Management,750B
BUSMAN 751,Consultancy Project in Digital Marketing - Level 9,BUSMAN,Business Management,751
BUSMAN 751A,Consultancy Project in Digital Marketing - Level 9,BUSMAN,Business Management,751A
BUSMAN 751B,Consultancy Project in Digital Marketing - Level 9,BUSMAN,Business Management,751B
BUSMAN 752,Consultancy Project in HRM - Level 9,BUSMAN,Business Management,752
BUSMAN 752A,Consultancy Project in HRM,BUSMAN,Business Management,752A
BUSMAN 752B,Consultancy Project in HRM,BUSMAN,Business Management,752B
BUSMAN 771,Business in Society,BUSMAN,Business Management,771
BUSMAN 772,Organisations and Culture,BUSMAN,Business Management,772
BUSMAN 773,Effective Decision Making,BUSMAN,Business Management,773
BUSMAN 774,The Global Economy and New Zealand,BUSMAN,Business Management,774
BUSMBA 700,Coaching for Leadership,BUSMBA,Business MBA,700
BUSMBA 701,"Financial Return, Risk and Valuation",BUSMBA,Business MBA,701
BUSMBA 702,Managing Capacity and Inventory,BUSMBA,Business MBA,702
BUSMBA 703,Globalising Mindsets,BUSMBA,Business MBA,703
BUSMBA 704,Managing Talent in the 21st Century,BUSMBA,Business MBA,704
BUSMBA 705,Approaches to Growth,BUSMBA,Business MBA,705
BUSMBA 706,Innovating New Products and Services,BUSMBA,Business MBA,706
BUSMBA 707,Engaging Innovation Ecosystems,BUSMBA,Business MBA,707
BUSMBA 708,Leading and Managing Change,BUSMBA,Business MBA,708
BUSMBA 709,Market Making and Market Shaping,BUSMBA,Business MBA,709
BUSMBA 711,Organisational Resilience,BUSMBA,Business MBA,711
BUSMBA 713,Special Topic,BUSMBA,Business MBA,713
BUSMBA 714,Special Topic,BUSMBA,Business MBA,714
BUSMBA 720,Leading in Complexity,BUSMBA,Business MBA,720
BUSMBA 721,Te Ao Māori Business,BUSMBA,Business MBA,721
BUSMBA 722,Aotearoa NZ’s Unique Legal Landscape,BUSMBA,Business MBA,722
BUSMBA 723,Strategy in Dynamic Markets,BUSMBA,Business MBA,723
BUSMBA 724,Navigating the Economic Environment,BUSMBA,Business MBA,724
BUSMBA 725,Accounting & Finance,BUSMBA,Business MBA,725
BUSMBA 726,Analytics for Business Decisions,BUSMBA,Business MBA,726
BUSMBA 727,Delivering Value Through Operations,BUSMBA,Business MBA,727
BUSMBA 728,Creating Value Through Innovation,BUSMBA,Business MBA,728
BUSMBA 729,Global Success and Scaling Up,BUSMBA,Business MBA,729
BUSMBA 730,MBA Capstone Consultancy Project,BUSMBA,Business MBA,730
BUSMBA 750,Navigating the Business Environment,BUSMBA,Business MBA,750
BUSMBA 751,Financial Management and Control,BUSMBA,Business MBA,751
BUSMBA 752,Building Capabilities for Performance,BUSMBA,Business MBA,752
BUSMBA 753,"Designing, Managing, and Improving Business Processes",BUSMBA,Business MBA,753
BUSMBA 760,Making Evidence-based Decisions under Uncertainty,BUSMBA,Business MBA,760
BUSMBA 770,Managing Entrepreneurial Growth Project,BUSMBA,Business MBA,770
BUSMGT (747),International Business Strategy Capstone ** available as of 01/01/2027,BUSMGT,Business Management,(747)
BUSMGT (757),Marketing Strategy Capstone ** available as of 01/01/2027,BUSMGT,Business Management,(757)
BUSMGT 707,Professional Development,BUSMGT,Business Management,707
BUSMGT 708,Communicating Business Insights,BUSMGT,Business Management,708
BUSMGT 709,Economics and Business Analytics,BUSMGT,Business Management,709
BUSMGT 711,Managing People and Organisations,BUSMGT,Business Management,711
BUSMGT 712,Principles of Business Analytics,BUSMGT,Business Management,712
BUSMGT 713,Financial Reporting and Control,BUSMGT,Business Management,713
BUSMGT 714,Economics for Managers,BUSMGT,Business Management,714
BUSMGT 716,Strategy Capstone,BUSMGT,Business Management,716
BUSMGT 717,Strategic Management,BUSMGT,Business Management,717
BUSMGT 718,Business Analytics,BUSMGT,Business Management,718
BUSMGT 719,Business Technology,BUSMGT,Business Management,719
BUSMGT 724,Global Operations Management,BUSMGT,Business Management,724
BUSMGT 726,Operations and Supply Chain Management,BUSMGT,Business Management,726
BUSMGT 731,Financial Reporting and Accounting,BUSMGT,Business Management,731
BUSMGT 732,Business Finance,BUSMGT,Business Management,732
BUSMGT 733,Analysing Financial Statements,BUSMGT,Business Management,733
BUSMGT 734,Strategic Management Accounting,BUSMGT,Business Management,734
BUSMGT 735,Management Accounting,BUSMGT,Business Management,735
BUSMGT 741,International Business Environment,BUSMGT,Business Management,741
BUSMGT 742,International Trade and Finance,BUSMGT,Business Management,742
BUSMGT 743,Competing in Asia - Level 9,BUSMGT,Business Management,743
BUSMGT 745,International Business Strategy,BUSMGT,Business Management,745
BUSMGT 747,International Business Strategy Capstone - Level 9,BUSMGT,Business Management,747
BUSMGT 751,Marketing Management,BUSMGT,Business Management,751
BUSMGT 752,Understanding Consumers - Level 9,BUSMGT,Business Management,752
BUSMGT 754,Marketing Communications,BUSMGT,Business Management,754
BUSMGT 755,Strategic Digital Marketing,BUSMGT,Business Management,755
BUSMGT 756,Branding Strategy,BUSMGT,Business Management,756
BUSMGT 757,Marketing Strategy Capstone - Level 9,BUSMGT,Business Management,757
BUSMGT 761,International Human Resource Management,BUSMGT,Business Management,761
BUSMGT 762,Human Resource Policy and Practice,BUSMGT,Business Management,762
BUSMGT 763,Human Resource Analytics,BUSMGT,Business Management,763
BUSMGT 764,Strategic Human Resource Management,BUSMGT,Business Management,764
BUSMGT 767,Human Resource Management Strategy Capstone,BUSMGT,Business Management,767
BUSMKT 703,Marketing Research Project,BUSMKT,Business Marketing,703
BUSMKT 710,Consultancy Practice,BUSMKT,Business Marketing,710
BUSMKT 711,Consultancy Project for MMktg,BUSMKT,Business Marketing,711
CAREER 100,Crafting your Career,CAREER,Career,100
CAREER 101,Understanding Your Workplace,CAREER,Career,101
CAREER 300,Internship,CAREER,Career,300
CHEM (190),Chemistry for Medical and Life Sciences ** available as of 01/11/2026,CHEM,Chemistry,(190)
CHEM (290),Introduction to Medicinal Chemistry ** available as of 01/11/2026,CHEM,Chemistry,(290)
CHEM 100,Molecules that Changed the World,CHEM,Chemistry,100
CHEM 100G,Molecules that Changed the World,CHEM,Chemistry,100G
CHEM 110,Chemistry of the Living World,CHEM,Chemistry,110
CHEM 120,Chemistry of the Material World,CHEM,Chemistry,120
CHEM 150,Concepts in Chemistry,CHEM,Chemistry,150
CHEM 200,Special Topic,CHEM,Chemistry,200
CHEM 251,Structure and Spectroscopy,CHEM,Chemistry,251
CHEM 252,Properties and Analysis of Matter,CHEM,Chemistry,252
CHEM 253,Making Molecules: Synthesis and Isolation,CHEM,Chemistry,253
CHEM 254,Modelling Chemical Processes,CHEM,Chemistry,254
CHEM 254A,Modelling Chemical Processes,CHEM,Chemistry,254A
CHEM 254B,Modelling Chemical Processes,CHEM,Chemistry,254B
CHEM 260,Introduction to Green Chemistry,CHEM,Chemistry,260
CHEM 300,Special Topic,CHEM,Chemistry,300
CHEM 310,Structural Chemistry and Spectroscopy,CHEM,Chemistry,310
CHEM 320,Design and Reactivity of Inorganic Compounds,CHEM,Chemistry,320
CHEM 330,Contemporary Organic Chemistry,CHEM,Chemistry,330
CHEM 340,Advanced Analytical Chemistry,CHEM,Chemistry,340
CHEM 351,Chemicals Big and Small: Nano-material to Bio-macromolecules,CHEM,Chemistry,351
CHEM 360,Contemporary Green Chemistry,CHEM,Chemistry,360
CHEM 380,Materials Chemistry,CHEM,Chemistry,380
CHEM 390,Medicinal Chemistry,CHEM,Chemistry,390
CHEM 392,Issues in Drug Design and Development,CHEM,Chemistry,392
CHEM 397,Capstone: Green Chemical Science,CHEM,Chemistry,397
CHEM 398,Capstone: Medicinal Chemistry,CHEM,Chemistry,398
CHEM 399,Capstone: Chemistry,CHEM,Chemistry,399
CHEM 690A,Graduate Diploma Research Project,CHEM,Chemistry,690A
CHEM 690B,Graduate Diploma Research Project,CHEM,Chemistry,690B
CHEM 701,Directed Study,CHEM,Chemistry,701
CHEM 702,Directed Study,CHEM,Chemistry,702
CHEM 710,Advanced Physical Chemistry,CHEM,Chemistry,710
CHEM 712,Nanomaterials and Nanotechnology,CHEM,Chemistry,712
CHEM 720,Advanced Inorganic Chemistry,CHEM,Chemistry,720
CHEM 730,Modern Methods for the Synthesis of Bioactive Molecules,CHEM,Chemistry,730
CHEM 735,Advanced Medicinal Chemistry,CHEM,Chemistry,735
CHEM 738,Biomolecular Chemistry,CHEM,Chemistry,738
CHEM 740,Current Topics in Analytical Chemistry,CHEM,Chemistry,740
CHEM 741,Chemometrics and Quality Assurance in Chemistry,CHEM,Chemistry,741
CHEM 750,Advanced Topics in Chemistry 1,CHEM,Chemistry,750
CHEM 750A,Advanced Topics in Chemistry 1,CHEM,Chemistry,750A
CHEM 750B,Advanced Topics in Chemistry 1,CHEM,Chemistry,750B
CHEM 751,Advanced Topics in Chemistry 2,CHEM,Chemistry,751
CHEM 751A,Advanced Topics in Chemistry 2,CHEM,Chemistry,751A
CHEM 751B,Advanced Topics in Chemistry 2,CHEM,Chemistry,751B
CHEM 760,Advanced Green Chemistry,CHEM,Chemistry,760
CHEM 780,Advanced Materials Chemistry,CHEM,Chemistry,780
CHEM 791,Research Project,CHEM,Chemistry,791
CHEM 791A,Research Project,CHEM,Chemistry,791A
CHEM 791B,Research Project,CHEM,Chemistry,791B
CHEM 793,Honours Dissertation in Chemistry,CHEM,Chemistry,793
CHEM 793A,Honours Dissertation in Chemistry,CHEM,Chemistry,793A
CHEM 793B,Honours Dissertation in Chemistry,CHEM,Chemistry,793B
CHEM 794,Dissertation,CHEM,Chemistry,794
CHEM 794A,Dissertation,CHEM,Chemistry,794A
CHEM 794B,Dissertation,CHEM,Chemistry,794B
CHEM 795,Research Methods in Chemistry,CHEM,Chemistry,795
CHEM 796A,MSc Thesis in Chemistry,CHEM,Chemistry,796A
CHEM 796B,MSc Thesis in Chemistry,CHEM,Chemistry,796B
CHEM 91P,Preparatory Chemistry 1,CHEM,Chemistry,91P
CHEMMAT 121,Materials Science,CHEMMAT,Chemical a Materials Engineeri,121
CHEMMAT 201,Process Engineering 1: Introduction,CHEMMAT,Chemical a Materials Engineeri,201
CHEMMAT 202,Process Engineering 2: Energy and Processing,CHEMMAT,Chemical a Materials Engineeri,202
CHEMMAT 203,Process Engineering 3: Transfer Processes,CHEMMAT,Chemical a Materials Engineeri,203
CHEMMAT 204,Materials,CHEMMAT,Chemical a Materials Engineeri,204
CHEMMAT 205,Process Design 1,CHEMMAT,Chemical a Materials Engineeri,205
CHEMMAT 206,Applied Chemistry,CHEMMAT,Chemical a Materials Engineeri,206
CHEMMAT 299,Workshop Practice,CHEMMAT,Chemical a Materials Engineeri,299
CHEMMAT 301,Transfer Processes 2,CHEMMAT,Chemical a Materials Engineeri,301
CHEMMAT 302,Advanced Process Engineering,CHEMMAT,Chemical a Materials Engineeri,302
CHEMMAT 303,Chemical Reactor Engineering,CHEMMAT,Chemical a Materials Engineeri,303
CHEMMAT 304,The Future of Energy,CHEMMAT,Chemical a Materials Engineeri,304
CHEMMAT 305,Materials Processing and Performance,CHEMMAT,Chemical a Materials Engineeri,305
CHEMMAT 306,Process Design 2,CHEMMAT,Chemical a Materials Engineeri,306
CHEMMAT 712,Directed Study in Chemical Engineering,CHEMMAT,Chemical a Materials Engineeri,712
CHEMMAT 713,Advanced Chemical Engineering,CHEMMAT,Chemical a Materials Engineeri,713
CHEMMAT 717,Electrochemical Engineering,CHEMMAT,Chemical a Materials Engineeri,717
CHEMMAT 718,Aluminium Reduction Process Operations,CHEMMAT,Chemical a Materials Engineeri,718
CHEMMAT 720,Materials Design and Processing,CHEMMAT,Chemical a Materials Engineeri,720
CHEMMAT 721,Advanced Materials,CHEMMAT,Chemical a Materials Engineeri,721
CHEMMAT 722,Directed Study in Materials,CHEMMAT,Chemical a Materials Engineeri,722
CHEMMAT 723,Industrial Materials Engineering,CHEMMAT,Chemical a Materials Engineeri,723
CHEMMAT 724,Advanced Materials Characterisation - Level 9,CHEMMAT,Chemical a Materials Engineeri,724
CHEMMAT 725,Advanced Functional Materials,CHEMMAT,Chemical a Materials Engineeri,725
CHEMMAT 726,The Light Metals Industry,CHEMMAT,Chemical a Materials Engineeri,726
CHEMMAT 727,Materials Performance and Selection for Light Metals Processing,CHEMMAT,Chemical a Materials Engineeri,727
CHEMMAT 732,Advanced Design Project,CHEMMAT,Chemical a Materials Engineeri,732
CHEMMAT 732A,Advanced Design Project,CHEMMAT,Chemical a Materials Engineeri,732A
CHEMMAT 732B,Advanced Design Project,CHEMMAT,Chemical a Materials Engineeri,732B
CHEMMAT 750A,Capstone Design Project,CHEMMAT,Chemical a Materials Engineeri,750A
CHEMMAT 750B,Capstone Design Project,CHEMMAT,Chemical a Materials Engineeri,750B
CHEMMAT 751A,Research Project - Level 9,CHEMMAT,Chemical a Materials Engineeri,751A
CHEMMAT 751B,Research Project - Level 9,CHEMMAT,Chemical a Materials Engineeri,751B
CHEMMAT 752,Process Dynamics and Control,CHEMMAT,Chemical a Materials Engineeri,752
CHEMMAT 753,Biological Materials and Biomaterials,CHEMMAT,Chemical a Materials Engineeri,753
CHEMMAT 754,Materials Performance Enhancement,CHEMMAT,Chemical a Materials Engineeri,754
CHEMMAT 755,Materials for Energy and Environmental Applications,CHEMMAT,Chemical a Materials Engineeri,755
CHEMMAT 756,Food Process Engineering,CHEMMAT,Chemical a Materials Engineeri,756
CHEMMAT 757,Engineering Biotechnology,CHEMMAT,Chemical a Materials Engineeri,757
CHEMMAT 758,Resource Recovery Technologies,CHEMMAT,Chemical a Materials Engineeri,758
CHEMMAT 759,Industry 4.0 for Chemical Engineering,CHEMMAT,Chemical a Materials Engineeri,759
CHEMMAT 760,Advanced Microbial Technology in Bioprocess Engineering,CHEMMAT,Chemical a Materials Engineeri,760
CHEMMAT 761,Special Topic,CHEMMAT,Chemical a Materials Engineeri,761
CHEMMAT 762,Special Topic,CHEMMAT,Chemical a Materials Engineeri,762
CHEMMAT 763,Waste Reduction and Recycling Technologies,CHEMMAT,Chemical a Materials Engineeri,763
CHEMMAT 772,Advanced Food Process Engineering,CHEMMAT,Chemical a Materials Engineeri,772
CHEMMAT 773,Food Process Systems Engineering,CHEMMAT,Chemical a Materials Engineeri,773
CHEMMAT 774A,Dissertation in Food Process Engineering,CHEMMAT,Chemical a Materials Engineeri,774A
CHEMMAT 774B,Dissertation in Food Process Engineering,CHEMMAT,Chemical a Materials Engineeri,774B
CHEMMAT 775A,Dissertation in Food Process Engineering,CHEMMAT,Chemical a Materials Engineeri,775A
CHEMMAT 775B,Dissertation in Food Process Engineering,CHEMMAT,Chemical a Materials Engineeri,775B
CHEMMAT 776A,Thesis - Level 9,CHEMMAT,Chemical a Materials Engineeri,776A
CHEMMAT 776B,Thesis - Level 9,CHEMMAT,Chemical a Materials Engineeri,776B
CHEMMAT 777A,Thesis - Level 9,CHEMMAT,Chemical a Materials Engineeri,777A
CHEMMAT 777B,Thesis - Level 9,CHEMMAT,Chemical a Materials Engineeri,777B
CHEMMAT 778,Dairy Process Engineering,CHEMMAT,Chemical a Materials Engineeri,778
CHEMMAT 779A,Research Project - Level 9,CHEMMAT,Chemical a Materials Engineeri,779A
CHEMMAT 779B,Research Project - Level 9,CHEMMAT,Chemical a Materials Engineeri,779B
CHEMMAT 780,Research Project,CHEMMAT,Chemical a Materials Engineeri,780
CHEMMAT 780A,Research Project,CHEMMAT,Chemical a Materials Engineeri,780A
CHEMMAT 780B,Research Project,CHEMMAT,Chemical a Materials Engineeri,780B
CHEMMAT 787,Project X,CHEMMAT,Chemical a Materials Engineeri,787
CHEMMAT 788,Research Project,CHEMMAT,Chemical a Materials Engineeri,788
CHEMMAT 788A,Research Project,CHEMMAT,Chemical a Materials Engineeri,788A
CHEMMAT 788B,Research Project,CHEMMAT,Chemical a Materials Engineeri,788B
CHEMMAT 789,Project Z,CHEMMAT,Chemical a Materials Engineeri,789
CHEMMAT 795,Research Project,CHEMMAT,Chemical a Materials Engineeri,795
CHEMMAT 795A,Research Project,CHEMMAT,Chemical a Materials Engineeri,795A
CHEMMAT 795B,Research Project,CHEMMAT,Chemical a Materials Engineeri,795B
CHEMMAT 796A,ME Thesis (Chemical and Materials),CHEMMAT,Chemical a Materials Engineeri,796A
CHEMMAT 796B,ME Thesis (Chemical and Materials),CHEMMAT,Chemical a Materials Engineeri,796B
CHINESE 100,Beginning Modern Chinese 1,CHINESE,Chinese,100
CHINESE 100G,Beginning Modern Chinese 1,CHINESE,Chinese,100G
CHINESE 101,Beginning Modern Chinese 2,CHINESE,Chinese,101
CHINESE 178,Chinese Study Abroad 1,CHINESE,Chinese,178
CHINESE 200,Intermediate Modern Chinese 1,CHINESE,Chinese,200
CHINESE 201,Intermediate Modern Chinese 2,CHINESE,Chinese,201
CHINESE 203,China on Screen,CHINESE,Chinese,203
CHINESE 213,Special Topic,CHINESE,Chinese,213
CHINESE 277,Chinese Study Abroad 2A,CHINESE,Chinese,277
CHINESE 278,Chinese Study Abroad 2B,CHINESE,Chinese,278
CHINESE 300,Advanced Modern Chinese 1,CHINESE,Chinese,300
CHINESE 301,Advanced Modern Chinese 2,CHINESE,Chinese,301
CHINESE 302,Advanced Chinese Reading and Writing,CHINESE,Chinese,302
CHINESE 303,China on Screen,CHINESE,Chinese,303
CHINESE 306,Chinese Translation,CHINESE,Chinese,306
CHINESE 313,Special Topic,CHINESE,Chinese,313
CHINESE 339,Chinese Linguistics,CHINESE,Chinese,339
CHINESE 377,Chinese Study Abroad 3A,CHINESE,Chinese,377
CHINESE 378,Chinese Study Abroad 3B,CHINESE,Chinese,378
CHINESE 724,Chinese Film and Popular Culture,CHINESE,Chinese,724
CHINESE 729A,Special Topic,CHINESE,Chinese,729A
CHINESE 729B,Special Topic,CHINESE,Chinese,729B
CHINESE 730,Directed Study,CHINESE,Chinese,730
CHINESE 730A,Directed Study,CHINESE,Chinese,730A
CHINESE 730B,Directed Study,CHINESE,Chinese,730B
CHINESE 731,Research Essay,CHINESE,Chinese,731
CHINESE 732,Directed Study,CHINESE,Chinese,732
CHINESE 737,Research Essay,CHINESE,Chinese,737
CHINESE 739,Educational Linguistics in Chinese,CHINESE,Chinese,739
CHINESE 740,Chinese Teaching Pedagogy,CHINESE,Chinese,740
CHINESE 741,Acquisition of Chinese,CHINESE,Chinese,741
CHINESE 742,Professional Learning for Chinese Teachers,CHINESE,Chinese,742
CHINESE 777,Chinese Study Abroad I,CHINESE,Chinese,777
CHINESE 778,Chinese Study Abroad II,CHINESE,Chinese,778
CHINESE 780,Research Project,CHINESE,Chinese,780
CHINESE 780A,Research Project,CHINESE,Chinese,780A
CHINESE 780B,Research Project,CHINESE,Chinese,780B
CHINESE 782,Research Essay,CHINESE,Chinese,782
CHINESE 791,Dissertation,CHINESE,Chinese,791
CHINESE 792,Dissertation,CHINESE,Chinese,792
CHINESE 792A,Dissertation,CHINESE,Chinese,792A
CHINESE 792B,Dissertation,CHINESE,Chinese,792B
CHINESE 793A,Thesis,CHINESE,Chinese,793A
CHINESE 793B,Thesis,CHINESE,Chinese,793B
CHINESE 796A,Thesis,CHINESE,Chinese,796A
CHINESE 796B,Thesis,CHINESE,Chinese,796B
CHINESE 797A,Research Portfolio,CHINESE,Chinese,797A
CHINESE 797B,Research Portfolio,CHINESE,Chinese,797B
CIVIL 200,Introduction to Geotechnical Engineering,CIVIL,Civil Engineering,200
CIVIL 201,Land Information Systems,CIVIL,Civil Engineering,201
CIVIL 202,Fluid Mechanics and Pipe Flow,CIVIL,Civil Engineering,202
CIVIL 203,Transport Design and Geomatics,CIVIL,Civil Engineering,203
CIVIL 210,Introduction to Structures,CIVIL,Civil Engineering,210
CIVIL 211,Structures and Design 1,CIVIL,Civil Engineering,211
CIVIL 220,Introductory Engineering Geology,CIVIL,Civil Engineering,220
CIVIL 221,Geomechanics 1,CIVIL,Civil Engineering,221
CIVIL 230,Fluid Mechanics 1,CIVIL,Civil Engineering,230
CIVIL 250,Civil Engineering Materials and Design,CIVIL,Civil Engineering,250
CIVIL 270,Directed Study,CIVIL,Civil Engineering,270
CIVIL 271,Directed Study,CIVIL,Civil Engineering,271
CIVIL 299,Workshop Practice,CIVIL,Civil Engineering,299
CIVIL 300,Geotechnical Engineering,CIVIL,Civil Engineering,300
CIVIL 301,Foundation Engineering,CIVIL,Civil Engineering,301
CIVIL 302,Hydrology and Open Channel Flow,CIVIL,Civil Engineering,302
CIVIL 303,Transport Operations and Pavements,CIVIL,Civil Engineering,303
CIVIL 304,Climate Adaptation Design,CIVIL,Civil Engineering,304
CIVIL 305,Construction Informatics,CIVIL,Civil Engineering,305
CIVIL 312,Structures and Design 2,CIVIL,Civil Engineering,312
CIVIL 313,Structures and Design 3,CIVIL,Civil Engineering,313
CIVIL 314,Structural Dynamics,CIVIL,Civil Engineering,314
CIVIL 322,Geomechanics 2,CIVIL,Civil Engineering,322
CIVIL 324,Geomechanics 3,CIVIL,Civil Engineering,324
CIVIL 331,Hydraulic Engineering,CIVIL,Civil Engineering,331
CIVIL 332,Fluid Mechanics 2,CIVIL,Civil Engineering,332
CIVIL 360,Transportation Engineering 1,CIVIL,Civil Engineering,360
CIVIL 361,Transportation Engineering 2,CIVIL,Civil Engineering,361
CIVIL 370,Directed Study,CIVIL,Civil Engineering,370
CIVIL 371,Directed Study,CIVIL,Civil Engineering,371
CIVIL 700,Geotechnical Analysis,CIVIL,Civil Engineering,700
CIVIL 701,Studies in Civil Engineering 1,CIVIL,Civil Engineering,701
CIVIL 702,Design of Earthquake Resistant Foundations,CIVIL,Civil Engineering,702
CIVIL 703,Project Management in Built Environments,CIVIL,Civil Engineering,703
CIVIL 704,Advanced Topics in Project Management,CIVIL,Civil Engineering,704
CIVIL 705A,Research Project - Level 9,CIVIL,Civil Engineering,705A
CIVIL 705B,Research Project,CIVIL,Civil Engineering,705B
CIVIL 706,Special Topic: Water-sensitive Cities,CIVIL,Civil Engineering,706
CIVIL 707,Construction Supply Chain Management,CIVIL,Civil Engineering,707
CIVIL 710,Advanced Structural Dynamics,CIVIL,Civil Engineering,710
CIVIL 711,Structures Seminar,CIVIL,Civil Engineering,711
CIVIL 713,Structures and Design 4,CIVIL,Civil Engineering,713
CIVIL 714,Multistorey Building Design,CIVIL,Civil Engineering,714
CIVIL 715,Advanced Structural Concrete - Level 9,CIVIL,Civil Engineering,715
CIVIL 716,Construction Risk Management,CIVIL,Civil Engineering,716
CIVIL 717,Advanced Structural Timber,CIVIL,Civil Engineering,717
CIVIL 718,Light Gauge Steel,CIVIL,Civil Engineering,718
CIVIL 719,Matrix Structural Analysis,CIVIL,Civil Engineering,719
CIVIL 720,Earthquake Engineering,CIVIL,Civil Engineering,720
CIVIL 721,Foundation Engineering,CIVIL,Civil Engineering,721
CIVIL 722,Slope Engineering,CIVIL,Civil Engineering,722
CIVIL 724,Soil Behaviour,CIVIL,Civil Engineering,724
CIVIL 725,Geotechnical Earthquake Engineering,CIVIL,Civil Engineering,725
CIVIL 726,Engineering Geology,CIVIL,Civil Engineering,726
CIVIL 727,Dynamics of Structures in Earthquakes,CIVIL,Civil Engineering,727
CIVIL 728,Geotechnical Engineering in Professional Practice,CIVIL,Civil Engineering,728
CIVIL 729,Humanitarian Engineering,CIVIL,Civil Engineering,729
CIVIL 731,Water Resources Modelling,CIVIL,Civil Engineering,731
CIVIL 732,Coastal Engineering Design,CIVIL,Civil Engineering,732
CIVIL 733,Coastal Engineering Dynamics,CIVIL,Civil Engineering,733
CIVIL 734,River Engineering,CIVIL,Civil Engineering,734
CIVIL 735,Transport Modelling and Design,CIVIL,Civil Engineering,735
CIVIL 736,Transport Safety and Mobility,CIVIL,Civil Engineering,736
CIVIL 737,Coastal Modelling,CIVIL,Civil Engineering,737
CIVIL 738,Construction 4.0: The Future of Construction,CIVIL,Civil Engineering,738
CIVIL 740,Studies in Civil Engineering 3,CIVIL,Civil Engineering,740
CIVIL 741,Ground Improvements and Geosynthetics Engineering,CIVIL,Civil Engineering,741
CIVIL 742,Bridge Design,CIVIL,Civil Engineering,742
CIVIL 743,Special Topic: Building Information Modelling,CIVIL,Civil Engineering,743
CIVIL 744,Special Study in Earthquake Engineering,CIVIL,Civil Engineering,744
CIVIL 745,Seismic Assessment of Existing Buildings - Level 9,CIVIL,Civil Engineering,745
CIVIL 746,Nonlinear Structural Analysis,CIVIL,Civil Engineering,746
CIVIL 750,Timber Engineering,CIVIL,Civil Engineering,750
CIVIL 754,Geotechnical Modelling,CIVIL,Civil Engineering,754
CIVIL 756,Capstone Project,CIVIL,Civil Engineering,756
CIVIL 761,Planning and Design of Transport Facilities,CIVIL,Civil Engineering,761
CIVIL 762,Transport Planning and Modelling,CIVIL,Civil Engineering,762
CIVIL 763,Smart Infrastructure Analytics,CIVIL,Civil Engineering,763
CIVIL 764,Highway Safety and Operations,CIVIL,Civil Engineering,764
CIVIL 765,Infrastructure Asset Management - Level 9,CIVIL,Civil Engineering,765
CIVIL 766,Transportation Asset Management,CIVIL,Civil Engineering,766
CIVIL 767,Pavement Analysis and Design,CIVIL,Civil Engineering,767
CIVIL 769,Highway Geometric Design,CIVIL,Civil Engineering,769
CIVIL 770,Transport Systems Economics,CIVIL,Civil Engineering,770
CIVIL 771,Planning and Managing Transport,CIVIL,Civil Engineering,771
CIVIL 773,Sustainable Transport: Planning and Design,CIVIL,Civil Engineering,773
CIVIL 774,Studies in Transportation 1,CIVIL,Civil Engineering,774
CIVIL 779A,Research Project in Transportation,CIVIL,Civil Engineering,779A
CIVIL 779B,Research Project in Transportation,CIVIL,Civil Engineering,779B
CIVIL 781,Civil Engineering Planning and Execution,CIVIL,Civil Engineering,781
CIVIL 782,Water Resources Engineering,CIVIL,Civil Engineering,782
CIVIL 783,Water Distribution System Modelling and Analysis,CIVIL,Civil Engineering,783
CIVIL 787,Project X,CIVIL,Civil Engineering,787
CIVIL 788,Research Project,CIVIL,Civil Engineering,788
CIVIL 788A,Research Project,CIVIL,Civil Engineering,788A
CIVIL 788B,Research Project,CIVIL,Civil Engineering,788B
CIVIL 789,Project Z,CIVIL,Civil Engineering,789
CIVIL 790,Civil Engineering Administration,CIVIL,Civil Engineering,790
CIVIL 791,Construction Management,CIVIL,Civil Engineering,791
CIVIL 792,Discrete-event Simulation in Construction,CIVIL,Civil Engineering,792
CIVIL 793A,Thesis,CIVIL,Civil Engineering,793A
CIVIL 793B,Thesis,CIVIL,Civil Engineering,793B
CIVIL 794A,Thesis,CIVIL,Civil Engineering,794A
CIVIL 794B,Thesis,CIVIL,Civil Engineering,794B
CIVIL 795,Research Project (Civil),CIVIL,Civil Engineering,795
CIVIL 795A,Research Project (Civil),CIVIL,Civil Engineering,795A
CIVIL 795B,Research Project (Civil),CIVIL,Civil Engineering,795B
CIVIL 796A,Thesis,CIVIL,Civil Engineering,796A
CIVIL 796B,Thesis,CIVIL,Civil Engineering,796B
CLINED 703,Learning in Small Groups,CLINED,Clinical Education,703
CLINED 705,Simulation and Clinical Skills Teaching,CLINED,Clinical Education,705
CLINED 706,"Interprofessional Learning, Teamwork and Patient Safety",CLINED,Clinical Education,706
CLINED 707,Advanced Studies in Clinical Education,CLINED,Clinical Education,707
CLINED 710,Special Studies,CLINED,Clinical Education,710
CLINED 711,E-learning and Clinical Education,CLINED,Clinical Education,711
CLINED 712,Curriculum and Course Design,CLINED,Clinical Education,712
CLINED 713,Clinical Supervision,CLINED,Clinical Education,713
CLINED 715,Theory and Practice of Clinical Education,CLINED,Clinical Education,715
CLINED 716,Assessing Clinical Performance,CLINED,Clinical Education,716
CLINED 717,Advanced E-Learning in Clinical Education,CLINED,Clinical Education,717
CLINED 718,Professionalism in Clinical Education,CLINED,Clinical Education,718
CLINED 719,Clinical Education in Action,CLINED,Clinical Education,719
CLINED 720,Foundations of Cultural Safety for Clinical Education,CLINED,Clinical Education,720
CLINED 721,Special Topic,CLINED,Clinical Education,721
CLINED 722,Special Topic,CLINED,Clinical Education,722
CLINED 790,Dissertation,CLINED,Clinical Education,790
CLINED 790A,Dissertation,CLINED,Clinical Education,790A
CLINED 790B,Dissertation,CLINED,Clinical Education,790B
CLINED 795A,Research Portfolio,CLINED,Clinical Education,795A
CLINED 795B,Research Portfolio,CLINED,Clinical Education,795B
CLINED 796A,Thesis,CLINED,Clinical Education,796A
CLINED 796B,Thesis,CLINED,Clinical Education,796B
CLINED 797A,Research Portfolio,CLINED,Clinical Education,797A
CLINED 797B,Research Portfolio,CLINED,Clinical Education,797B
CLINIMAG 201,Radiographic Clinical Practice I,CLINIMAG,Clinical Imaging,201
CLINIMAG 303A,Radiographic Clinical Practice II,CLINIMAG,Clinical Imaging,303A
CLINIMAG 303B,Radiographic Clinical Practice II,CLINIMAG,Clinical Imaging,303B
CLINIMAG 402A,Radiographic Clinical Practice III,CLINIMAG,Clinical Imaging,402A
CLINIMAG 402B,Radiographic Clinical Practice III,CLINIMAG,Clinical Imaging,402B
CLINIMAG 706,Nuclear Medicine Specialised Clinical Applications,CLINIMAG,Clinical Imaging,706
CLINIMAG 707,CT Clinical Practice,CLINIMAG,Clinical Imaging,707
CLINIMAG 710,MRI Clinical Applications 1,CLINIMAG,Clinical Imaging,710
CLINIMAG 711,Body MRI,CLINIMAG,Clinical Imaging,711
CLINIMAG 712,MRI Clinical Practice,CLINIMAG,Clinical Imaging,712
CLINIMAG 713,Ultrasound in Women’s Health,CLINIMAG,Clinical Imaging,713
CLINIMAG 715,Ultrasound Clinical Practice,CLINIMAG,Clinical Imaging,715
CLINIMAG 716,Nuclear Medicine Clinical Practice,CLINIMAG,Clinical Imaging,716
CLINIMAG 718,Special Topic,CLINIMAG,Clinical Imaging,718
CLINIMAG 719,Ultrasound Abdominal Clinical Applications,CLINIMAG,Clinical Imaging,719
CLINIMAG 720,Ultrasound Specialised Clinical Applications,CLINIMAG,Clinical Imaging,720
CLINIMAG 721,Mammographic Practice,CLINIMAG,Clinical Imaging,721
CLINIMAG 722,Extended Mammographic Practice,CLINIMAG,Clinical Imaging,722
CLINIMAG 723,PET-CT Imaging,CLINIMAG,Clinical Imaging,723
CLINIMAG 724,Cardiac Ultrasound Clinical Practice,CLINIMAG,Clinical Imaging,724
CLINIMAG 725,PET-CT Clinical Practice,CLINIMAG,Clinical Imaging,725
CLINIMAG 726,Ultrasound Applications I,CLINIMAG,Clinical Imaging,726
CLINIMAG 727,Ultrasound Gynaecology,CLINIMAG,Clinical Imaging,727
CLINIMAG 728,Ultrasound Obstetrics,CLINIMAG,Clinical Imaging,728
CLINIMAG 729,Ultrasound Applications II,CLINIMAG,Clinical Imaging,729
CLINIMAG 730,Neurological MRI,CLINIMAG,Clinical Imaging,730
CLINIMAG 731,Musculoskeletal MRI,CLINIMAG,Clinical Imaging,731
COMLAW 101,Law in a Business Environment,COMLAW,Commercial Law,101
COMLAW 201,Commercial Contracts,COMLAW,Commercial Law,201
COMLAW 203,Company Law,COMLAW,Commercial Law,203
COMLAW 300,Directed Study,COMLAW,Commercial Law,300
COMLAW 301,Taxation,COMLAW,Commercial Law,301
COMLAW 303,Insolvency Law,COMLAW,Commercial Law,303
COMLAW 305,Financial Markets Law,COMLAW,Commercial Law,305
COMLAW 306,Marketing Law,COMLAW,Commercial Law,306
COMLAW 311,Advanced Taxation,COMLAW,Commercial Law,311
COMLAW 314,Employment Law,COMLAW,Commercial Law,314
COMLAW 316,Commercial Law in Context,COMLAW,Commercial Law,316
COMLAW 318,Special Topic,COMLAW,Commercial Law,318
COMLAW 320,"Innovation, Technology, and the Law",COMLAW,Commercial Law,320
COMLAW 700,Directed Study,COMLAW,Commercial Law,700
COMLAW 703,"Legal Research, Writing and Contemporary Issues",COMLAW,Commercial Law,703
COMLAW 740A,The Tax Base,COMLAW,Commercial Law,740A
COMLAW 740B,The Tax Base,COMLAW,Commercial Law,740B
COMLAW 747,Goods and Services Tax,COMLAW,Commercial Law,747
COMLAW 759,Applied Research Consultancy Project,COMLAW,Commercial Law,759
COMLAW 780,Research Project,COMLAW,Commercial Law,780
COMLAW 788,Research Project,COMLAW,Commercial Law,788
COMLAW 791,Dissertation,COMLAW,Commercial Law,791
COMLAW 791A,Dissertation,COMLAW,Commercial Law,791A
COMLAW 791B,Dissertation,COMLAW,Commercial Law,791B
COMLAW 796A,Thesis in Commercial Law,COMLAW,Commercial Law,796A
COMLAW 796B,Thesis in Commercial Law,COMLAW,Commercial Law,796B
COMMS 100,"Communication, Technology and Culture",COMMS,Communication,100
COMMS 101,Understanding Communication in Māori and Pacific Worlds,COMMS,Communication,101
COMMS 104,Advertising and Society,COMMS,Communication,104
COMMS 106,"Communicating Your Way: Platforms, Organisations, Communities",COMMS,Communication,106
COMMS 200,Writing in the Workplace,COMMS,Communication,200
COMMS 201,Journalism Studies,COMMS,Communication,201
COMMS 202,Audiences and Users,COMMS,Communication,202
COMMS 203,Television Journalism,COMMS,Communication,203
COMMS 205,Writing: Concept and Craft,COMMS,Communication,205
COMMS 206,Special Topic: Persuasion and Power,COMMS,Communication,206
COMMS 207,Communication Research Methods,COMMS,Communication,207
COMMS 208,Digital Communication Ethics,COMMS,Communication,208
COMMS 209,Special Topic: Workplace Communication Project,COMMS,Communication,209
COMMS 210,Practicing Communication in Māori and Pacific Worlds,COMMS,Communication,210
COMMS 212,Narratives of Social Change,COMMS,Communication,212
COMMS 213,Communication and Persuasion,COMMS,Communication,213
COMMS 214,Communication and Inclusive Leadership,COMMS,Communication,214
COMMS 303,Sports Media,COMMS,Communication,303
COMMS 304,"Gender, Politics and the Media",COMMS,Communication,304
COMMS 306,Special Topic,COMMS,Communication,306
COMMS 307,Communication Internship,COMMS,Communication,307
COMMS 308,Special Topic: Crafting your Comms Career,COMMS,Communication,308
COMMS 310,Special Topic,COMMS,Communication,310
COMMS 311,Problems and Issues in Contemporary Communication,COMMS,Communication,311
COMMS 312,Documentary and Social Change,COMMS,Communication,312
COMMS 313,Principles and Practices of Social Communication,COMMS,Communication,313
COMMS 314,"Risk, Crisis and Disaster Communication",COMMS,Communication,314
COMMS 315,Environmental Communication,COMMS,Communication,315
COMMS 316,Decolonising Technology and Data,COMMS,Communication,316
COMMS 317,"Design for Equity, Accessibility and Justice",COMMS,Communication,317
COMMS 318,Technology Futures,COMMS,Communication,318
COMMS 319,Communication Strategies in the Workplace,COMMS,Communication,319
COMMS 320,Communication Project,COMMS,Communication,320
COMMS 321,News and Journalism in the Digital Age,COMMS,Communication,321
COMMS 322,Designing Visual Communication,COMMS,Communication,322
COMMS 323,Digital Communication and Practice,COMMS,Communication,323
COMMS 700,Digital Futures,COMMS,Communication,700
COMMS 701,Communication and Data,COMMS,Communication,701
COMMS 702,Communication Excess and Avoidance,COMMS,Communication,702
COMMS 703,Popular Communication and Politics,COMMS,Communication,703
COMMS 704,Communication and Culture,COMMS,Communication,704
COMMS 705,Communication Perspectives,COMMS,Communication,705
COMMS 706,Communication Case Studies,COMMS,Communication,706
COMMS 707,Research Methods and Design,COMMS,Communication,707
COMMS 708,Communication Internship,COMMS,Communication,708
COMMS 709,Special Topic: Communication and Cultural Work,COMMS,Communication,709
COMMS 710,Special Topic,COMMS,Communication,710
COMMS 714,Directed Study,COMMS,Communication,714
COMMS 715,Directed Study,COMMS,Communication,715
COMMS 748,Special Topic,COMMS,Communication,748
COMMS 793,Dissertation,COMMS,Communication,793
COMMS 793A,Dissertation - Level 9,COMMS,Communication,793A
COMMS 793B,Dissertation - Level 9,COMMS,Communication,793B
COMPLIT 200,"World Literatures I: Life, Death, War, Peace, Love",COMPLIT,Comparative Literature,200
COMPLIT 202,Interpreting Folktales,COMPLIT,Comparative Literature,202
COMPLIT 203,Special Topic,COMPLIT,Comparative Literature,203
COMPLIT 206,When East Meets West,COMPLIT,Comparative Literature,206
COMPLIT 207,Special Topic,COMPLIT,Comparative Literature,207
COMPLIT 208,Directed Study in Comparative Literature,COMPLIT,Comparative Literature,208
COMPLIT 210,World Literatures 2: Machines and Modernities,COMPLIT,Comparative Literature,210
COMPLIT 302,When East Meets West,COMPLIT,Comparative Literature,302
COMPLIT 303,Interpreting Folktales,COMPLIT,Comparative Literature,303
COMPLIT 305,Special Topic,COMPLIT,Comparative Literature,305
COMPLIT 306,Directed Reading and Research,COMPLIT,Comparative Literature,306
COMPLIT 307,"World Literatures 1: Life, Death, War, Peace, Love",COMPLIT,Comparative Literature,307
COMPLIT 310,World Literatures 2: Machines and Modernities,COMPLIT,Comparative Literature,310
COMPLIT 704,Special Topic,COMPLIT,Comparative Literature,704
COMPLIT 705,Reading Across Cultures,COMPLIT,Comparative Literature,705
COMPLIT 707,Special Topic,COMPLIT,Comparative Literature,707
COMPLIT 708,Special Topic,COMPLIT,Comparative Literature,708
COMPLIT 709,Reading Across Cultures,COMPLIT,Comparative Literature,709
COMPLIT 710,Special Topic,COMPLIT,Comparative Literature,710
COMPLIT 711,Rethinking Literary Translation,COMPLIT,Comparative Literature,711
COMPLIT 750,Directed Study,COMPLIT,Comparative Literature,750
COMPLIT 751,Directed Study,COMPLIT,Comparative Literature,751
COMPLIT 777,Study Abroad,COMPLIT,Comparative Literature,777
COMPLIT 778,Study Abroad,COMPLIT,Comparative Literature,778
COMPLIT 780,Research Project,COMPLIT,Comparative Literature,780
COMPLIT 780A,Research Project,COMPLIT,Comparative Literature,780A
COMPLIT 780B,Research Project,COMPLIT,Comparative Literature,780B
COMPLIT 790,Dissertation,COMPLIT,Comparative Literature,790
COMPLIT 790A,Dissertation,COMPLIT,Comparative Literature,790A
COMPLIT 790B,Dissertation,COMPLIT,Comparative Literature,790B
COMPLIT 792,Dissertation,COMPLIT,Comparative Literature,792
COMPLIT 792A,Dissertation,COMPLIT,Comparative Literature,792A
COMPLIT 792B,Dissertation,COMPLIT,Comparative Literature,792B
COMPLIT 793A,Thesis,COMPLIT,Comparative Literature,793A
COMPLIT 793B,Thesis,COMPLIT,Comparative Literature,793B
COMPLIT 797A,Research Portfolio,COMPLIT,Comparative Literature,797A
COMPLIT 797B,Research Portfolio,COMPLIT,Comparative Literature,797B
COMPSCI (369),"Simulations, Models and Games ** available as of 01/01/2027",COMPSCI,Computer Science,(369)
COMPSCI (732),Modern Web Tools & Frameworks ** available as of 01/01/2027,COMPSCI,Computer Science,(732)
COMPSCI 101,Principles of Programming,COMPSCI,Computer Science,101
COMPSCI 110,Introduction to Computer Systems,COMPSCI,Computer Science,110
COMPSCI 111,An Introduction to Practical Computing,COMPSCI,Computer Science,111
COMPSCI 120,Mathematics for Computer Science,COMPSCI,Computer Science,120
COMPSCI 130,Introduction to Software Fundamentals,COMPSCI,Computer Science,130
COMPSCI 210,Computer Organisation,COMPSCI,Computer Science,210
COMPSCI 215,Data Communications and Security,COMPSCI,Computer Science,215
COMPSCI 220,Algorithms and Data Structures,COMPSCI,Computer Science,220
COMPSCI 225,Discrete Structures in Mathematics and Computer Science,COMPSCI,Computer Science,225
COMPSCI 230,Object Oriented Software Development,COMPSCI,Computer Science,230
COMPSCI 235,Software Development Methodologies,COMPSCI,Computer Science,235
COMPSCI 289,Research Seminar in Computer Science,COMPSCI,Computer Science,289
COMPSCI 290,Special Topic,COMPSCI,Computer Science,290
COMPSCI 313,Computer Architecture,COMPSCI,Computer Science,313
COMPSCI 315,Data Communications Technologies,COMPSCI,Computer Science,315
COMPSCI 316,Cyber Security,COMPSCI,Computer Science,316
COMPSCI 320,Applied Algorithmics,COMPSCI,Computer Science,320
COMPSCI 331,Large-Scale Software Development,COMPSCI,Computer Science,331
COMPSCI 335,Web Programming and Distributed Services,COMPSCI,Computer Science,335
COMPSCI 340,Operating Systems,COMPSCI,Computer Science,340
COMPSCI 345,Human-computer Interaction,COMPSCI,Computer Science,345
COMPSCI 350,Mathematical Foundations of Computer Science,COMPSCI,Computer Science,350
COMPSCI 351,Fundamentals of Database Systems,COMPSCI,Computer Science,351
COMPSCI 361,Machine Learning,COMPSCI,Computer Science,361
COMPSCI 367,Artificial Intelligence,COMPSCI,Computer Science,367
COMPSCI 369,Computational Methods in Interdisciplinary Science,COMPSCI,Computer Science,369
COMPSCI 373,Computer Graphics and Image Processing,COMPSCI,Computer Science,373
COMPSCI 380,Project in Computer Science,COMPSCI,Computer Science,380
COMPSCI 380A,Project in Computer Science,COMPSCI,Computer Science,380A
COMPSCI 380B,Project in Computer Science,COMPSCI,Computer Science,380B
COMPSCI 389,Research Methods in Computer Science,COMPSCI,Computer Science,389
COMPSCI 390,Special Topic,COMPSCI,Computer Science,390
COMPSCI 391,Special Topic,COMPSCI,Computer Science,391
COMPSCI 392,Special Topic,COMPSCI,Computer Science,392
COMPSCI 393,Special Topic,COMPSCI,Computer Science,393
COMPSCI 399,Capstone: Computer Science,COMPSCI,Computer Science,399
COMPSCI 690A,Graduate Diploma Research Project,COMPSCI,Computer Science,690A
COMPSCI 690B,Graduate Diploma Research Project,COMPSCI,Computer Science,690B
COMPSCI 691A,Postgraduate Diploma Research Project,COMPSCI,Computer Science,691A
COMPSCI 691B,Postgraduate Diploma Research Project,COMPSCI,Computer Science,691B
COMPSCI 700,Special Topic: Computer Science in Aotearoa New Zealand,COMPSCI,Computer Science,700
COMPSCI 701,Creating Maintainable Software,COMPSCI,Computer Science,701
COMPSCI 702,Security for Smart-devices,COMPSCI,Computer Science,702
COMPSCI 703,Generalising Artificial Intelligence,COMPSCI,Computer Science,703
COMPSCI 704,Fundamentals in Human-Computer Interaction,COMPSCI,Computer Science,704
COMPSCI 705,Advanced Topics in Human Computer Interaction,COMPSCI,Computer Science,705
COMPSCI 706,Special Topic,COMPSCI,Computer Science,706
COMPSCI 707,Special Topic,COMPSCI,Computer Science,707
COMPSCI 710,Directed Study,COMPSCI,Computer Science,710
COMPSCI 711,Parallel and Distributed Computing,COMPSCI,Computer Science,711
COMPSCI 712,"AI Agency, Ethics and Society",COMPSCI,Computer Science,712
COMPSCI 713,AI Fundamentals,COMPSCI,Computer Science,713
COMPSCI 714,AI Architecture and Design,COMPSCI,Computer Science,714
COMPSCI 715,Advanced Computer Graphics,COMPSCI,Computer Science,715
COMPSCI 717,Fundamentals of Algorithmics,COMPSCI,Computer Science,717
COMPSCI 718,Programming for Industry,COMPSCI,Computer Science,718
COMPSCI 719,Programming with Web Technologies,COMPSCI,Computer Science,719
COMPSCI 720,Advanced Design and Analysis of Algorithms,COMPSCI,Computer Science,720
COMPSCI 721,Randomised Algorithms and Probabilistic Methods,COMPSCI,Computer Science,721
COMPSCI 725,Usable Security and Privacy Engineering,COMPSCI,Computer Science,725
COMPSCI 726,Network Defence and Countermeasures,COMPSCI,Computer Science,726
COMPSCI 727,Cryptographic Management,COMPSCI,Computer Science,727
COMPSCI 732,Software Tools and Techniques,COMPSCI,Computer Science,732
COMPSCI 734,"Web, Mobile and Enterprise Computing",COMPSCI,Computer Science,734
COMPSCI 742,Advanced Internet: Global Data Communications,COMPSCI,Computer Science,742
COMPSCI 747,Computing Education,COMPSCI,Computer Science,747
COMPSCI 750,Computational Complexity,COMPSCI,Computer Science,750
COMPSCI 751,Advanced Topics in Database Systems,COMPSCI,Computer Science,751
COMPSCI 752,Big Data Management,COMPSCI,Computer Science,752
COMPSCI 753,Algorithms for Massive Data,COMPSCI,Computer Science,753
COMPSCI 760,Advanced Topics in Machine Learning,COMPSCI,Computer Science,760
COMPSCI 761,Advanced Topics in Artificial Intelligence,COMPSCI,Computer Science,761
COMPSCI 762,Foundations of Machine Learning,COMPSCI,Computer Science,762
COMPSCI 764,Deep Learning - Level 9,COMPSCI,Computer Science,764
COMPSCI 765,Modelling Minds,COMPSCI,Computer Science,765
COMPSCI 767,Intelligent Software Agents,COMPSCI,Computer Science,767
COMPSCI 769,Natural Language Processing - Level 9,COMPSCI,Computer Science,769
COMPSCI 771,Advanced Topics in Computer Graphics and Image Processing,COMPSCI,Computer Science,771
COMPSCI 773,Intelligent Vision Systems,COMPSCI,Computer Science,773
COMPSCI 778,Internship,COMPSCI,Computer Science,778
COMPSCI 779,Internship,COMPSCI,Computer Science,779
COMPSCI 779A,Internship,COMPSCI,Computer Science,779A
COMPSCI 779B,Internship,COMPSCI,Computer Science,779B
COMPSCI 780,Postgraduate Project in Computer Science 1,COMPSCI,Computer Science,780
COMPSCI 780A,Postgraduate Project in Computer Science 1,COMPSCI,Computer Science,780A
COMPSCI 780B,Postgraduate Project in Computer Science 1,COMPSCI,Computer Science,780B
COMPSCI 789,Honours Research Project,COMPSCI,Computer Science,789
COMPSCI 789A,Honours Research Project - Level 9,COMPSCI,Computer Science,789A
COMPSCI 789B,Honours Research Project,COMPSCI,Computer Science,789B
COMPSCI 791,Research Project,COMPSCI,Computer Science,791
COMPSCI 791A,Research Project,COMPSCI,Computer Science,791A
COMPSCI 791B,Research Project,COMPSCI,Computer Science,791B
COMPSCI 792,Research Project,COMPSCI,Computer Science,792
COMPSCI 792A,Research Project,COMPSCI,Computer Science,792A
COMPSCI 792B,Research Project,COMPSCI,Computer Science,792B
COMPSCI 796A,MSc Thesis in Computer Science,COMPSCI,Computer Science,796A
COMPSCI 796B,MSc Thesis in Computer Science,COMPSCI,Computer Science,796B
COMPSYS 201,Fundamentals of Computer Engineering,COMPSYS,Computer Systems Engineering,201
COMPSYS 209,Computer Systems Design,COMPSYS,Computer Systems Engineering,209
COMPSYS 299,Workshop Practice,COMPSYS,Computer Systems Engineering,299
COMPSYS 301,Design: Hardware Software Systems,COMPSYS,Computer Systems Engineering,301
COMPSYS 302,Design: Software Practice,COMPSYS,Computer Systems Engineering,302
COMPSYS 303,Microcomputers and Embedded Systems,COMPSYS,Computer Systems Engineering,303
COMPSYS 304,Computer Architecture,COMPSYS,Computer Systems Engineering,304
COMPSYS 305,Digital Systems Design,COMPSYS,Computer Systems Engineering,305
COMPSYS 306,Artificial Intelligence and Machine Learning,COMPSYS,Computer Systems Engineering,306
COMPSYS 700A,Research Project - Level 9,COMPSYS,Computer Systems Engineering,700A
COMPSYS 700B,Research Project,COMPSYS,Computer Systems Engineering,700B
COMPSYS 701,Advanced Digital Systems Design - Level 9,COMPSYS,Computer Systems Engineering,701
COMPSYS 704,Advanced Embedded Systems - Level 9,COMPSYS,Computer Systems Engineering,704
COMPSYS 705,Formal Methods for Safety Critical Software - Level 9,COMPSYS,Computer Systems Engineering,705
COMPSYS 708,Special Topic,COMPSYS,Computer Systems Engineering,708
COMPSYS 710,Studies in Computer Systems Engineering 1,COMPSYS,Computer Systems Engineering,710
COMPSYS 711,Studies in Computer Systems Engineering 2,COMPSYS,Computer Systems Engineering,711
COMPSYS 713,Studies in Computer Systems Engineering 4,COMPSYS,Computer Systems Engineering,713
COMPSYS 714,Studies in Computer Systems Engineering 5,COMPSYS,Computer Systems Engineering,714
COMPSYS 715,Studies in Computer Systems Engineering 6,COMPSYS,Computer Systems Engineering,715
COMPSYS 721,Machine Intelligence and Deep Learning,COMPSYS,Computer Systems Engineering,721
COMPSYS 722,Special Topic,COMPSYS,Computer Systems Engineering,722
COMPSYS 723,Embedded Systems Design,COMPSYS,Computer Systems Engineering,723
COMPSYS 725,Distributed Cyber-Physical Systems Design,COMPSYS,Computer Systems Engineering,725
COMPSYS 726,Robotics and Intelligent Systems,COMPSYS,Computer Systems Engineering,726
COMPSYS 727,Model-based Embedded Systems Design,COMPSYS,Computer Systems Engineering,727
COMPSYS 728,Special Topic,COMPSYS,Computer Systems Engineering,728
COMPSYS 729,Special Topic,COMPSYS,Computer Systems Engineering,729
COMPSYS 730,Robotics and Society,COMPSYS,Computer Systems Engineering,730
COMPSYS 731,Human-Robot Interaction,COMPSYS,Computer Systems Engineering,731
COMPSYS 732,Mobile Autonomous Robotics,COMPSYS,Computer Systems Engineering,732
COMPSYS 770,Capstone Project,COMPSYS,Computer Systems Engineering,770
COMPSYS 787,Project X,COMPSYS,Computer Systems Engineering,787
COMPSYS 788,Research Project,COMPSYS,Computer Systems Engineering,788
COMPSYS 788A,Research Project,COMPSYS,Computer Systems Engineering,788A
COMPSYS 788B,Research Project,COMPSYS,Computer Systems Engineering,788B
COMPSYS 789,Project Z,COMPSYS,Computer Systems Engineering,789
COMPSYS 792,Research Project (Robotics and Automation),COMPSYS,Computer Systems Engineering,792
COMPSYS 792A,Research Project (Robotics and Automation),COMPSYS,Computer Systems Engineering,792A
COMPSYS 792B,Research Project (Robotics and Automation),COMPSYS,Computer Systems Engineering,792B
COMPSYS 795,Research Project (Computer Systems),COMPSYS,Computer Systems Engineering,795
COMPSYS 795A,Research Project (Computer Systems),COMPSYS,Computer Systems Engineering,795A
COMPSYS 795B,Research Project (Computer Systems),COMPSYS,Computer Systems Engineering,795B
COMPSYS 796A,ME Thesis (Computer Systems),COMPSYS,Computer Systems Engineering,796A
COMPSYS 796B,ME Thesis (Computer Systems),COMPSYS,Computer Systems Engineering,796B
COOKIS 101,Introduction to Cook Islands Māori,COOKIS,Cook Islands Māori,101
COOKIS 101G,Introduction to Cook Islands Māori,COOKIS,Cook Islands Māori,101G
COOKIS 201,Cook Islands Māori Language 2,COOKIS,Cook Islands Māori,201
COOKIS 204,Special Topic,COOKIS,Cook Islands Māori,204
COOKIS 300,Special Topic,COOKIS,Cook Islands Māori,300
COOKIS 301,Cook Islands Māori Language 3,COOKIS,Cook Islands Māori,301
CREAT 700,"Therapy Practicum, Principles and Theory 1",CREAT,Creative Arts Therapies,700
CREAT 701,Culture and Communities in Creative Arts Therapies,CREAT,Creative Arts Therapies,701
CREAT 702,Creative Arts Therapies Practicum 1,CREAT,Creative Arts Therapies,702
CREAT 703,Creative Arts Therapies Practicum 2,CREAT,Creative Arts Therapies,703
CREAT 704,Creative Arts Therapies Practicum 3 - Level 9,CREAT,Creative Arts Therapies,704
CREAT 705,Psychology and Creative Arts Psychotherapy,CREAT,Creative Arts Therapies,705
CREAT 706,Creative Arts Therapies Professional Practice and Ethics,CREAT,Creative Arts Therapies,706
CREAT 707,Applied Creative Arts Therapeutic Practices 1,CREAT,Creative Arts Therapies,707
CREAT 708,Applied Creative Arts Therapeutic Practices 2,CREAT,Creative Arts Therapies,708
CREAT 709,Research Methods and Critical Analysis in Creative Arts,CREAT,Creative Arts Therapies,709
CREAT 790,Creative Arts Therapies Research Project – Level 9,CREAT,Creative Arts Therapies,790
CREWRIT 797A,Creative Writing,CREWRIT,Creative Writing,797A
CREWRIT 797B,Creative Writing,CREWRIT,Creative Writing,797B
CRIM 100,Big Ideas in Criminology,CRIM,Criminology,100
CRIM 200,Cultural Criminology,CRIM,Criminology,200
CRIM 202,Contemporary Issues in Punishment,CRIM,Criminology,202
CRIM 203,The Criminal Mind: Crime and Individual Differences,CRIM,Criminology,203
CRIM 204,Critical Studies in Policing,CRIM,Criminology,204
CRIM 205,"Crime, Media and Society",CRIM,Criminology,205
CRIM 206,Special Topic,CRIM,Criminology,206
CRIM 207,Criminology: Indigenous and Global,CRIM,Criminology,207
CRIM 208,Hate Crime,CRIM,Criminology,208
CRIM 209,Special Topic,CRIM,Criminology,209
CRIM 301,Issues in Criminal Justice,CRIM,Criminology,301
CRIM 304,Key Issues in Restorative Justice,CRIM,Criminology,304
CRIM 305,Victims and Victimology,CRIM,Criminology,305
CRIM 306,Special Topic,CRIM,Criminology,306
CRIM 307,Doing Time: Incarceration and Punishment,CRIM,Criminology,307
CRIM 308,Special Topic,CRIM,Criminology,308
CRIM 309,Critical Research in Criminology,CRIM,Criminology,309
CRIM 310,Paradoxes of Crime Technology,CRIM,Criminology,310
CRIM 700,Research in Criminology,CRIM,Criminology,700
CRIM 701,Criminological Theory,CRIM,Criminology,701
CRIM 702,Advanced Issues in Penology,CRIM,Criminology,702
CRIM 703,Contemporary Criminology,CRIM,Criminology,703
CRIM 704,State Crime,CRIM,Criminology,704
CRIM 705,Special Topic: Quantitative Criminology,CRIM,Criminology,705
CRIM 706,Special Topic: Critical Political Economy of Mass Incarceration,CRIM,Criminology,706
CRIM 707,Special Topic,CRIM,Criminology,707
CRIM 708,Directed Study,CRIM,Criminology,708
CRIM 709,Special Topic,CRIM,Criminology,709
CRIM 710,Cybercrime,CRIM,Criminology,710
CRIM 711,"Gender, Crime and Social Control",CRIM,Criminology,711
CRIM 780,Research Project,CRIM,Criminology,780
CRIM 780A,Research Project,CRIM,Criminology,780A
CRIM 780B,Research Project,CRIM,Criminology,780B
CRIM 793,Dissertation,CRIM,Criminology,793
CRIM 793A,Dissertation,CRIM,Criminology,793A
CRIM 793B,Dissertation,CRIM,Criminology,793B
CRIM 796A,Thesis,CRIM,Criminology,796A
CRIM 796B,Thesis,CRIM,Criminology,796B
CRIM 797A,Research Portfolio,CRIM,Criminology,797A
CRIM 797B,Research Portfolio,CRIM,Criminology,797B
CTFOUND 10F,English for Academic Purposes,CTFOUND,UoA Foundation Studies,10F
CTFOUND 11F,Accounting,CTFOUND,UoA Foundation Studies,11F
CTFOUND 12F,Art History,CTFOUND,UoA Foundation Studies,12F
CTFOUND 13F,Biology,CTFOUND,UoA Foundation Studies,13F
CTFOUND 14F,Chemistry,CTFOUND,UoA Foundation Studies,14F
CTFOUND 15F,Design,CTFOUND,UoA Foundation Studies,15F
CTFOUND 16F,Economics,CTFOUND,UoA Foundation Studies,16F
CTFOUND 17F,Mathematics with Calculus,CTFOUND,UoA Foundation Studies,17F
CTFOUND 18F,Mathematics with Modelling,CTFOUND,UoA Foundation Studies,18F
CTFOUND 19F,Geography,CTFOUND,UoA Foundation Studies,19F
CTFOUND 20F,Photography,CTFOUND,UoA Foundation Studies,20F
CTFOUND 21F,Physics,CTFOUND,UoA Foundation Studies,21F
CTFOUND 22F,Statistics,CTFOUND,UoA Foundation Studies,22F
CTFOUND 23F,Communication,CTFOUND,UoA Foundation Studies,23F
CTFOUND 39F,English for Academic Purposes,CTFOUND,UoA Foundation Studies,39F
CTFOUND 40F,English for Academic Purposes,CTFOUND,UoA Foundation Studies,40F
CTFOUND 41F,Accounting,CTFOUND,UoA Foundation Studies,41F
CTFOUND 42F,Art History,CTFOUND,UoA Foundation Studies,42F
CTFOUND 43F,Biology,CTFOUND,UoA Foundation Studies,43F
CTFOUND 44F,Chemistry,CTFOUND,UoA Foundation Studies,44F
CTFOUND 45F,Design,CTFOUND,UoA Foundation Studies,45F
CTFOUND 46F,Economics,CTFOUND,UoA Foundation Studies,46F
CTFOUND 47F,Mathematics with Calculus,CTFOUND,UoA Foundation Studies,47F
CTFOUND 48F,Mathematics with Modelling,CTFOUND,UoA Foundation Studies,48F
CTFOUND 49F,Geography,CTFOUND,UoA Foundation Studies,49F
CTFOUND 50F,Photography,CTFOUND,UoA Foundation Studies,50F
CTFOUND 51F,Physics,CTFOUND,UoA Foundation Studies,51F
CTFOUND 52F,Statistics,CTFOUND,UoA Foundation Studies,52F
DANCE 101,Introduction to Dance and Creative Processes,DANCE,Dance Studies,101
DANCE 101G,Introduction to Dance and Creative Processes,DANCE,Dance Studies,101G
DANCE 107,Dance History and Contexts,DANCE,Dance Studies,107
DANCE 110,Contemporary Dance and Choreography 1,DANCE,Dance Studies,110
DANCE 112,Dance Kinesiology,DANCE,Dance Studies,112
DANCE 120,Dance Vocabulary I,DANCE,Dance Studies,120
DANCE 121,Dance Technique,DANCE,Dance Studies,121
DANCE 131,Dance Education,DANCE,Dance Studies,131
DANCE 200,Dance and Culture,DANCE,Dance Studies,200
DANCE 200G,Dance and Culture,DANCE,Dance Studies,200G
DANCE 201,Dance and Interdisciplinarity,DANCE,Dance Studies,201
DANCE 207,Choreography and Performance,DANCE,Dance Studies,207
DANCE 210,Contemporary Dance and Choreography 2,DANCE,Dance Studies,210
DANCE 211,Special Topic,DANCE,Dance Studies,211
DANCE 212,New Zealand Dance Contexts and History,DANCE,Dance Studies,212
DANCE 215,Special Topic: Styles and Techniques: Street Dance and Jazz,DANCE,Dance Studies,215
DANCE 216,Indigenous Dance: Aotearoa and Te-Moana-Nui-a-Kiwa,DANCE,Dance Studies,216
DANCE 220,Dance Vocabulary II,DANCE,Dance Studies,220
DANCE 222,Safe Dance Practices,DANCE,Dance Studies,222
DANCE 231,Community Dance,DANCE,Dance Studies,231
DANCE 250,Special Topic: Social Dance,DANCE,Dance Studies,250
DANCE 300,Dance Project,DANCE,Dance Studies,300
DANCE 301,Dance and Improvisation,DANCE,Dance Studies,301
DANCE 302,Dance in Aotearoa New Zealand,DANCE,Dance Studies,302
DANCE 310,Contemporary Dance and Choreography 3,DANCE,Dance Studies,310
DANCE 312,Dance Production,DANCE,Dance Studies,312
DANCE 314,Dance and Technology,DANCE,Dance Studies,314
DANCE 315,Dance Composition,DANCE,Dance Studies,315
DANCE 316,He mana Motuhake o te-Moana-Nui-a-kiwa: Contemporary Indigenous Dance,DANCE,Dance Studies,316
DANCE 320,Dance Vocabulary III,DANCE,Dance Studies,320
DANCE 322,Professional Practices,DANCE,Dance Studies,322
DANCE 331,Dance Education Research,DANCE,Dance Studies,331
DANCE 350,Special Topic: Indigenous Contemporary Dance o te Moana Nui a Kiwa,DANCE,Dance Studies,350
DANCE 351,Special Topic: Advanced Performance,DANCE,Dance Studies,351
DANCE 720,Choreography and Performance Research,DANCE,Dance Studies,720
DANCE 722,Dance in Community and Education Research,DANCE,Dance Studies,722
DANCE 724,Research Methods and Critical Analysis in Dance Studies,DANCE,Dance Studies,724
DANCE 730,Dance Intensive,DANCE,Dance Studies,730
DANCE 761,Special Topic,DANCE,Dance Studies,761
DANCE 764,Special Topic,DANCE,Dance Studies,764
DANCE 770,Dance Project,DANCE,Dance Studies,770
DANCE 772,"Dance Therapy, Theory and Practice I",DANCE,Dance Studies,772
DANCE 773,"Dance Therapy, Theory and Practice II",DANCE,Dance Studies,773
DANCE 774,Psychology in Dance Movement Therapy,DANCE,Dance Studies,774
DANCE 775,Therapeutic Modalities of DMT,DANCE,Dance Studies,775
DANCE 776,Awareness and Analysis in DMT,DANCE,Dance Studies,776
DANCE 777A,Practicum in Dance Movement Therapy,DANCE,Dance Studies,777A
DANCE 777B,Practicum in Dance Movement Therapy,DANCE,Dance Studies,777B
DANCE 791,Research Project,DANCE,Dance Studies,791
DANCE 792A,Thesis,DANCE,Dance Studies,792A
DANCE 792B,Thesis,DANCE,Dance Studies,792B
DANCE 795A,Thesis in Community Dance,DANCE,Dance Studies,795A
DANCE 795B,Thesis in Community Dance,DANCE,Dance Studies,795B
DANCE 796A,Thesis,DANCE,Dance Studies,796A
DANCE 796B,Thesis,DANCE,Dance Studies,796B
DANCE 797A,Thesis in Dance Movement Therapy,DANCE,Dance Studies,797A
DANCE 797B,Thesis in Dance Movement Therapy,DANCE,Dance Studies,797B
DATASCI 100,Data Science for Everyone,DATASCI,Data Science,100
DATASCI 399,Capstone: Creating Value from Data,DATASCI,Data Science,399
DATASCI 709,Data Management,DATASCI,Data Science,709
DATASCI 779,Statistical Computing Skills for Professional Data Scientists,DATASCI,Data Science,779
DATASCI 791,Research Project,DATASCI,Data Science,791
DATASCI 791A,Research Project,DATASCI,Data Science,791A
DATASCI 791B,Research Project,DATASCI,Data Science,791B
DATASCI 792,Dissertation,DATASCI,Data Science,792
DATASCI 792A,Dissertation,DATASCI,Data Science,792A
DATASCI 792B,Dissertation,DATASCI,Data Science,792B
DESIGN 100,Design Methods and Processes 1,DESIGN,Design,100
DESIGN 101,Design Theory and Fundamentals,DESIGN,Design,101
DESIGN 102G,Design for Sustainable Futures,DESIGN,Design,102G
DESIGN 200,Design Methods and Processes 2,DESIGN,Design,200
DESIGN 201,Creative Communities,DESIGN,Design,201
DESIGN 210,"Identity, Indigeneity and Place",DESIGN,Design,210
DESIGN 211,Aotearoa New Zealand Narratives,DESIGN,Design,211
DESIGN 212,Local Making,DESIGN,Design,212
DESIGN 213,Food Design,DESIGN,Design,213
DESIGN 214,"Special Topic: Transdisciplinary Project in Design, Housing & Hauora",DESIGN,Design,214
DESIGN 220,Design Innovation,DESIGN,Design,220
DESIGN 221,Professional Design Practice,DESIGN,Design,221
DESIGN 222,Business Tools for Designers,DESIGN,Design,222
DESIGN 223,Game Design,DESIGN,Design,223
DESIGN 224,Special Topic: Visual Communication,DESIGN,Design,224
DESIGN 230,"Design, Wellbeing and Communities",DESIGN,Design,230
DESIGN 231,The Future of Work and Play,DESIGN,Design,231
DESIGN 232,Smart Homes and Cities,DESIGN,Design,232
DESIGN 233,Design for the Natural Environment,DESIGN,Design,233
DESIGN 240,Designing with Data,DESIGN,Design,240
DESIGN 241,Designing Mixed Realities,DESIGN,Design,241
DESIGN 242,Design and Autonomous Technology,DESIGN,Design,242
DESIGN 243,Design and Assistive Technologies,DESIGN,Design,243
DESIGN 300,Design Research Methodologies,DESIGN,Design,300
DESIGN 303,Design Research Practice,DESIGN,Design,303
DESIGN 304,Advanced Design Methods Capstone,DESIGN,Design,304
DESIGN 700,Design Research Methodologies,DESIGN,Design,700
DESIGN 701,Design Practices,DESIGN,Design,701
DESIGN 702,Design Technologies,DESIGN,Design,702
DESIGN 704,Design Impacts,DESIGN,Design,704
DESIGN 705,Design Futures,DESIGN,Design,705
DESIGN 706,Design Innovation,DESIGN,Design,706
DESIGN 709,Project Design,DESIGN,Design,709
DESIGN 710,Capstone Project,DESIGN,Design,710
DESIGN 710A,Capstone Project - Level 9,DESIGN,Design,710A
DESIGN 710B,Capstone Project - Level 9,DESIGN,Design,710B
DESIGN 711,Special Topic,DESIGN,Design,711
DESIGN 794A,Thesis - Level 9,DESIGN,Design,794A
DESIGN 794B,Thesis,DESIGN,Design,794B
DESIGN 795A,Research Portfolio,DESIGN,Design,795A
DESIGN 795B,Research Portfolio,DESIGN,Design,795B
DEVELOP 780,Research Project,DEVELOP,Development Studies,780
DEVELOP 780A,Research Project,DEVELOP,Development Studies,780A
DEVELOP 780B,Research Project,DEVELOP,Development Studies,780B
DEVELOP 791,Dissertation,DEVELOP,Development Studies,791
DEVELOP 792,Dissertation,DEVELOP,Development Studies,792
DEVELOP 792A,Dissertation,DEVELOP,Development Studies,792A
DEVELOP 792B,Dissertation,DEVELOP,Development Studies,792B
DEVELOP 793,Research Portfolio,DEVELOP,Development Studies,793
DEVELOP 793A,Research Portfolio,DEVELOP,Development Studies,793A
DEVELOP 793B,Research Portfolio,DEVELOP,Development Studies,793B
DEVELOP 794A,Thesis,DEVELOP,Development Studies,794A
DEVELOP 794B,Thesis,DEVELOP,Development Studies,794B
DEVELOP 796A,Thesis,DEVELOP,Development Studies,796A
DEVELOP 796B,Thesis,DEVELOP,Development Studies,796B
DIETETIC 703,Clinical Nutrition: Disease Pathophysiology and Management,DIETETIC,Dietetics,703
DIETETIC 707,Professional Skills 1,DIETETIC,Dietetics,707
DIETETIC 708,Professional Skills 2,DIETETIC,Dietetics,708
DIETETIC 709A,Professional Skills 3,DIETETIC,Dietetics,709A
DIETETIC 709B,Professional Skills 3,DIETETIC,Dietetics,709B
DIETETIC 710,Research Methods in Human Nutrition,DIETETIC,Dietetics,710
DIETETIC 793A,Thesis,DIETETIC,Dietetics,793A
DIETETIC 793B,Thesis,DIETETIC,Dietetics,793B
DIGIHLTH 701,Principles of Digital Health,DIGIHLTH,Digital Health,701
DIGIHLTH 702,Health Knowledge Management,DIGIHLTH,Digital Health,702
DIGIHLTH 703,New Zealand Health Data Landscape,DIGIHLTH,Digital Health,703
DIGIHLTH 704,Artificial Intelligence in Healthcare,DIGIHLTH,Digital Health,704
DIGIHLTH 705,Digital Health Design and Evaluation,DIGIHLTH,Digital Health,705
DIGIHLTH 706,Health Data Analytics,DIGIHLTH,Digital Health,706
DISABLTY 113G,Making Disabilities: The Construction of Ideas,DISABLTY,Disability Studies,113G
DISMGT 701,Disaster Risk Management - Level 9,DISMGT,Disaster Management,701
DISMGT 703,Disaster Management and Resilience,DISMGT,Disaster Management,703
DISMGT 704,Research Project,DISMGT,Disaster Management,704
DISMGT 704A,Research Project,DISMGT,Disaster Management,704A
DISMGT 704B,Research Project,DISMGT,Disaster Management,704B
DISMGT 705,Special Topic,DISMGT,Disaster Management,705
DISMGT 706,Special Topic,DISMGT,Disaster Management,706
DRAMA (307),"Special Topic: Listening Bodies: Theatre, Place, and Relational Practice ** available as of 01/01/2027",DRAMA,Drama,(307)
DRAMA (709A),Studio ** available as of 01/01/2027,DRAMA,Drama,(709A)
DRAMA (710),Directed Production ** available as of 01/01/2027,DRAMA,Drama,(710)
DRAMA (718),Playwriting ** available as of 01/01/2027,DRAMA,Drama,(718)
DRAMA (728),Research Principles for Theatre ** available as of 01/01/2027,DRAMA,Drama,(728)
DRAMA 100,Presentation and Performance Skills: Taking the Stage,DRAMA,Drama,100
DRAMA 100G,Presentation and Performance Skills: Taking the Stage,DRAMA,Drama,100G
DRAMA 202A,History and Performance,DRAMA,Drama,202A
DRAMA 202B,History and Performance,DRAMA,Drama,202B
DRAMA 203,Drama of Aotearoa New Zealand and the Pacific,DRAMA,Drama,203
DRAMA 205,Special Topic,DRAMA,Drama,205
DRAMA 301,Drama: Topics and Themes,DRAMA,Drama,301
DRAMA 302,Performance Skills,DRAMA,Drama,302
DRAMA 303,Drama of Aotearoa New Zealand and the Pacific,DRAMA,Drama,303
DRAMA 304,Contemporary Theatre Practice,DRAMA,Drama,304
DRAMA 305,Drama Tools,DRAMA,Drama,305
DRAMA 306,Production and Management Skills,DRAMA,Drama,306
DRAMA 307,Special Topic,DRAMA,Drama,307
DRAMA 708,Drama and the Mind,DRAMA,Drama,708
DRAMA 709,Studio,DRAMA,Drama,709
DRAMA 709B,Studio,DRAMA,Drama,709B
DRAMA 710,Semester One Production,DRAMA,Drama,710
DRAMA 711,Semester Two Production,DRAMA,Drama,711
DRAMA 716,Directed Study in Playwriting,DRAMA,Drama,716
DRAMA 717A,Long Play,DRAMA,Drama,717A
DRAMA 717B,Long Play,DRAMA,Drama,717B
DRAMA 718,Playwriting,DRAMA,Drama,718
DRAMA 719,Performance Skills,DRAMA,Drama,719
DRAMA 720,Advanced Playwriting,DRAMA,Drama,720
DRAMA 720A,Advanced Playwriting,DRAMA,Drama,720A
DRAMA 720B,Advanced Playwriting,DRAMA,Drama,720B
DRAMA 721,Directed Study in Drama 1,DRAMA,Drama,721
DRAMA 722,Directed Study in Drama 2,DRAMA,Drama,722
DRAMA 723,Special Topic,DRAMA,Drama,723
DRAMA 723A,Special Topic,DRAMA,Drama,723A
DRAMA 723B,Special Topic,DRAMA,Drama,723B
DRAMA 724,Special Topic,DRAMA,Drama,724
DRAMA 724A,Special Topic,DRAMA,Drama,724A
DRAMA 724B,Special Topic,DRAMA,Drama,724B
DRAMA 725,Special Topic in Drama,DRAMA,Drama,725
DRAMA 726,Special Topic,DRAMA,Drama,726
DRAMA 728,Research Principles for Theatre,DRAMA,Drama,728
DRAMA 730,Studio/Project in Practical Drama,DRAMA,Drama,730
DRAMA 730A,Studio/Project in Practical Drama,DRAMA,Drama,730A
DRAMA 730B,Studio/Project in Practical Drama,DRAMA,Drama,730B
DRAMA 770,Studio/Project in Drama,DRAMA,Drama,770
DRAMA 770A,Studio/Project in Drama,DRAMA,Drama,770A
DRAMA 770B,Studio/Project in Drama,DRAMA,Drama,770B
DRAMA 783,Dissertation,DRAMA,Drama,783
DRAMA 783A,Dissertation,DRAMA,Drama,783A
DRAMA 783B,Dissertation,DRAMA,Drama,783B
DRAMA 789A,Thesis,DRAMA,Drama,789A
DRAMA 790,Research Project,DRAMA,Drama,790
DRAMA 790A,Research Project,DRAMA,Drama,790A
DRAMA 790B,Research Project,DRAMA,Drama,790B
DRAMA 792,Dissertation,DRAMA,Drama,792
DRAMA 792A,Dissertation,DRAMA,Drama,792A
DRAMA 792B,Dissertation,DRAMA,Drama,792B
DRAMA 793A,Thesis,DRAMA,Drama,793A
DRAMA 793B,Thesis,DRAMA,Drama,793B
DRAMA 795A,Thesis,DRAMA,Drama,795A
DRAMA 795B,Thesis,DRAMA,Drama,795B
DRAMA 796A,Thesis,DRAMA,Drama,796A
DRAMA 796B,Thesis,DRAMA,Drama,796B
DRAMA 797A,Research Portfolio,DRAMA,Drama,797A
DRAMA 797B,Research Portfolio,DRAMA,Drama,797B
EARTHSCI 105,Earth’s Natural Hazards,EARTHSCI,Earth Sciences,105
EARTHSCI 105G,Earth’s Natural Hazards,EARTHSCI,Earth Sciences,105G
EARTHSCI 202,4.5 Billion Years of Earth and its Life,EARTHSCI,Earth Sciences,202
EARTHSCI 203,Earth’s Resources and Future,EARTHSCI,Earth Sciences,203
EARTHSCI 208,Buckled and Broken: Our Stressed Planet,EARTHSCI,Earth Sciences,208
EARTHSCI 209,Special Topic,EARTHSCI,Earth Sciences,209
EARTHSCI 220,Practice in Earth Sciences 1,EARTHSCI,Earth Sciences,220
EARTHSCI 303,Dynamic Sedimentary Environments,EARTHSCI,Earth Sciences,303
EARTHSCI 308,Tectonic and Magmatic Systems,EARTHSCI,Earth Sciences,308
EARTHSCI 309,Special Topic,EARTHSCI,Earth Sciences,309
EARTHSCI 315,Analytical Skills in Geology,EARTHSCI,Earth Sciences,315
EARTHSCI 320,Practice in Earth Sciences 2,EARTHSCI,Earth Sciences,320
EARTHSCI 372,Engineering Geology,EARTHSCI,Earth Sciences,372
EARTHSCI 390,Directed Study,EARTHSCI,Earth Sciences,390
EARTHSCI 399,Capstone: Earth Sciences,EARTHSCI,Earth Sciences,399
EARTHSCI 703,Hydrothermal Systems,EARTHSCI,Earth Sciences,703
EARTHSCI 704,Directed Study in Earth Sciences,EARTHSCI,Earth Sciences,704
EARTHSCI 705,Geohazards,EARTHSCI,Earth Sciences,705
EARTHSCI 709,Special Topic,EARTHSCI,Earth Sciences,709
EARTHSCI 714,Faults and Fluids,EARTHSCI,Earth Sciences,714
EARTHSCI 720,Environmental Geochemistry,EARTHSCI,Earth Sciences,720
EARTHSCI 732,Exploring Environmental Change,EARTHSCI,Earth Sciences,732
EARTHSCI 752,Volcanoes,EARTHSCI,Earth Sciences,752
EARTHSCI 754,Integrated Sedimentology and Tectonics,EARTHSCI,Earth Sciences,754
EARTHSCI 770,Engineering Geological Mapping,EARTHSCI,Earth Sciences,770
EARTHSCI 771,Advanced Engineering Geology,EARTHSCI,Earth Sciences,771
EARTHSCI 772,Hydrogeology,EARTHSCI,Earth Sciences,772
EARTHSCI 785,BAdvSci(Hons) Dissertation in Geology,EARTHSCI,Earth Sciences,785
EARTHSCI 785A,BAdvSci(Hons) Dissertation in Geology,EARTHSCI,Earth Sciences,785A
EARTHSCI 785B,BAdvSci(Hons) Dissertation in Geology,EARTHSCI,Earth Sciences,785B
EARTHSCI 789,Honours Research Project,EARTHSCI,Earth Sciences,789
EARTHSCI 789A,Honours Research Project,EARTHSCI,Earth Sciences,789A
EARTHSCI 789B,Honours Research Project,EARTHSCI,Earth Sciences,789B
EARTHSCI 793,Dissertation in Engineering Geology - Level 9,EARTHSCI,Earth Sciences,793
EARTHSCI 793A,Dissertation in Engineering Geology - Level 9,EARTHSCI,Earth Sciences,793A
EARTHSCI 793B,Dissertation in Engineering Geology - Level 9,EARTHSCI,Earth Sciences,793B
EARTHSCI 794A,Thesis in Engineering Geology,EARTHSCI,Earth Sciences,794A
EARTHSCI 794B,Thesis in Engineering Geology,EARTHSCI,Earth Sciences,794B
EARTHSCI 796A,MSc Thesis in Earth Sciences,EARTHSCI,Earth Sciences,796A
EARTHSCI 796B,MSc Thesis in Earth Sciences,EARTHSCI,Earth Sciences,796B
ECOLOG 301,Advanced Research Skills in Ecology,ECOLOG,Ecology,301
ECOLOG 789,Dissertation,ECOLOG,Ecology,789
ECOLOG 789A,Dissertation,ECOLOG,Ecology,789A
ECOLOG 789B,Dissertation,ECOLOG,Ecology,789B
ECON 151,Understanding the Global Economy,ECON,Economics,151
ECON 151G,Understanding the Global Economy,ECON,Economics,151G
ECON 152,Principles of Economics,ECON,Economics,152
ECON 200,Special Topic,ECON,Economics,200
ECON 201,Microeconomics Analysis,ECON,Economics,201
ECON 203,Principles of Political Economy,ECON,Economics,203
ECON 211,Macroeconomics Analysis,ECON,Economics,211
ECON 212,Strategic Reasoning,ECON,Economics,212
ECON 221,Introduction to Econometrics,ECON,Economics,221
ECON 271,Behavioural Economics,ECON,Economics,271
ECON 300,Directed Study,ECON,Economics,300
ECON 301,Advanced Microeconomics,ECON,Economics,301
ECON 302,Labour Economics,ECON,Economics,302
ECON 303,"Law, Economics and Institutions",ECON,Economics,303
ECON 304,Industrial and Digital Economics,ECON,Economics,304
ECON 306,Evidence-based Policy Making,ECON,Economics,306
ECON 311,Advanced Macroeconomics,ECON,Economics,311
ECON 321,Financial and Macro Econometrics,ECON,Economics,321
ECON 341,International Trade,ECON,Economics,341
ECON 351,Financial Economics,ECON,Economics,351
ECON 352,International Finance,ECON,Economics,352
ECON 361,Public Economics,ECON,Economics,361
ECON 372,Energy and Environmental Economics,ECON,Economics,372
ECON 700,Special Topic,ECON,Economics,700
ECON 701,Microeconomic Theory,ECON,Economics,701
ECON 704,Directed Study,ECON,Economics,704
ECON 706,Information and Digital Economy,ECON,Economics,706
ECON 711,Macroeconomic Theory and Policy,ECON,Economics,711
ECON 712,"Topics in Money, Banking and Finance",ECON,Economics,712
ECON 720,Econometric Methods,ECON,Economics,720
ECON 722,Applied Microeconometrics,ECON,Economics,722
ECON 723,Time Series and Panel Data Econometrics,ECON,Economics,723
ECON 748,International Economics,ECON,Economics,748
ECON 751,Advanced International Finance,ECON,Economics,751
ECON 759,Applied Research Consultancy Project,ECON,Economics,759
ECON 766,Political Economy,ECON,Economics,766
ECON 777,Economic Development and Wellbeing,ECON,Economics,777
ECON 780,Climate and Energy Economics,ECON,Economics,780
ECON 786,Behavioural and Applied Economics,ECON,Economics,786
ECON 787,Research Project,ECON,Economics,787
ECON 788,Research Project,ECON,Economics,788
ECON 788A,Research Project,ECON,Economics,788A
ECON 788B,Research Project,ECON,Economics,788B
ECON 791,Dissertation,ECON,Economics,791
ECON 791A,Dissertation,ECON,Economics,791A
ECON 791B,Dissertation,ECON,Economics,791B
ECON 792,Dissertation,ECON,Economics,792
ECON 792A,Dissertation,ECON,Economics,792A
ECON 792B,Dissertation,ECON,Economics,792B
ECON 796A,Thesis,ECON,Economics,796A
ECON 796B,Thesis,ECON,Economics,796B
EDCURRIC 101,Arts Education Primary,EDCURRIC,Education Curriculum Studies,101
EDCURRIC 102,Language and Literacy Education Primary 1,EDCURRIC,Education Curriculum Studies,102
EDCURRIC 103,Health and Physical Education,EDCURRIC,Education Curriculum Studies,103
EDCURRIC 104,Primary Mathematics and Statistics Education 1,EDCURRIC,Education Curriculum Studies,104
EDCURRIC 105,Science Education Primary,EDCURRIC,Education Curriculum Studies,105
EDCURRIC 106,Social Studies Education Primary,EDCURRIC,Education Curriculum Studies,106
EDCURRIC 107,Technology Education Primary,EDCURRIC,Education Curriculum Studies,107
EDCURRIC 108,Mathematics and Statistics Education 1,EDCURRIC,Education Curriculum Studies,108
EDCURRIC 109,Languages and Literacies Education 1,EDCURRIC,Education Curriculum Studies,109
EDCURRIC 110,Dance/Drama in the Early Years,EDCURRIC,Education Curriculum Studies,110
EDCURRIC 111,Experiencing Technology,EDCURRIC,Education Curriculum Studies,111
EDCURRIC 112,Hauora: Early Years Movement,EDCURRIC,Education Curriculum Studies,112
EDCURRIC 113,Science and Technology Education 1.,EDCURRIC,Education Curriculum Studies,113
EDCURRIC 114,Music in the Early Years,EDCURRIC,Education Curriculum Studies,114
EDCURRIC 115,Science in the Early Years,EDCURRIC,Education Curriculum Studies,115
EDCURRIC 116,Visual Arts in the Early Years,EDCURRIC,Education Curriculum Studies,116
EDCURRIC 117,Arts Education,EDCURRIC,Education Curriculum Studies,117
EDCURRIC 118,Early Childhood Curriculum,EDCURRIC,Education Curriculum Studies,118
EDCURRIC 119,Health and Physical Education and Social Studies Education 1.,EDCURRIC,Education Curriculum Studies,119
EDCURRIC 201,Mathematics and Statistics Education 2,EDCURRIC,Education Curriculum Studies,201
EDCURRIC 202,Languages and Literacy Education Primary 2,EDCURRIC,Education Curriculum Studies,202
EDCURRIC 203,Languages and Literacies in Education 2,EDCURRIC,Education Curriculum Studies,203
EDCURRIC 204,Primary Mathematics and Statistics Education 2,EDCURRIC,Education Curriculum Studies,204
EDCURRIC 205,Science and Technology Education 2,EDCURRIC,Education Curriculum Studies,205
EDCURRIC 206,Health and Physical Education and Social Studies Education 2,EDCURRIC,Education Curriculum Studies,206
EDCURRIC 207,Curriculum and Pedagogy,EDCURRIC,Education Curriculum Studies,207
EDCURRIC 208,Investigation and Exploration,EDCURRIC,Education Curriculum Studies,208
EDCURRIC 209,"Literacies, Languages, and Cultures",EDCURRIC,Education Curriculum Studies,209
EDCURRIC 211,Languages and Literacies,EDCURRIC,Education Curriculum Studies,211
EDCURRIC 212,Mathematics in the Early Years,EDCURRIC,Education Curriculum Studies,212
EDCURRIC 213,Social Sciences Education,EDCURRIC,Education Curriculum Studies,213
EDCURRIC 216,Hauora,EDCURRIC,Education Curriculum Studies,216
EDCURRIC 217,Creative Arts in the Early Years,EDCURRIC,Education Curriculum Studies,217
EDCURRIC 218,Teaching Literacy and Maths,EDCURRIC,Education Curriculum Studies,218
EDCURRIC 220,Special Topic,EDCURRIC,Education Curriculum Studies,220
EDCURRIC 234,Physical Activity and Health,EDCURRIC,Education Curriculum Studies,234
EDCURRIC 237,Recreation and Leisure,EDCURRIC,Education Curriculum Studies,237
EDCURRIC 244,Special Study,EDCURRIC,Education Curriculum Studies,244
EDCURRIC 255,Special Study,EDCURRIC,Education Curriculum Studies,255
EDCURRIC 277,Special Study,EDCURRIC,Education Curriculum Studies,277
EDCURRIC 288,Special Study,EDCURRIC,Education Curriculum Studies,288
EDCURRIC 303,Scientific and Technological Literacies: Primary,EDCURRIC,Education Curriculum Studies,303
EDCURRIC 310,Pasifika Learners,EDCURRIC,Education Curriculum Studies,310
EDCURRIC 315,Special Topic,EDCURRIC,Education Curriculum Studies,315
EDCURRIC 322,Special Study,EDCURRIC,Education Curriculum Studies,322
EDCURRIC 325,Curriculum in Maths and Literacy 1,EDCURRIC,Education Curriculum Studies,325
EDCURRIC 326,Curriculum in Maths and Literacy 2,EDCURRIC,Education Curriculum Studies,326
EDCURRIC 335,Research Study in Health and Physical Education,EDCURRIC,Education Curriculum Studies,335
EDCURRIC 338,Enhancing Teaching Through Science,EDCURRIC,Education Curriculum Studies,338
EDCURRIC 339,Developing Classroom Mathematics Programmes,EDCURRIC,Education Curriculum Studies,339
EDCURRIC 345,Literacy in the Primary School,EDCURRIC,Education Curriculum Studies,345
EDCURRIC 349A,Understanding and Extending Mathematical Thinking,EDCURRIC,Education Curriculum Studies,349A
EDCURRIC 349B,Understanding and Extending Mathematical Thinking,EDCURRIC,Education Curriculum Studies,349B
EDCURRIC 350,Teaching Mathematics Investigations,EDCURRIC,Education Curriculum Studies,350
EDCURRIC 356,Teaching and Learning in the Visual Arts,EDCURRIC,Education Curriculum Studies,356
EDCURRIC 361,The Performance Arts in Education,EDCURRIC,Education Curriculum Studies,361
EDCURRIC 362,Drama and Learning,EDCURRIC,Education Curriculum Studies,362
EDCURRIC 363,Drama Studies,EDCURRIC,Education Curriculum Studies,363
EDCURRIC 364,Special Topic,EDCURRIC,Education Curriculum Studies,364
EDCURRIC 365,Special Topic,EDCURRIC,Education Curriculum Studies,365
EDCURRIC 366,Special Topic,EDCURRIC,Education Curriculum Studies,366
EDCURRIC 368,Initiating and Supporting Learning in Music,EDCURRIC,Education Curriculum Studies,368
EDCURRIC 369A,Mathematical Literacy for Lower-achieving Students,EDCURRIC,Education Curriculum Studies,369A
EDCURRIC 369B,Mathematical Literacy for Lower-achieving Students,EDCURRIC,Education Curriculum Studies,369B
EDCURRIC 386,Languages and Social Sciences,EDCURRIC,Education Curriculum Studies,386
EDCURRIC 387,"The Arts, Health and PE",EDCURRIC,Education Curriculum Studies,387
EDCURRIC 388,Science and Technology Curriculum,EDCURRIC,Education Curriculum Studies,388
EDCURRIC 430,Curriculum Issues in Health and Physical Education,EDCURRIC,Education Curriculum Studies,430
EDCURRIC 431,Physical Education Pedagogy,EDCURRIC,Education Curriculum Studies,431
EDCURRIC 433,The Health Educator,EDCURRIC,Education Curriculum Studies,433
EDCURRIC 600,"Literacies, Languages, Cultures",EDCURRIC,Education Curriculum Studies,600
EDCURRIC 601,Creative Arts in the Early Years,EDCURRIC,Education Curriculum Studies,601
EDCURRIC 604,Health and Physical Education,EDCURRIC,Education Curriculum Studies,604
EDCURRIC 610,Science Education,EDCURRIC,Education Curriculum Studies,610
EDCURRIC 611,Social Studies Education,EDCURRIC,Education Curriculum Studies,611
EDCURRIC 613,Special Topic,EDCURRIC,Education Curriculum Studies,613
EDCURRIC 620,Special Topic,EDCURRIC,Education Curriculum Studies,620
EDCURRIC 621,"Arts, Language and Literacies Education 1",EDCURRIC,Education Curriculum Studies,621
EDCURRIC 622,"Arts, Language and Literacies Education 2",EDCURRIC,Education Curriculum Studies,622
EDCURRIC 623,Investigation and Exploration,EDCURRIC,Education Curriculum Studies,623
EDCURRIC 624,Curriculum and Pedagogy,EDCURRIC,Education Curriculum Studies,624
EDCURRIC 625,Curriculum: Maths and Literacy 1,EDCURRIC,Education Curriculum Studies,625
EDCURRIC 626,Curriculum: Maths and Literacy 2,EDCURRIC,Education Curriculum Studies,626
EDCURRIC 627,Designing the Wider Curriculum,EDCURRIC,Education Curriculum Studies,627
EDCURRIC 627A,Designing the Wider Curriculum,EDCURRIC,Education Curriculum Studies,627A
EDCURRIC 627B,Designing the Wider Curriculum,EDCURRIC,Education Curriculum Studies,627B
EDCURRIC 628,"Mathematics, Statistics and Technology Education 1",EDCURRIC,Education Curriculum Studies,628
EDCURRIC 629,"Mathematics, Statistics and Technology Education 2",EDCURRIC,Education Curriculum Studies,629
EDCURRIC 630,Early Years Curriculum,EDCURRIC,Education Curriculum Studies,630
EDCURRIC 631,Languages and Cultures,EDCURRIC,Education Curriculum Studies,631
EDCURRIC 632,The Arts,EDCURRIC,Education Curriculum Studies,632
EDCURRIC 633,Te Ao Māori Early Childhood Education,EDCURRIC,Education Curriculum Studies,633
EDCURRIC 634,Hauora,EDCURRIC,Education Curriculum Studies,634
EDCURRIC 635,Exploration,EDCURRIC,Education Curriculum Studies,635
EDCURRIC 638,Learning Languages and Social Sciences,EDCURRIC,Education Curriculum Studies,638
EDCURRIC 639,Science and Technology Curriculum,EDCURRIC,Education Curriculum Studies,639
EDCURRIC 640,"The Arts, Health and PE",EDCURRIC,Education Curriculum Studies,640
EDCURRIC 700,Contemporary Pedagogies,EDCURRIC,Education Curriculum Studies,700
EDCURRIC 701,Special Topic,EDCURRIC,Education Curriculum Studies,701
EDCURRIC 702,The Arts: Creative Practices,EDCURRIC,Education Curriculum Studies,702
EDCURRIC 704,Bridging Science and Society,EDCURRIC,Education Curriculum Studies,704
EDCURRIC 705,Special Topic: Effective Language Teaching,EDCURRIC,Education Curriculum Studies,705
EDCURRIC 705A,Special Topic,EDCURRIC,Education Curriculum Studies,705A
EDCURRIC 705B,Special Topic,EDCURRIC,Education Curriculum Studies,705B
EDCURRIC 706,Researching Practice in the Second Language School Classroom,EDCURRIC,Education Curriculum Studies,706
EDCURRIC 709A,Literacy Intervention: Individual Inquiry,EDCURRIC,Education Curriculum Studies,709A
EDCURRIC 709B,Literacy Intervention: Individual Inquiry,EDCURRIC,Education Curriculum Studies,709B
EDCURRIC 712A,"Literacy Intervention: Design, Implementation and Research",EDCURRIC,Education Curriculum Studies,712A
EDCURRIC 712B,"Literacy Intervention: Design, Implementation and Research",EDCURRIC,Education Curriculum Studies,712B
EDCURRIC 714,Exploring Mathematical Thinking,EDCURRIC,Education Curriculum Studies,714
EDCURRIC 720,Teaching with Digital Pedagogies - Level 9,EDCURRIC,Education Curriculum Studies,720
EDCURRIC 721,Mental Health and Wellbeing in Schools,EDCURRIC,Education Curriculum Studies,721
EDCURRIC 722,Teacher Leadership for Learning Equity,EDCURRIC,Education Curriculum Studies,722
EDCURRIC 723,STEM Education in Years 0-8,EDCURRIC,Education Curriculum Studies,723
EDCURRIC 725,Special Topic: Curriculum Changes in Aotearoa,EDCURRIC,Education Curriculum Studies,725
EDCURRIC 726,"Literacies, Languages, Cultures",EDCURRIC,Education Curriculum Studies,726
EDCURRIC 727,Creative Arts in Early Years,EDCURRIC,Education Curriculum Studies,727
EDCURRIC 728,"Special Topic: Current Issues: Sport, Health, Physical Education",EDCURRIC,Education Curriculum Studies,728
EDCURRIC 728A,Special Topic,EDCURRIC,Education Curriculum Studies,728A
EDCURRIC 728B,Special Topic,EDCURRIC,Education Curriculum Studies,728B
EDCURRIC 729,Special Study,EDCURRIC,Education Curriculum Studies,729
EDCURRIC 729A,Special Study,EDCURRIC,Education Curriculum Studies,729A
EDCURRIC 729B,Special Study,EDCURRIC,Education Curriculum Studies,729B
EDCURRIC 730,"Special Topic: Gender, Sexuality and Education",EDCURRIC,Education Curriculum Studies,730
EDCURRIC 731,Special Topic: Island Futures: Pacific youth wellbeing and education,EDCURRIC,Education Curriculum Studies,731
EDCURRIC 732,Investigation and Exploration,EDCURRIC,Education Curriculum Studies,732
EDCURRIC 733,Curriculum and Pedagogy,EDCURRIC,Education Curriculum Studies,733
EDCURRIC 734,Exploring Contemporary Pedagogies,EDCURRIC,Education Curriculum Studies,734
EDCURRIC 740,Digital Interventions for Learning,EDCURRIC,Education Curriculum Studies,740
EDCURRIC 740A,Digital Interventions for Learning,EDCURRIC,Education Curriculum Studies,740A
EDCURRIC 740B,Digital Interventions for Learning,EDCURRIC,Education Curriculum Studies,740B
EDCURRIC 750,Arts Research: Innovative Practices,EDCURRIC,Education Curriculum Studies,750
EDCURRIC 763,Special Topic,EDCURRIC,Education Curriculum Studies,763
EDCURRIC 791,Enterprise and Innovation in Education,EDCURRIC,Education Curriculum Studies,791
EDCURRIC 796A,MEd Thesis,EDCURRIC,Education Curriculum Studies,796A
EDCURRIC 796B,MEd Thesis,EDCURRIC,Education Curriculum Studies,796B
EDCURRIC 797,Dissertation,EDCURRIC,Education Curriculum Studies,797
EDCURRIC 797A,Dissertation,EDCURRIC,Education Curriculum Studies,797A
EDCURRIC 797B,Dissertation,EDCURRIC,Education Curriculum Studies,797B
EDCURRM 102,Te Reo Matatini Te Pihinga,EDCURRM,Education Curriculum Māori,102
EDCURRM 108,Pāngarau: He Whakatakinga,EDCURRM,Education Curriculum Māori,108
EDCURRM 109,Te reo Matatini 1: Te Pihinga,EDCURRM,Education Curriculum Māori,109
EDCURRM 111,Hauora,EDCURRM,Education Curriculum Māori,111
EDCURRM 114,Pūtaiao - He Whakatakinga,EDCURRM,Education Curriculum Māori,114
EDCURRM 117,Ngā Toi: He Whakatakinga,EDCURRM,Education Curriculum Māori,117
EDCURRM 119,Tikanga ā-iwi: He Whakatakinga,EDCURRM,Education Curriculum Māori,119
EDCURRM 201,Pāngarau: He Puāwaitanga,EDCURRM,Education Curriculum Māori,201
EDCURRM 203,Te Reo Matatini 2: Te Puanga,EDCURRM,Education Curriculum Māori,203
EDCURRM 205,Hangarau me te Pūtaiao - He Whakawhanaketanga,EDCURRM,Education Curriculum Māori,205
EDCURRM 207,Hangarau - He Whakatakinga,EDCURRM,Education Curriculum Māori,207
EDCURRM 220,Special Topic,EDCURRM,Education Curriculum Māori,220
EDCURRM 320,Special Topic,EDCURRM,Education Curriculum Māori,320
EDCURRM 321,Special Topic,EDCURRM,Education Curriculum Māori,321
EDCURRPK 111,Ng ue'aki e Tekinolosia,EDCURRPK,Education Curriculum Pasifika,111
EDCURRPK 115,Apii taieni I nga mataiti mua,EDCURRPK,Education Curriculum Pasifika,115
EDCURRPK 116,LafilafiagaTau tufuga Pasifika,EDCURRPK,Education Curriculum Pasifika,116
EDCURRPK 120,Na i vakarau ni vuli ka ena Pasifika,EDCURRPK,Education Curriculum Pasifika,120
EDCURRPK 121,Moui olaola,EDCURRPK,Education Curriculum Pasifika,121
EDCURRPK 210,Aoaoga o fanau laiti,EDCURRPK,Education Curriculum Pasifika,210
EDCURRPK 211,Gagana ma lana matafaioi,EDCURRPK,Education Curriculum Pasifika,211
EDCURRPK 212,Fika 'i he Fanau Iiki,EDCURRPK,Education Curriculum Pasifika,212
EDCURRPK 313,Tuvatuva vakarautaki ena vuli me qito,EDCURRPK,Education Curriculum Pasifika,313
EDCURRPK 322,Moui fakaagaga i loto he tau Aoga Fanau Ikiiki he Pasifika,EDCURRPK,Education Curriculum Pasifika,322
EDCURRPK 353,Su'esu'ega loloto i le faaaogaina o gagana,EDCURRPK,Education Curriculum Pasifika,353
EDCURSEC 601,Teaching Years 7-10 Mathematics and Statistics,EDCURSEC,Educ Curriculum Secondary Dipl,601
EDCURSEC 602,Teaching Years 9-11 Mathematics and Statistics,EDCURSEC,Educ Curriculum Secondary Dipl,602
EDCURSEC 603,Curriculum Statistics Education 2,EDCURSEC,Educ Curriculum Secondary Dipl,603
EDCURSEC 603A,Curriculum Statistics Education 2,EDCURSEC,Educ Curriculum Secondary Dipl,603A
EDCURSEC 603B,Curriculum Statistics Education 2,EDCURSEC,Educ Curriculum Secondary Dipl,603B
EDCURSEC 604,Senior Mathematics Education,EDCURSEC,Educ Curriculum Secondary Dipl,604
EDCURSEC 604A,Senior Mathematics Education,EDCURSEC,Educ Curriculum Secondary Dipl,604A
EDCURSEC 604B,Senior Mathematics Education,EDCURSEC,Educ Curriculum Secondary Dipl,604B
EDCURSEC 607,Physical Education Practice,EDCURSEC,Educ Curriculum Secondary Dipl,607
EDCURSEC 608,Physical Education Curriculum,EDCURSEC,Educ Curriculum Secondary Dipl,608
EDCURSEC 608A,Physical Education Curriculum,EDCURSEC,Educ Curriculum Secondary Dipl,608A
EDCURSEC 608B,Physical Education Curriculum,EDCURSEC,Educ Curriculum Secondary Dipl,608B
EDCURSEC 611,Teaching Health Education 1,EDCURSEC,Educ Curriculum Secondary Dipl,611
EDCURSEC 612,Teaching Health Education 2,EDCURSEC,Educ Curriculum Secondary Dipl,612
EDCURSEC 612A,Teaching Health Education 2,EDCURSEC,Educ Curriculum Secondary Dipl,612A
EDCURSEC 612B,Teaching Health Education 2,EDCURSEC,Educ Curriculum Secondary Dipl,612B
EDCURSEC 613,Teaching and Learning Science 1,EDCURSEC,Educ Curriculum Secondary Dipl,613
EDCURSEC 614,Teaching and Learning Science 2,EDCURSEC,Educ Curriculum Secondary Dipl,614
EDCURSEC 614A,Teaching and Learning Science 2,EDCURSEC,Educ Curriculum Secondary Dipl,614A
EDCURSEC 614B,Teaching and Learning Science 2,EDCURSEC,Educ Curriculum Secondary Dipl,614B
EDCURSEC 615,Teaching and Learning Science 3,EDCURSEC,Educ Curriculum Secondary Dipl,615
EDCURSEC 616A,Teaching Chemistry Education,EDCURSEC,Educ Curriculum Secondary Dipl,616A
EDCURSEC 616B,Teaching Chemistry Education,EDCURSEC,Educ Curriculum Secondary Dipl,616B
EDCURSEC 617A,Teaching Biology Education,EDCURSEC,Educ Curriculum Secondary Dipl,617A
EDCURSEC 617B,Teaching Biology Education,EDCURSEC,Educ Curriculum Secondary Dipl,617B
EDCURSEC 618A,Teaching Physics Education,EDCURSEC,Educ Curriculum Secondary Dipl,618A
EDCURSEC 618B,Teaching Physics Education,EDCURSEC,Educ Curriculum Secondary Dipl,618B
EDCURSEC 624,Social Studies Education 1,EDCURSEC,Educ Curriculum Secondary Dipl,624
EDCURSEC 624A,Social Studies Education 1,EDCURSEC,Educ Curriculum Secondary Dipl,624A
EDCURSEC 624B,Social Studies Education 1,EDCURSEC,Educ Curriculum Secondary Dipl,624B
EDCURSEC 625,Social Studies Education 2,EDCURSEC,Educ Curriculum Secondary Dipl,625
EDCURSEC 626,Geography for Teaching 1,EDCURSEC,Educ Curriculum Secondary Dipl,626
EDCURSEC 626A,Geography for Teaching 1,EDCURSEC,Educ Curriculum Secondary Dipl,626A
EDCURSEC 626B,Geography for Teaching 1,EDCURSEC,Educ Curriculum Secondary Dipl,626B
EDCURSEC 627,Geography for Teaching 2,EDCURSEC,Educ Curriculum Secondary Dipl,627
EDCURSEC 627A,Geography for Teaching 2,EDCURSEC,Educ Curriculum Secondary Dipl,627A
EDCURSEC 627B,Geography for Teaching 2,EDCURSEC,Educ Curriculum Secondary Dipl,627B
EDCURSEC 630,History for Teaching 1,EDCURSEC,Educ Curriculum Secondary Dipl,630
EDCURSEC 630A,History for Teaching 1,EDCURSEC,Educ Curriculum Secondary Dipl,630A
EDCURSEC 630B,History for Teaching 1,EDCURSEC,Educ Curriculum Secondary Dipl,630B
EDCURSEC 631,History for Teaching 2,EDCURSEC,Educ Curriculum Secondary Dipl,631
EDCURSEC 631A,History for Teaching 2,EDCURSEC,Educ Curriculum Secondary Dipl,631A
EDCURSEC 631B,History for Teaching 2,EDCURSEC,Educ Curriculum Secondary Dipl,631B
EDCURSEC 634,Economics Education,EDCURSEC,Educ Curriculum Secondary Dipl,634
EDCURSEC 634A,Economics Education,EDCURSEC,Educ Curriculum Secondary Dipl,634A
EDCURSEC 634B,Economics Education,EDCURSEC,Educ Curriculum Secondary Dipl,634B
EDCURSEC 636A,Accounting Education,EDCURSEC,Educ Curriculum Secondary Dipl,636A
EDCURSEC 636B,Accounting Education,EDCURSEC,Educ Curriculum Secondary Dipl,636B
EDCURSEC 638A,Business Studies 1,EDCURSEC,Educ Curriculum Secondary Dipl,638A
EDCURSEC 638B,Business Studies 1,EDCURSEC,Educ Curriculum Secondary Dipl,638B
EDCURSEC 639,The Learning Area of Technology,EDCURSEC,Educ Curriculum Secondary Dipl,639
EDCURSEC 641,Teaching Specialist Technological Practice,EDCURSEC,Educ Curriculum Secondary Dipl,641
EDCURSEC 641A,Teaching Specialist Technological Practice,EDCURSEC,Educ Curriculum Secondary Dipl,641A
EDCURSEC 641B,Teaching Specialist Technological Practice,EDCURSEC,Educ Curriculum Secondary Dipl,641B
EDCURSEC 642,Implementing Technology Education,EDCURSEC,Educ Curriculum Secondary Dipl,642
EDCURSEC 643,Educating for Visual Communication,EDCURSEC,Educ Curriculum Secondary Dipl,643
EDCURSEC 643A,Educating for Visual Communication,EDCURSEC,Educ Curriculum Secondary Dipl,643A
EDCURSEC 643B,Educating for Visual Communication,EDCURSEC,Educ Curriculum Secondary Dipl,643B
EDCURSEC 644A,Design and Visual Communication,EDCURSEC,Educ Curriculum Secondary Dipl,644A
EDCURSEC 644B,Design and Visual Communication,EDCURSEC,Educ Curriculum Secondary Dipl,644B
EDCURSEC 645,Music Education 1,EDCURSEC,Educ Curriculum Secondary Dipl,645
EDCURSEC 646,Music Education 2,EDCURSEC,Educ Curriculum Secondary Dipl,646
EDCURSEC 647,Music Education Research,EDCURSEC,Educ Curriculum Secondary Dipl,647
EDCURSEC 647A,Music Education Research,EDCURSEC,Educ Curriculum Secondary Dipl,647A
EDCURSEC 647B,Music Education Research,EDCURSEC,Educ Curriculum Secondary Dipl,647B
EDCURSEC 648,Visual Arts Education 1,EDCURSEC,Educ Curriculum Secondary Dipl,648
EDCURSEC 649,Visual Arts Education 2,EDCURSEC,Educ Curriculum Secondary Dipl,649
EDCURSEC 650,Visual Arts Education 3,EDCURSEC,Educ Curriculum Secondary Dipl,650
EDCURSEC 650A,Visual Arts Education 3,EDCURSEC,Educ Curriculum Secondary Dipl,650A
EDCURSEC 650B,Visual Arts Education 3,EDCURSEC,Educ Curriculum Secondary Dipl,650B
EDCURSEC 651,Teaching Drama 1,EDCURSEC,Educ Curriculum Secondary Dipl,651
EDCURSEC 652,Teaching Drama 2,EDCURSEC,Educ Curriculum Secondary Dipl,652
EDCURSEC 652A,Teaching Drama 2,EDCURSEC,Educ Curriculum Secondary Dipl,652A
EDCURSEC 652B,Teaching Drama 2,EDCURSEC,Educ Curriculum Secondary Dipl,652B
EDCURSEC 653,Teaching Dance Education 1,EDCURSEC,Educ Curriculum Secondary Dipl,653
EDCURSEC 653A,Teaching Dance Education 1,EDCURSEC,Educ Curriculum Secondary Dipl,653A
EDCURSEC 653B,Teaching Dance Education 1,EDCURSEC,Educ Curriculum Secondary Dipl,653B
EDCURSEC 654,Teaching Dance Education 2,EDCURSEC,Educ Curriculum Secondary Dipl,654
EDCURSEC 654A,Teaching Dance Education 2,EDCURSEC,Educ Curriculum Secondary Dipl,654A
EDCURSEC 654B,Teaching Dance Education 2,EDCURSEC,Educ Curriculum Secondary Dipl,654B
EDCURSEC 655A,Art History Education,EDCURSEC,Educ Curriculum Secondary Dipl,655A
EDCURSEC 655B,Art History Education,EDCURSEC,Educ Curriculum Secondary Dipl,655B
EDCURSEC 656,Teaching and Learning English 1,EDCURSEC,Educ Curriculum Secondary Dipl,656
EDCURSEC 657,Teaching and Learning English 2,EDCURSEC,Educ Curriculum Secondary Dipl,657
EDCURSEC 658,Teaching and Learning English 3,EDCURSEC,Educ Curriculum Secondary Dipl,658
EDCURSEC 663,Teaching Media Studies 1,EDCURSEC,Educ Curriculum Secondary Dipl,663
EDCURSEC 663A,Teaching Media Studies 1,EDCURSEC,Educ Curriculum Secondary Dipl,663A
EDCURSEC 663B,Teaching Media Studies 1,EDCURSEC,Educ Curriculum Secondary Dipl,663B
EDCURSEC 664,Teaching Media Studies 2,EDCURSEC,Educ Curriculum Secondary Dipl,664
EDCURSEC 664A,Teaching Media Studies 2,EDCURSEC,Educ Curriculum Secondary Dipl,664A
EDCURSEC 664B,Teaching Media Studies 2,EDCURSEC,Educ Curriculum Secondary Dipl,664B
EDCURSEC 665,Teaching ESSOL 1,EDCURSEC,Educ Curriculum Secondary Dipl,665
EDCURSEC 665A,Teaching ESSOL 1,EDCURSEC,Educ Curriculum Secondary Dipl,665A
EDCURSEC 665B,Teaching ESSOL 1,EDCURSEC,Educ Curriculum Secondary Dipl,665B
EDCURSEC 666,Teaching ESSOL 2,EDCURSEC,Educ Curriculum Secondary Dipl,666
EDCURSEC 667A,Teaching Languages,EDCURSEC,Educ Curriculum Secondary Dipl,667A
EDCURSEC 667B,Teaching Languages,EDCURSEC,Educ Curriculum Secondary Dipl,667B
EDCURSEC 668A,Teaching Chinese,EDCURSEC,Educ Curriculum Secondary Dipl,668A
EDCURSEC 668B,Teaching Chinese,EDCURSEC,Educ Curriculum Secondary Dipl,668B
EDCURSEC 669A,Teaching French,EDCURSEC,Educ Curriculum Secondary Dipl,669A
EDCURSEC 669B,Teaching French,EDCURSEC,Educ Curriculum Secondary Dipl,669B
EDCURSEC 670A,Teaching German,EDCURSEC,Educ Curriculum Secondary Dipl,670A
EDCURSEC 670B,Teaching German,EDCURSEC,Educ Curriculum Secondary Dipl,670B
EDCURSEC 671A,Teaching Japanese,EDCURSEC,Educ Curriculum Secondary Dipl,671A
EDCURSEC 671B,Teaching Japanese,EDCURSEC,Educ Curriculum Secondary Dipl,671B
EDCURSEC 674A,Teaching Samoan,EDCURSEC,Educ Curriculum Secondary Dipl,674A
EDCURSEC 674B,Teaching Samoan,EDCURSEC,Educ Curriculum Secondary Dipl,674B
EDCURSEC 675A,Teaching Spanish,EDCURSEC,Educ Curriculum Secondary Dipl,675A
EDCURSEC 675B,Teaching Spanish,EDCURSEC,Educ Curriculum Secondary Dipl,675B
EDCURSEC 676,Teaching Religious Education,EDCURSEC,Educ Curriculum Secondary Dipl,676
EDCURSEC 677A,Teaching Classical Studies,EDCURSEC,Educ Curriculum Secondary Dipl,677A
EDCURSEC 677B,Teaching Classical Studies,EDCURSEC,Educ Curriculum Secondary Dipl,677B
EDCURSEC 678,Te Whakapuakitanga,EDCURSEC,Educ Curriculum Secondary Dipl,678
EDCURSEC 678A,Te Whakapuakitanga,EDCURSEC,Educ Curriculum Secondary Dipl,678A
EDCURSEC 678B,Te Whakapuakitanga,EDCURSEC,Educ Curriculum Secondary Dipl,678B
EDCURSEC 679,Te Whakawhanaketanga,EDCURSEC,Educ Curriculum Secondary Dipl,679
EDCURSEC 679A,Te Whakawhanaketanga,EDCURSEC,Educ Curriculum Secondary Dipl,679A
EDCURSEC 679B,Te Whakawhanaketanga,EDCURSEC,Educ Curriculum Secondary Dipl,679B
EDCURSEC 681,Special Study,EDCURSEC,Educ Curriculum Secondary Dipl,681
EDCURSEC 684,Junior Commerce Education,EDCURSEC,Educ Curriculum Secondary Dipl,684
EDCURSEC 684A,Junior Commerce Education,EDCURSEC,Educ Curriculum Secondary Dipl,684A
EDCURSEC 684B,Junior Commerce Education,EDCURSEC,Educ Curriculum Secondary Dipl,684B
EDCURSEC 687A,Studies in Curriculum and Pedagogy,EDCURSEC,Educ Curriculum Secondary Dipl,687A
EDCURSEC 687B,Studies in Curriculum and Pedagogy,EDCURSEC,Educ Curriculum Secondary Dipl,687B
EDCURSEC 688,Special Topic,EDCURSEC,Educ Curriculum Secondary Dipl,688
EDCURSEC 689,Environmental Education,EDCURSEC,Educ Curriculum Secondary Dipl,689
EDCURSEC 689A,Environmental Education,EDCURSEC,Educ Curriculum Secondary Dipl,689A
EDCURSEC 689B,Environmental Education,EDCURSEC,Educ Curriculum Secondary Dipl,689B
EDCURSEC 690,Multi-disciplinary Approaches,EDCURSEC,Educ Curriculum Secondary Dipl,690
EDCURSEC 691,Teaching Subject Specialism,EDCURSEC,Educ Curriculum Secondary Dipl,691
EDCURSEC 691A,Teaching Subject Specialism,EDCURSEC,Educ Curriculum Secondary Dipl,691A
EDCURSEC 691B,Teaching Subject Specialism,EDCURSEC,Educ Curriculum Secondary Dipl,691B
EDCURSEC 692,Design for Learning,EDCURSEC,Educ Curriculum Secondary Dipl,692
EDCURSEC 692A,Design for Learning,EDCURSEC,Educ Curriculum Secondary Dipl,692A
EDCURSEC 692B,Design for Learning,EDCURSEC,Educ Curriculum Secondary Dipl,692B
EDCURSEC 700,Responsive Pedagogies,EDCURSEC,Educ Curriculum Secondary Dipl,700
EDCURSEC 701,Enacting Core Practices,EDCURSEC,Educ Curriculum Secondary Dipl,701
EDCURSEC 709,"Curriculum, Teaching, and Learning",EDCURSEC,Educ Curriculum Secondary Dipl,709
EDCURSEC 719A,Learning Area Inquiry,EDCURSEC,Educ Curriculum Secondary Dipl,719A
EDCURSEC 719B,Learning Area Inquiry,EDCURSEC,Educ Curriculum Secondary Dipl,719B
EDPRAC 100,Practicum 1,EDPRAC,Education Practice,100
EDPRAC 101,The Professional Teacher: Primary 1,EDPRAC,Education Practice,101
EDPRAC 103,The Professional Teacher: Health and Physical Education,EDPRAC,Education Practice,103
EDPRAC 105,Practicum 1,EDPRAC,Education Practice,105
EDPRAC 106,Practicum 1,EDPRAC,Education Practice,106
EDPRAC 201,Practicum Primary 2,EDPRAC,Education Practice,201
EDPRAC 202,Practicum Early Childhood 2,EDPRAC,Education Practice,202
EDPRAC 203,Health and Physical Education Practicum 1,EDPRAC,Education Practice,203
EDPRAC 204,Practicum 2,EDPRAC,Education Practice,204
EDPRAC 205,Practicum 2,EDPRAC,Education Practice,205
EDPRAC 206,Practicum 2,EDPRAC,Education Practice,206
EDPRAC 304,Practicum 3,EDPRAC,Education Practice,304
EDPRAC 304A,Practicum 3,EDPRAC,Education Practice,304A
EDPRAC 304B,Practicum 3,EDPRAC,Education Practice,304B
EDPRAC 307,Practicum 3,EDPRAC,Education Practice,307
EDPRAC 307A,Practicum 3,EDPRAC,Education Practice,307A
EDPRAC 307B,Practicum 3,EDPRAC,Education Practice,307B
EDPRAC 315,Professional Practice 3,EDPRAC,Education Practice,315
EDPRAC 316,Professional Practice 4,EDPRAC,Education Practice,316
EDPRAC 403,Advanced Health and Physical Education Practicum,EDPRAC,Education Practice,403
EDPRAC 607,Professional Practice in Context,EDPRAC,Education Practice,607
EDPRAC 607A,Professional Practice in Context,EDPRAC,Education Practice,607A
EDPRAC 607B,Professional Practice in Contx,EDPRAC,Education Practice,607B
EDPRAC 608,Professional Learning in Practice,EDPRAC,Education Practice,608
EDPRAC 608A,Professional Learning in Practice,EDPRAC,Education Practice,608A
EDPRAC 608B,Professional Learning in Practice,EDPRAC,Education Practice,608B
EDPRAC 611,Professional Practice: Primary,EDPRAC,Education Practice,611
EDPRAC 611A,Professional Practice: Primary,EDPRAC,Education Practice,611A
EDPRAC 611B,Professional Practice: Primary,EDPRAC,Education Practice,611B
EDPRAC 612,Professional Practice: Secondary,EDPRAC,Education Practice,612
EDPRAC 612A,Professional Practice: Secondary,EDPRAC,Education Practice,612A
EDPRAC 612B,Professional Practice: Secondary,EDPRAC,Education Practice,612B
EDPRAC 613,Professional Practice 1: Early Childhood Education,EDPRAC,Education Practice,613
EDPRAC 614,Professional Practice 2: Early Childhood Education,EDPRAC,Education Practice,614
EDPRAC 615,Professional Practice 1: Primary,EDPRAC,Education Practice,615
EDPRAC 616,Professional Practice 2: Primary,EDPRAC,Education Practice,616
EDPRAC 703,Special Study,EDPRAC,Education Practice,703
EDPRAC 703A,Special Study,EDPRAC,Education Practice,703A
EDPRAC 703B,Special Study,EDPRAC,Education Practice,703B
EDPRAC 704,Practice 1: Early Childhood,EDPRAC,Education Practice,704
EDPRAC 705,Practice 2: Early Childhood,EDPRAC,Education Practice,705
EDPRAC 750,Special Topic,EDPRAC,Education Practice,750
EDPRAC 751,Practitioner Inquiry,EDPRAC,Education Practice,751
EDPRAC 752,Special Topic,EDPRAC,Education Practice,752
EDPRAC 753A,Portfolio of Professional Practice,EDPRAC,Education Practice,753A
EDPRAC 753B,Portfolio of Professional Practice,EDPRAC,Education Practice,753B
EDPRACM 100,Noho ā-kura 1,EDPRACM,Education Practice Māori,100
EDPRACM 204,Noho ā-kura 2,EDPRACM,Education Practice Māori,204
EDPRACM 304,Noho ā-kura 3,EDPRACM,Education Practice Māori,304
EDPRACM 304A,Noho ā-kura 3,EDPRACM,Education Practice Māori,304A
EDPRACM 304B,Noho ā-kura 3,EDPRACM,Education Practice Māori,304B
EDPRACPK 102,Faiakoga o akoga kamata 1,EDPRACPK,Education Practice Pasifika,102
EDPROF (737),Ako: Learning to Learn and Teaching to Learn ** available as of 01/01/2027,EDPROF,Education Professional,(737)
EDPROF 309,Ako,EDPROF,Education Professional,309
EDPROF 700,Interdisciplinary Pedagogy in New Zealand,EDPROF,Education Professional,700
EDPROF 701,Accelerating Achievement,EDPROF,Education Professional,701
EDPROF 702,Curriculum Design in Practice,EDPROF,Education Professional,702
EDPROF 704,Advanced Study of Education Practice - Level 9,EDPROF,Education Professional,704
EDPROF 705,Language Learning Needs,EDPROF,Education Professional,705
EDPROF 705A,Language Learning Needs,EDPROF,Education Professional,705A
EDPROF 705B,Language Learning Needs,EDPROF,Education Professional,705B
EDPROF 706,The Psychology of Teaching,EDPROF,Education Professional,706
EDPROF 707,Bilingual Education,EDPROF,Education Professional,707
EDPROF 707A,Bilingual Education,EDPROF,Education Professional,707A
EDPROF 707B,Bilingual Education,EDPROF,Education Professional,707B
EDPROF 708,Critical Literacy and Assessment,EDPROF,Education Professional,708
EDPROF 708A,Critical Literacy and Assessment,EDPROF,Education Professional,708A
EDPROF 708B,Critical Literacy and Assessment,EDPROF,Education Professional,708B
EDPROF 709,Early Childhood Leadership,EDPROF,Education Professional,709
EDPROF 722,Language Focused Curriculum,EDPROF,Education Professional,722
EDPROF 722A,Language Focused Curriculum,EDPROF,Education Professional,722A
EDPROF 722B,Language Focused Curriculum,EDPROF,Education Professional,722B
EDPROF 724,Developing Communities of Learning - Level 9,EDPROF,Education Professional,724
EDPROF 725,Leading Mathematics Curriculum and Change,EDPROF,Education Professional,725
EDPROF 732,Collaboration and Inclusive Practices,EDPROF,Education Professional,732
EDPROF 737,Ako: Learning to Learn and Teaching to Learn - Level 9,EDPROF,Education Professional,737
EDPROF 738,Te Ao Māori,EDPROF,Education Professional,738
EDPROF 739,Differentiating Learning for Literacy and Mathematics,EDPROF,Education Professional,739
EDPROF 740,Promoting Learning through Inquiry: Understanding our Communities,EDPROF,Education Professional,740
EDPROF 741,Teaching for Social Justice and Inclusion,EDPROF,Education Professional,741
EDPROF 753,Working Together to Accelerate Learning,EDPROF,Education Professional,753
EDPROF 754,Promoting Learning through Inquiry: Understanding our World,EDPROF,Education Professional,754
EDPROF 755,Promoting Learning through Inquiry: Responsiveness and Creativity,EDPROF,Education Professional,755
EDPROF 756,Enacting Responsive Pedagogies in Literacy and Mathematics,EDPROF,Education Professional,756
EDPROF 757,An Investigation into Practice,EDPROF,Education Professional,757
EDPROF 758,Inquiring into Practice,EDPROF,Education Professional,758
EDPROF 759,Investigating Mentoring Practice,EDPROF,Education Professional,759
EDPROF 763,Inclusive Early Education - Level 9,EDPROF,Education Professional,763
EDPROF 766,Special Study in Education,EDPROF,Education Professional,766
EDPROF 767,Special Study in Education,EDPROF,Education Professional,767
EDPROF 768,Relational Worlds of Children,EDPROF,Education Professional,768
EDPROF 769,The Early Years Teacher,EDPROF,Education Professional,769
EDPROF 791A,Thesis in Educational Leadership,EDPROF,Education Professional,791A
EDPROF 791B,Thesis in Educational Leadership,EDPROF,Education Professional,791B
EDPROF 795A,Thesis in Educational Leadership,EDPROF,Education Professional,795A
EDPROF 795B,Thesis in Educational Leadership,EDPROF,Education Professional,795B
EDPROFM 100,Te Ao Māori - Te Kākano,EDPROFM,Educ Professional Studs Māori,100
EDPROFM 101,Te Reo Māori 1,EDPROFM,Educ Professional Studs Māori,101
EDPROFM 102,Pakirehua Ngaio – Te Ako,EDPROFM,Educ Professional Studs Māori,102
EDPROFM 200,Te Ao Māori - Te Māhuri,EDPROFM,Educ Professional Studs Māori,200
EDPROFM 203,Mātauranga: Te Whakawhanake Hapori Ako,EDPROFM,Educ Professional Studs Māori,203
EDPROFM 204,Te Reo Māori 2,EDPROFM,Educ Professional Studs Māori,204
EDPROFM 208,Pakirehua Ngaio – Te Whakaako,EDPROFM,Educ Professional Studs Māori,208
EDPROFM 220,Special Topic,EDPROFM,Educ Professional Studs Māori,220
EDPROFM 300,Te Ao Māori - Te Puāwaitanga,EDPROFM,Educ Professional Studs Māori,300
EDPROFM 302,Te Reo Māori 3,EDPROFM,Educ Professional Studs Māori,302
EDPROFM 304,Ako mā te Aromatawai - Learning Through Assessment,EDPROFM,Educ Professional Studs Māori,304
EDPROFM 307,Pakirehua Ngaio – Te Pouako Pakirehua,EDPROFM,Educ Professional Studs Māori,307
EDPROFM 307A,Pakirehua Ngaio – Te Pouako Pakirehua,EDPROFM,Educ Professional Studs Māori,307A
EDPROFM 307B,Pakirehua Ngaio – Te Pouako Pakirehua,EDPROFM,Educ Professional Studs Māori,307B
EDPROFM 313,Te Pouako Ngaio,EDPROFM,Educ Professional Studs Māori,313
EDPROFM 320,Special Topic,EDPROFM,Educ Professional Studs Māori,320
EDPROFM 321,Special Topic,EDPROFM,Educ Professional Studs Māori,321
EDPROFM 322,Special Topic,EDPROFM,Educ Professional Studs Māori,322
EDPROFM 600,Te Ao Māori: He tirohanga whakamuri kia ahu whakamua,EDPROFM,Educ Professional Studs Māori,600
EDPROFM 600A,Te Ao Māori: He tirohanga whakamuri kia ahu whakamua,EDPROFM,Educ Professional Studs Māori,600A
EDPROFM 600B,Te Ao Māori: He tirohanga whakamuri kia ahu whakamua,EDPROFM,Educ Professional Studs Māori,600B
EDPROFM 700,"Being Māori, Thinking Theory",EDPROFM,Educ Professional Studs Māori,700
EDPROFM 701,Teaching Te Reo Māori in English-Medium Contexts,EDPROFM,Educ Professional Studs Māori,701
EDPROFM 702,Te whakaako i te reo Māori: Teaching te reo Māori,EDPROFM,Educ Professional Studs Māori,702
EDPROFM 703,Special Topic,EDPROFM,Educ Professional Studs Māori,703
EDPROFM 704,Te Ao Māori,EDPROFM,Educ Professional Studs Māori,704
EDPROFM 796A,MEd Thesis,EDPROFM,Educ Professional Studs Māori,796A
EDPROFM 796B,MEd Thesis,EDPROFM,Educ Professional Studs Māori,796B
EDPROFM 797,Dissertation,EDPROFM,Educ Professional Studs Māori,797
EDPROFM 797A,Dissertation,EDPROFM,Educ Professional Studs Māori,797A
EDPROFM 797B,Dissertation,EDPROFM,Educ Professional Studs Māori,797B
EDPROFPK 102,Pe mafai vefea e ki tatou oi tamaiti aoga Pasifika,EDPROFPK,Educ Professl Studies Pasifika,102
EDPROFST (751),Early Childhood Curriculum ** available as of 01/01/2027,EDPROFST,Education Professional Studies,(751)
EDPROFST (764),Disability Studies Policy and Practices ** available as of 01/01/2027,EDPROFST,Education Professional Studies,(764)
EDPROFST 100,Hāpai Ākonga,EDPROFST,Education Professional Studies,100
EDPROFST 101,Hauora: Early Years Wellbeing,EDPROFST,Education Professional Studies,101
EDPROFST 102,Inquiry into Practice 1,EDPROFST,Education Professional Studies,102
EDPROFST 103,Inquiry into Practice 1,EDPROFST,Education Professional Studies,103
EDPROFST 104,Introduction to Early Childhood Studies,EDPROFST,Education Professional Studies,104
EDPROFST 105,Introducing TESOL Education,EDPROFST,Education Professional Studies,105
EDPROFST 115,Professional Early Childhood Practice 1,EDPROFST,Education Professional Studies,115
EDPROFST 200,Infant Care and Education,EDPROFST,Education Professional Studies,200
EDPROFST 204,Te Whāriki for Diverse Learners,EDPROFST,Education Professional Studies,204
EDPROFST 205,Promoting Achievement for Diverse Learners,EDPROFST,Education Professional Studies,205
EDPROFST 206,Early Childhood Assessment,EDPROFST,Education Professional Studies,206
EDPROFST 207,Interdisciplinary Approach: TESOL,EDPROFST,Education Professional Studies,207
EDPROFST 207A,Interdisciplinary Approach: TESOL,EDPROFST,Education Professional Studies,207A
EDPROFST 207B,Interdisciplinary Approach: TESOL,EDPROFST,Education Professional Studies,207B
EDPROFST 208,Inquiry into Practice 2,EDPROFST,Education Professional Studies,208
EDPROFST 209,Developing Learning Communities,EDPROFST,Education Professional Studies,209
EDPROFST 210,Special Topic,EDPROFST,Education Professional Studies,210
EDPROFST 211,Early Childhood Pedagogies,EDPROFST,Education Professional Studies,211
EDPROFST 212,Inquiry into Practice 2,EDPROFST,Education Professional Studies,212
EDPROFST 215,Professional Early Childhood Practice 2,EDPROFST,Education Professional Studies,215
EDPROFST 216,TESOL Education in Context,EDPROFST,Education Professional Studies,216
EDPROFST 217,TESOL in Practice I,EDPROFST,Education Professional Studies,217
EDPROFST 220,Introduction to Samoan Language for Teaching,EDPROFST,Education Professional Studies,220
EDPROFST 222,Reporting Student Achievement,EDPROFST,Education Professional Studies,222
EDPROFST 226,Introduction to Bilingual Education,EDPROFST,Education Professional Studies,226
EDPROFST 227,TESSOL: Language Learning Needs,EDPROFST,Education Professional Studies,227
EDPROFST 303,Teaching Health and Physical Education 2,EDPROFST,Education Professional Studies,303
EDPROFST 304,Play: Theory and Practice,EDPROFST,Education Professional Studies,304
EDPROFST 306,Contemporary Issues in TESOL,EDPROFST,Education Professional Studies,306
EDPROFST 306A,Contemporary Issues in TESOL,EDPROFST,Education Professional Studies,306A
EDPROFST 306B,Contemporary Issues in TESOL,EDPROFST,Education Professional Studies,306B
EDPROFST 307,Inquiry into Practice 3,EDPROFST,Education Professional Studies,307
EDPROFST 307A,Inquiry into Practice 3,EDPROFST,Education Professional Studies,307A
EDPROFST 307B,Inquiry into Practice 3,EDPROFST,Education Professional Studies,307B
EDPROFST 308,Inquiry into Practice 3,EDPROFST,Education Professional Studies,308
EDPROFST 308A,Inquiry into Practice 3,EDPROFST,Education Professional Studies,308A
EDPROFST 308B,Inquiry into Practice 3,EDPROFST,Education Professional Studies,308B
EDPROFST 309,Furthering Learning Through Assessment,EDPROFST,Education Professional Studies,309
EDPROFST 310,Special Topic: Inquiry into Practice in NZ Schools A,EDPROFST,Education Professional Studies,310
EDPROFST 313,The Professional Teacher,EDPROFST,Education Professional Studies,313
EDPROFST 315,Relational Worlds of Children,EDPROFST,Education Professional Studies,315
EDPROFST 318,Multilingual Learners in Schools,EDPROFST,Education Professional Studies,318
EDPROFST 319,Teaching Gifted and Talented Students,EDPROFST,Education Professional Studies,319
EDPROFST 325,Introduction to Leadership in Education,EDPROFST,Education Professional Studies,325
EDPROFST 350,Assessment for Learning,EDPROFST,Education Professional Studies,350
EDPROFST 355,The Politics of Education,EDPROFST,Education Professional Studies,355
EDPROFST 357,Reflective Practice for Teachers,EDPROFST,Education Professional Studies,357
EDPROFST 358,Refining Professional Performance,EDPROFST,Education Professional Studies,358
EDPROFST 360,Teaching Languages in Schools,EDPROFST,Education Professional Studies,360
EDPROFST 363,Environmental Education: An Introduction,EDPROFST,Education Professional Studies,363
EDPROFST 364,Enterprise and Innovation for Teaching,EDPROFST,Education Professional Studies,364
EDPROFST 365,Beyond Special Needs: Inclusive Education,EDPROFST,Education Professional Studies,365
EDPROFST 368,Refining Writing Programmes,EDPROFST,Education Professional Studies,368
EDPROFST 371,Special Topic,EDPROFST,Education Professional Studies,371
EDPROFST 372,TESSOL: Language Learning through Tasks,EDPROFST,Education Professional Studies,372
EDPROFST 373,TESSOL: Language Learning in the New Zealand Context,EDPROFST,Education Professional Studies,373
EDPROFST 374,TESSOL: Language Focused Curriculum,EDPROFST,Education Professional Studies,374
EDPROFST 375,TESSOL: Assessment,EDPROFST,Education Professional Studies,375
EDPROFST 377,Bilingual Education: Curriculum and Pedagogy,EDPROFST,Education Professional Studies,377
EDPROFST 378,Critical Approaches to Literacy,EDPROFST,Education Professional Studies,378
EDPROFST 379,TESSOL: Materials Design,EDPROFST,Education Professional Studies,379
EDPROFST 380,TESSOL: Teacher Research Design,EDPROFST,Education Professional Studies,380
EDPROFST 381,TESSOL: Teacher Research Implementation,EDPROFST,Education Professional Studies,381
EDPROFST 386,Special Topic: Professional Practice in New Zealand Schools,EDPROFST,Education Professional Studies,386
EDPROFST 387,Special Topic: Inquiry into Practice in NZ Schools B,EDPROFST,Education Professional Studies,387
EDPROFST 390,Special Study,EDPROFST,Education Professional Studies,390
EDPROFST 393,Special Topic,EDPROFST,Education Professional Studies,393
EDPROFST 394,Special Topic,EDPROFST,Education Professional Studies,394
EDPROFST 395,Special Topic,EDPROFST,Education Professional Studies,395
EDPROFST 396,Professional Early Childhood Practice 3,EDPROFST,Education Professional Studies,396
EDPROFST 397,Current Issues in TESOL,EDPROFST,Education Professional Studies,397
EDPROFST 398,TESOL in Practice II,EDPROFST,Education Professional Studies,398
EDPROFST 601,Te Ao Māori,EDPROFST,Education Professional Studies,601
EDPROFST 605,The Early Years Teacher,EDPROFST,Education Professional Studies,605
EDPROFST 607,Relational Worlds of Children,EDPROFST,Education Professional Studies,607
EDPROFST 609,Ako,EDPROFST,Education Professional Studies,609
EDPROFST 613,The Adolescent Learner,EDPROFST,Education Professional Studies,613
EDPROFST 614,The Inquiring Professional,EDPROFST,Education Professional Studies,614
EDPROFST 614A,The Inquiring Professional,EDPROFST,Education Professional Studies,614A
EDPROFST 614B,The Inquiring Professional,EDPROFST,Education Professional Studies,614B
EDPROFST 623,Special Topic,EDPROFST,Education Professional Studies,623
EDPROFST 702,Challenges of Literacy Difficulties,EDPROFST,Education Professional Studies,702
EDPROFST 703,Leading Literacy and Language Inquiries,EDPROFST,Education Professional Studies,703
EDPROFST 703A,Leading Literacy and Language Inquiries,EDPROFST,Education Professional Studies,703A
EDPROFST 703B,Leading Literacy and Language Inquiries,EDPROFST,Education Professional Studies,703B
EDPROFST 705,Literacy Theory and Practice,EDPROFST,Education Professional Studies,705
EDPROFST 706,Language Analysis for Teachers,EDPROFST,Education Professional Studies,706
EDPROFST 706A,Language Analysis for Teachers,EDPROFST,Education Professional Studies,706A
EDPROFST 706B,Language Analysis for Teachers,EDPROFST,Education Professional Studies,706B
EDPROFST 707,Children's Literature in Education,EDPROFST,Education Professional Studies,707
EDPROFST 708,Media Literacy in Educational Contexts,EDPROFST,Education Professional Studies,708
EDPROFST 714,e-Learning in Practice,EDPROFST,Education Professional Studies,714
EDPROFST 716,Early Years Pedagogy,EDPROFST,Education Professional Studies,716
EDPROFST 717,Learning and Teaching in the First Years,EDPROFST,Education Professional Studies,717
EDPROFST 727,Social Theory and Physical Education,EDPROFST,Education Professional Studies,727
EDPROFST 728,Special Topic,EDPROFST,Education Professional Studies,728
EDPROFST 732,Education for Sustainability,EDPROFST,Education Professional Studies,732
EDPROFST 734,Frameworks for Inclusive Settings,EDPROFST,Education Professional Studies,734
EDPROFST 738,Educational Leadership,EDPROFST,Education Professional Studies,738
EDPROFST 739,Educational Policy and Organisations,EDPROFST,Education Professional Studies,739
EDPROFST 740,Educational Leadership in the Electronic Age,EDPROFST,Education Professional Studies,740
EDPROFST 743,Family Counselling,EDPROFST,Education Professional Studies,743
EDPROFST 744,Pastoral Care and Counselling in Schools,EDPROFST,Education Professional Studies,744
EDPROFST 745,Group Counselling,EDPROFST,Education Professional Studies,745
EDPROFST 751,Early Childhood Curriculum - Level 9,EDPROFST,Education Professional Studies,751
EDPROFST 752,Assessment for Learning and Teaching,EDPROFST,Education Professional Studies,752
EDPROFST 754,Critical Research Methodologies in Education,EDPROFST,Education Professional Studies,754
EDPROFST 755,The Inquiring Professional,EDPROFST,Education Professional Studies,755
EDPROFST 757,Undertaking Research for School Improvement,EDPROFST,Education Professional Studies,757
EDPROFST 759,Research Portfolio BEd(Tchg)(Hons),EDPROFST,Education Professional Studies,759
EDPROFST 759A,Research Portfolio BEd(Tchg)(Hons),EDPROFST,Education Professional Studies,759A
EDPROFST 759B,Research Portfolio BEd(Tchg)(Hons),EDPROFST,Education Professional Studies,759B
EDPROFST 760,Christian Religious Education in Integrated Schools,EDPROFST,Education Professional Studies,760
EDPROFST 762,Mentoring Professionals,EDPROFST,Education Professional Studies,762
EDPROFST 764,Disability Policy and Practice,EDPROFST,Education Professional Studies,764
EDPROFST 765,Development in Early Years,EDPROFST,Education Professional Studies,765
EDPROFST 769,Developing Mentoring Expertise,EDPROFST,Education Professional Studies,769
EDPROFST 774,Education and Empowerment,EDPROFST,Education Professional Studies,774
EDPROFST 777,"Curriculum: Theory, Issues, Practice",EDPROFST,Education Professional Studies,777
EDPROFST 780,Special Topic,EDPROFST,Education Professional Studies,780
EDPROFST 780A,Special Topic,EDPROFST,Education Professional Studies,780A
EDPROFST 780B,Special Topic,EDPROFST,Education Professional Studies,780B
EDPROFST 781,Special Topic,EDPROFST,Education Professional Studies,781
EDPROFST 781A,Special Topic,EDPROFST,Education Professional Studies,781A
EDPROFST 781B,Special Topic,EDPROFST,Education Professional Studies,781B
EDPROFST 782,Educational Change - Level 9,EDPROFST,Education Professional Studies,782
EDPROFST 784,Special Study,EDPROFST,Education Professional Studies,784
EDPROFST 784A,Special Study,EDPROFST,Education Professional Studies,784A
EDPROFST 784B,Special Study,EDPROFST,Education Professional Studies,784B
EDPROFST 786,Special Topic,EDPROFST,Education Professional Studies,786
EDPROFST 786A,Special Topic,EDPROFST,Education Professional Studies,786A
EDPROFST 786B,Special Topic,EDPROFST,Education Professional Studies,786B
EDPROFST 788,Special Topic,EDPROFST,Education Professional Studies,788
EDPROFST 789A,Dissertation in Mathematics Education,EDPROFST,Education Professional Studies,789A
EDPROFST 789B,Dissertation in Mathematics Education,EDPROFST,Education Professional Studies,789B
EDPROFST 790,Research Project,EDPROFST,Education Professional Studies,790
EDPROFST 790A,Research Project,EDPROFST,Education Professional Studies,790A
EDPROFST 790B,Research Project,EDPROFST,Education Professional Studies,790B
EDPROFST 793,Dissertation,EDPROFST,Education Professional Studies,793
EDPROFST 793A,Dissertation,EDPROFST,Education Professional Studies,793A
EDPROFST 793B,Dissertation,EDPROFST,Education Professional Studies,793B
EDPROFST 796A,MEd Thesis,EDPROFST,Education Professional Studies,796A
EDPROFST 796B,MEd Thesis,EDPROFST,Education Professional Studies,796B
EDPROFST 844C,Research Portfolio,EDPROFST,Education Professional Studies,844C
EDPROFST 844D,Research Portfolio,EDPROFST,Education Professional Studies,844D
EDPROFST 897,Thesis,EDPROFST,Education Professional Studies,897
EDPSYCH 701,Assessment in Practice,EDPSYCH,Educational Psychology,701
EDPSYCH 702,Support in Practice,EDPSYCH,Educational Psychology,702
EDUC 100,The Creative Process,EDUC,Education,100
EDUC 100G,The Creative Process,EDUC,Education,100G
EDUC 105,Teaching: Tales and Traditions,EDUC,Education,105
EDUC 105G,Teaching: Tales and Traditions,EDUC,Education,105G
EDUC 106,History of Education and Society,EDUC,Education,106
EDUC 113,Current Issues in Education,EDUC,Education,113
EDUC 114,Introduction to Māori Education,EDUC,Education,114
EDUC 115,Introduction to Child and Adolescent Development,EDUC,Education,115
EDUC 116,Introduction to Educational Thought,EDUC,Education,116
EDUC 117,Teaching and Learning: An Educational Psychological Perspective,EDUC,Education,117
EDUC 118,History and Society in New Zealand Education,EDUC,Education,118
EDUC 119,"Development, Learning and Teaching",EDUC,Education,119
EDUC 121,How People Learn,EDUC,Education,121
EDUC 121G,How People Learn,EDUC,Education,121G
EDUC 122,Learning Sexualities,EDUC,Education,122
EDUC 142,Health and Physical Education in a Diverse Society,EDUC,Education,142
EDUC 200,Youth Mentoring,EDUC,Education,200
EDUC 201,History of Education,EDUC,Education,201
EDUC 203,Pasifika Education and Diversity,EDUC,Education,203
EDUC 204,Philosophy and Sociology of Education,EDUC,Education,204
EDUC 207,Decolonising Education,EDUC,Education,207
EDUC 209,The Learning Society,EDUC,Education,209
EDUC 211,Schooling Ethnic Diversity,EDUC,Education,211
EDUC 212,Global Education Policy for All?,EDUC,Education,212
EDUC 213,Education and Social Justice,EDUC,Education,213
EDUC 214,Children: Rights and Justice,EDUC,Education,214
EDUC 221,Child Development,EDUC,Education,221
EDUC 223,Educational Psychology,EDUC,Education,223
EDUC 224,Assessment and Evaluation in Education,EDUC,Education,224
EDUC 283,Pedagogy – Beyond Skills and Methods,EDUC,Education,283
EDUC 300,Understanding Childhood,EDUC,Education,300
EDUC 304,Educational Philosophy and Policy,EDUC,Education,304
EDUC 308,The Return of the Teacher,EDUC,Education,308
EDUC 313,Special Study in Education,EDUC,Education,313
EDUC 314,Special Topic,EDUC,Education,314
EDUC 316,Gifted Education,EDUC,Education,316
EDUC 318,Teaching Languages in Schools,EDUC,Education,318
EDUC 319,Special Topic,EDUC,Education,319
EDUC 321,"Politics, Philosophy and Education",EDUC,Education,321
EDUC 322,Re-thinking Pasifika Education,EDUC,Education,322
EDUC 323,Contemporary Topics in Educational Psychology,EDUC,Education,323
EDUC 324,Inclusive Education and Philosophy,EDUC,Education,324
EDUC 341,Introduction to Counselling in the Community,EDUC,Education,341
EDUC 347,Ideas of the University Student,EDUC,Education,347
EDUC 351,Understanding Behaviour in Classrooms,EDUC,Education,351
EDUC 352,Adolescence,EDUC,Education,352
EDUC 360,Treaty Politics in Education,EDUC,Education,360
EDUC 380,Methods of Research in Education,EDUC,Education,380
EDUC 400,Professional Development,EDUC,Education,400
EDUC 603,Education after Society,EDUC,Education,603
EDUC 603A,Education after Society,EDUC,Education,603A
EDUC 603B,Education after Society,EDUC,Education,603B
EDUC 702,Historical Research in Educational Settings,EDUC,Education,702
EDUC 703,Educational Philosophy,EDUC,Education,703
EDUC 705,Education and Global Policymaking,EDUC,Education,705
EDUC 706,Measurement and Advanced Statistics,EDUC,Education,706
EDUC 706A,Measurement and Advanced Statistics,EDUC,Education,706A
EDUC 706B,Measurement and Advanced Statistics,EDUC,Education,706B
EDUC 709,Re-claiming Pasifika Education,EDUC,Education,709
EDUC 710,Issues in Indigenous Education,EDUC,Education,710
EDUC 712,"Race, Ethnicity and Education",EDUC,Education,712
EDUC 713,Global Childhoods,EDUC,Education,713
EDUC 716,Education and Diversity,EDUC,Education,716
EDUC 717,Special Study,EDUC,Education,717
EDUC 717A,Special Study,EDUC,Education,717A
EDUC 717B,Special Study,EDUC,Education,717B
EDUC 726,Special Topic,EDUC,Education,726
EDUC 731,Special Topic,EDUC,Education,731
EDUC 732,Culturally Sustaining Leadership,EDUC,Education,732
EDUC 733,Teaching in Bilingual/Immersion Settings,EDUC,Education,733
EDUC 734,Māori/Indigenous Language Revitalisation,EDUC,Education,734
EDUC 735,Researching Educational Settings,EDUC,Education,735
EDUC 737,Special Topic: Arts in Communities,EDUC,Education,737
EDUC 738,Gifted Learners: Meeting their Needs,EDUC,Education,738
EDUC 741,Educational Psychology,EDUC,Education,741
EDUC 742,Child Developmental Psychology,EDUC,Education,742
EDUC 747,Leadership in Youth Development,EDUC,Education,747
EDUC 750,Special Topic,EDUC,Education,750
EDUC 755,Social Psychology of the Classroom,EDUC,Education,755
EDUC 756,Applied Theatre: Performance of Hope,EDUC,Education,756
EDUC 758,Winners and Losers? Social Theories of Education,EDUC,Education,758
EDUC 759,Inclusive Practices for Neurodiversity,EDUC,Education,759
EDUC 763,Special Study,EDUC,Education,763
EDUC 764,Special Study,EDUC,Education,764
EDUC 765,Critical Inquiries in Educational Settings,EDUC,Education,765
EDUC 766,Education and International Development,EDUC,Education,766
EDUC 767,Childhood Studies - Level 9,EDUC,Education,767
EDUC 768,Special Topic,EDUC,Education,768
EDUC 769,Special Topic,EDUC,Education,769
EDUC 776,"Education, Culture and Knowledge",EDUC,Education,776
EDUC 777,Māori-Pākehā Educational Relationships,EDUC,Education,777
EDUC 784,Research Topic in Education,EDUC,Education,784
EDUC 784A,Research Topic in Education,EDUC,Education,784A
EDUC 784B,Research Topic in Education,EDUC,Education,784B
EDUC 787,Māori and Indigenous Research,EDUC,Education,787
EDUC 787A,Māori and Indigenous Research,EDUC,Education,787A
EDUC 787B,Māori and Indigenous Research,EDUC,Education,787B
EDUC 790,Research Project,EDUC,Education,790
EDUC 790A,Research Project,EDUC,Education,790A
EDUC 790B,Research Project,EDUC,Education,790B
EDUC 791,Socio-cultural Examination of Sport and Exercise,EDUC,Education,791
EDUC 792A,Thesis,EDUC,Education,792A
EDUC 792B,Thesis,EDUC,Education,792B
EDUC 794A,Thesis,EDUC,Education,794A
EDUC 794B,Thesis,EDUC,Education,794B
EDUC 796A,Thesis,EDUC,Education,796A
EDUC 796B,Thesis,EDUC,Education,796B
EDUC 797A,Research Portfolio,EDUC,Education,797A
EDUC 797B,Research Portfolio,EDUC,Education,797B
EDUC 801,Literature Review,EDUC,Education,801
EDUC 802,Theoretical Framework,EDUC,Education,802
EDUC 803,Study Design,EDUC,Education,803
EDUC 804,Thesis Proposal,EDUC,Education,804
EDUCM 106,He Tirohanga ki te Mātauranga i Aotearoa,EDUCM,Education Māori,106
EDUCM 198,Te Whakahua Reo Māori,EDUCM,Education Māori,198
EDUCM 199,Te Reo Māori,EDUCM,Education Māori,199
EDUCM 199A,Te Reo Māori,EDUCM,Education Māori,199A
EDUCM 199B,Te Reo Māori,EDUCM,Education Māori,199B
EDUCM 203,Te Atawhai i te Rerenga Kētanga,EDUCM,Education Māori,203
EDUCM 300,Special Study,EDUCM,Education Māori,300
EDUCM 324,Whiria Te Kaha Tūātinitini,EDUCM,Education Māori,324
EDUCM 739,Special Study,EDUCM,Education Māori,739
EDUCM 739A,Special Study,EDUCM,Education Māori,739A
EDUCM 739B,Special Study,EDUCM,Education Māori,739B
EDUCM 794A,Thesis,EDUCM,Education Māori,794A
EDUCM 794B,Thesis,EDUCM,Education Māori,794B
EDUCM 795A,Thesis,EDUCM,Education Māori,795A
EDUCM 795B,Thesis,EDUCM,Education Māori,795B
EDUCN 300,Special Topic,EDUCN,Education Studies,300
EDUCN 701,Language Policy,EDUCN,Education Studies,701
EDUCN 793,Dissertation,EDUCN,Education Studies,793
EDUCN 793A,Dissertation,EDUCN,Education Studies,793A
EDUCN 793B,Dissertation,EDUCN,Education Studies,793B
EDUCSW 199,English Language Competency,EDUCSW,Education and Social Work,199
EDUCSW 199A,English Language Competency,EDUCSW,Education and Social Work,199A
EDUCSW 199B,English Language Competency,EDUCSW,Education and Social Work,199B
EDUCSW 201,Diversity in Aotearoa/New Zealand,EDUCSW,Education and Social Work,201
EDUCSW 202,New Cultures of Learning,EDUCSW,Education and Social Work,202
EDUCSW 302,Service Learning,EDUCSW,Education and Social Work,302
EDUCSW 303,Research and Professional Practice,EDUCSW,Education and Social Work,303
EDUCSW 600,Special Study,EDUCSW,Education and Social Work,600
EDUCSW 700,Research Methodologies,EDUCSW,Education and Social Work,700
EDUCSW 701,Special Study,EDUCSW,Education and Social Work,701
ELECTENG 101,Electrical and Digital Systems,ELECTENG,Electrical & Electronic Eng,101
ELECTENG 204,Engineering Electromagnetics,ELECTENG,Electrical & Electronic Eng,204
ELECTENG 209,Analogue and Digital Design,ELECTENG,Electrical & Electronic Eng,209
ELECTENG 291,Fundamentals of Electrical Engineering,ELECTENG,Electrical & Electronic Eng,291
ELECTENG 292,Electronics,ELECTENG,Electrical & Electronic Eng,292
ELECTENG 299,Workshop Practice,ELECTENG,Electrical & Electronic Eng,299
ELECTENG 305,Applied Electronics,ELECTENG,Electrical & Electronic Eng,305
ELECTENG 307,Fields and Waves,ELECTENG,Electrical & Electronic Eng,307
ELECTENG 309,Power Apparatus and Systems,ELECTENG,Electrical & Electronic Eng,309
ELECTENG 310,Electrical Engineering Design 1,ELECTENG,Electrical & Electronic Eng,310
ELECTENG 311,Electrical Engineering Design 2,ELECTENG,Electrical & Electronic Eng,311
ELECTENG 331,Signals and Systems,ELECTENG,Electrical & Electronic Eng,331
ELECTENG 332,Control Systems,ELECTENG,Electrical & Electronic Eng,332
ELECTENG 700A,Research Project - Level 9,ELECTENG,Electrical & Electronic Eng,700A
ELECTENG 700B,Research Project,ELECTENG,Electrical & Electronic Eng,700B
ELECTENG 701,Mobile Wireless Engineering,ELECTENG,Electrical & Electronic Eng,701
ELECTENG 703,Advanced Power Systems,ELECTENG,Electrical & Electronic Eng,703
ELECTENG 704,Advanced Control Systems,ELECTENG,Electrical & Electronic Eng,704
ELECTENG 706,Topics in Digital Signal Processing,ELECTENG,Electrical & Electronic Eng,706
ELECTENG 711,Studies in Electrical and Electronic Engineering 1,ELECTENG,Electrical & Electronic Eng,711
ELECTENG 712,Studies in Electrical and Electronic Engineering 2,ELECTENG,Electrical & Electronic Eng,712
ELECTENG 713,Studies in Electrical and Electronic Engineering 3,ELECTENG,Electrical & Electronic Eng,713
ELECTENG 714,Studies in Electrical and Electronic Engineering 4,ELECTENG,Electrical & Electronic Eng,714
ELECTENG 715,Studies in Electrical and Electronic Engineering 5,ELECTENG,Electrical & Electronic Eng,715
ELECTENG 716,Studies in Electrical and Electronic Engineering 6,ELECTENG,Electrical & Electronic Eng,716
ELECTENG 721,Radio Engineering,ELECTENG,Electrical & Electronic Eng,721
ELECTENG 722,Modern Control Systems,ELECTENG,Electrical & Electronic Eng,722
ELECTENG 724,Special Topic,ELECTENG,Electrical & Electronic Eng,724
ELECTENG 726,Digital Communications,ELECTENG,Electrical & Electronic Eng,726
ELECTENG 731,Power Systems,ELECTENG,Electrical & Electronic Eng,731
ELECTENG 732,Communication Systems,ELECTENG,Electrical & Electronic Eng,732
ELECTENG 733,Digital Signal Processing,ELECTENG,Electrical & Electronic Eng,733
ELECTENG 734,Power Electronics - Level 9,ELECTENG,Electrical & Electronic Eng,734
ELECTENG 735,Green Energy Technologies,ELECTENG,Electrical & Electronic Eng,735
ELECTENG 736,Analog and Digital Filter Synthesis,ELECTENG,Electrical & Electronic Eng,736
ELECTENG 737,Advanced Radio Engineering - Level 9,ELECTENG,Electrical & Electronic Eng,737
ELECTENG 738,Selected Topics in Advanced Power Systems,ELECTENG,Electrical & Electronic Eng,738
ELECTENG 739,Special Topic,ELECTENG,Electrical & Electronic Eng,739
ELECTENG 740,Special Topic,ELECTENG,Electrical & Electronic Eng,740
ELECTENG 741,Advanced Digital Communications - Level 9,ELECTENG,Electrical & Electronic Eng,741
ELECTENG 770,Capstone Project,ELECTENG,Electrical & Electronic Eng,770
ELECTENG 787,Project X,ELECTENG,Electrical & Electronic Eng,787
ELECTENG 788,Research Project,ELECTENG,Electrical & Electronic Eng,788
ELECTENG 788A,Research Project,ELECTENG,Electrical & Electronic Eng,788A
ELECTENG 788B,Research Project,ELECTENG,Electrical & Electronic Eng,788B
ELECTENG 789,Project Z,ELECTENG,Electrical & Electronic Eng,789
ELECTENG 795,Research Project (Electrical and Electronic),ELECTENG,Electrical & Electronic Eng,795
ELECTENG 795A,Research Project (Electrical and Electronic),ELECTENG,Electrical & Electronic Eng,795A
ELECTENG 795B,Research Project (Electrical and Electronic),ELECTENG,Electrical & Electronic Eng,795B
ELECTENG 796A,ME Thesis (Electrical and Electronic),ELECTENG,Electrical & Electronic Eng,796A
ELECTENG 796B,ME Thesis (Electrical and Electronic),ELECTENG,Electrical & Electronic Eng,796B
ENERGY 721,Energy Resources,ENERGY,Energy,721
ENERGY 722,Energy Technology,ENERGY,Energy,722
ENERGY 783A,Research Project - Level 9,ENERGY,Energy,783A
ENERGY 783B,Research Project - Level 9,ENERGY,Energy,783B
ENERGY 784,Research Project - Level 9,ENERGY,Energy,784
ENERGY 784A,Research Project - Level 9,ENERGY,Energy,784A
ENERGY 784B,Research Project - Level 9,ENERGY,Energy,784B
ENERGY 785A,Research Project,ENERGY,Energy,785A
ENERGY 785B,Research Project,ENERGY,Energy,785B
ENERGY 786A,Research Project,ENERGY,Energy,786A
ENERGY 786B,Research Project,ENERGY,Energy,786B
ENERGY 788A,Research Project - Level 9,ENERGY,Energy,788A
ENERGY 788B,Research Project - Level 9,ENERGY,Energy,788B
ENERGY 789A,Research Project - Level 9,ENERGY,Energy,789A
ENERGY 789B,Research Project - Level 9,ENERGY,Energy,789B
ENERGY 794A,Thesis,ENERGY,Energy,794A
ENERGY 794B,Thesis,ENERGY,Energy,794B
ENERGY 795A,Thesis,ENERGY,Energy,795A
ENERGY 795B,Thesis,ENERGY,Energy,795B
ENGGEN 102,Basic Skills for Engineering,ENGGEN,Engineering General,102
ENGGEN 115,Principles of Engineering Design,ENGGEN,Engineering General,115
ENGGEN 121,Engineering Mechanics,ENGGEN,Engineering General,121
ENGGEN 131,Introduction to Engineering Computation and Software Development,ENGGEN,Engineering General,131
ENGGEN 140,Fundamentals of Engineering in Society,ENGGEN,Engineering General,140
ENGGEN 199,English Language Competency,ENGGEN,Engineering General,199
ENGGEN 204,"Professional Skills, Communication, and Collaboration",ENGGEN,Engineering General,204
ENGGEN 299,Workshop Practice,ENGGEN,Engineering General,299
ENGGEN 303,Innovation and Business Cases,ENGGEN,Engineering General,303
ENGGEN 388,Leadership in Engineering,ENGGEN,Engineering General,388
ENGGEN 403,Systems Thinking,ENGGEN,Engineering General,403
ENGGEN 499,Practical Work,ENGGEN,Engineering General,499
ENGGEN 601,Case Studies in Engineering 1,ENGGEN,Engineering General,601
ENGGEN 602,Case Studies in Engineering 2,ENGGEN,Engineering General,602
ENGGEN 622,Advanced Topics in Engineering 1,ENGGEN,Engineering General,622
ENGGEN 623,Advanced Topics in Engineering 2,ENGGEN,Engineering General,623
ENGGEN 698,Practical Work for Experienced Engineers,ENGGEN,Engineering General,698
ENGGEN 699,Practical Work,ENGGEN,Engineering General,699
ENGGEN 701,Professional Project,ENGGEN,Engineering General,701
ENGGEN 705,Engineering Product Development,ENGGEN,Engineering General,705
ENGGEN 720,Special Topic: Applied AI for Engineers,ENGGEN,Engineering General,720
ENGGEN 721,Special Topic,ENGGEN,Engineering General,721
ENGGEN 722,Special Study in Engineering Management 1,ENGGEN,Engineering General,722
ENGGEN 723,Special Study in Engineering Management 2,ENGGEN,Engineering General,723
ENGGEN 724,Special Study in Technology Management 1,ENGGEN,Engineering General,724
ENGGEN 725,Special Study in Technology Management 2,ENGGEN,Engineering General,725
ENGGEN 726,Climate Adaptation of Infrastructure,ENGGEN,Engineering General,726
ENGGEN 730,Leadership and Professional Development,ENGGEN,Engineering General,730
ENGGEN 731,Agile and Lean Project Management,ENGGEN,Engineering General,731
ENGGEN 732,Systems Thinking and Project Business Case,ENGGEN,Engineering General,732
ENGGEN 733,Programme Strategy for Infrastructure Delivery,ENGGEN,Engineering General,733
ENGGEN 734,Engineering Contracts for Project Managers,ENGGEN,Engineering General,734
ENGGEN 735,Project Management Case Studies,ENGGEN,Engineering General,735
ENGGEN 736,Benefits Management & Outcomes Thinking - Level 9,ENGGEN,Engineering General,736
ENGGEN 737,Engineering Risk Management,ENGGEN,Engineering General,737
ENGGEN 738,Work Based Learning,ENGGEN,Engineering General,738
ENGGEN 739,Cost Engineering,ENGGEN,Engineering General,739
ENGGEN 740,Project Management Bodies of Knowledge,ENGGEN,Engineering General,740
ENGGEN 741,"Project, Programme and Portfolio Management",ENGGEN,Engineering General,741
ENGGEN 742,Project Management,ENGGEN,Engineering General,742
ENGGEN 743,Applied Creative Thinking,ENGGEN,Engineering General,743
ENGGEN 766,Research Project in Engineering Management,ENGGEN,Engineering General,766
ENGGEN 766A,Research Project in Engineering Management,ENGGEN,Engineering General,766A
ENGGEN 766B,Research Project in Engineering Management,ENGGEN,Engineering General,766B
ENGGEN 769,Research Methods for Engineers,ENGGEN,Engineering General,769
ENGGEN 770,Medical Device and Technology Development,ENGGEN,Engineering General,770
ENGGEN 771,Medical Device Industry Practice,ENGGEN,Engineering General,771
ENGGEN 784,Capstone Project - Level 9,ENGGEN,Engineering General,784
ENGGEN 784A,Capstone Project,ENGGEN,Engineering General,784A
ENGGEN 784B,Capstone Project,ENGGEN,Engineering General,784B
ENGGEN 785,Professional Capstone,ENGGEN,Engineering General,785
ENGGEN 785A,Professional Capstone,ENGGEN,Engineering General,785A
ENGGEN 785B,Professional Capstone,ENGGEN,Engineering General,785B
ENGGEN 790,Research Project,ENGGEN,Engineering General,790
ENGGEN 790A,Research Project,ENGGEN,Engineering General,790A
ENGGEN 790B,Research Project,ENGGEN,Engineering General,790B
ENGGEN 791A,Dissertation in Medical Devices,ENGGEN,Engineering General,791A
ENGGEN 791B,Dissertation in Medical Devices,ENGGEN,Engineering General,791B
ENGGEN 792,Research Project,ENGGEN,Engineering General,792
ENGGEN 792A,Research Project,ENGGEN,Engineering General,792A
ENGGEN 792B,Research Project,ENGGEN,Engineering General,792B
ENGGEN 794,Research Project - Level 9,ENGGEN,Engineering General,794
ENGGEN 794A,Research Project,ENGGEN,Engineering General,794A
ENGGEN 794B,Research Project,ENGGEN,Engineering General,794B
ENGGEN 796A,ME Thesis (Engineering),ENGGEN,Engineering General,796A
ENGGEN 796B,ME Thesis (Engineering),ENGGEN,Engineering General,796B
ENGLACP 20P,English for Academic Purposes Level 1,ENGLACP,English for Academic Purposes,20P
ENGLACP 30P,English for Academic Purposes Level 2,ENGLACP,English for Academic Purposes,30P
ENGLACP 40P,English for Academic Purposes Level 3,ENGLACP,English for Academic Purposes,40P
ENGLACP 50P,English for Undergraduate Studies,ENGLACP,English for Academic Purposes,50P
ENGLACP 60P,English for Postgraduate Studies,ENGLACP,English for Academic Purposes,60P
ENGLISH (214),"Early Texts, Modern Inventions ** available as of 01/01/2027",ENGLISH,English,(214)
ENGLISH 102,Great Books: Seduction and Betrayal,ENGLISH,English,102
ENGLISH 114,Journeys: Travel Narratives In Global Literatures,ENGLISH,English,114
ENGLISH 121,Reading/Writing/Text,ENGLISH,English,121
ENGLISH 121G,Reading/Writing/Text,ENGLISH,English,121G
ENGLISH 207,Creating Stories,ENGLISH,English,207
ENGLISH 213,Age of Shakespeare: Tragedy,ENGLISH,English,213
ENGLISH 214,"Early Texts, Modern Inventions",ENGLISH,English,214
ENGLISH 216,Modernist Transformations,ENGLISH,English,216
ENGLISH 217,Postcolonial Memory,ENGLISH,English,217
ENGLISH 219,Nineteenth Century Literature,ENGLISH,English,219
ENGLISH 221,New Zealand Literature,ENGLISH,English,221
ENGLISH 223,Modern Writing and Critical Thinking,ENGLISH,English,223
ENGLISH 248,Popular Fiction,ENGLISH,English,248
ENGLISH 252,Creative Writing: Four Genres,ENGLISH,English,252
ENGLISH 261,Special Topic: Early Modern Literature,ENGLISH,English,261
ENGLISH 262,Special Topic,ENGLISH,English,262
ENGLISH 265,Shakespeare: Comedies and Tragicomedies,ENGLISH,English,265
ENGLISH 305,Modern Writing and Critical Thinking,ENGLISH,English,305
ENGLISH 310,Shakespeare: Comedies and Tragicomedies,ENGLISH,English,310
ENGLISH 311,Creating Stories,ENGLISH,English,311
ENGLISH 316,Postcolonial Memory,ENGLISH,English,316
ENGLISH 322,Modernist Transformations,ENGLISH,English,322
ENGLISH 323,Contemporary Poetry,ENGLISH,English,323
ENGLISH 324,Creative Writing: Four Genres,ENGLISH,English,324
ENGLISH 330,"Early Texts, Modern Inventions",ENGLISH,English,330
ENGLISH 340,Arthurian Literature,ENGLISH,English,340
ENGLISH 343,Writing Poetry,ENGLISH,English,343
ENGLISH 344,Writing Creative Prose,ENGLISH,English,344
ENGLISH 348,Popular Fiction,ENGLISH,English,348
ENGLISH 351,Special Topic: Early Modern Literature,ENGLISH,English,351
ENGLISH 353,Age of Shakespeare: Tragedy,ENGLISH,English,353
ENGLISH 355,New Zealand Literature,ENGLISH,English,355
ENGLISH 356,The Modern Novel,ENGLISH,English,356
ENGLISH 360,Special Topic: Nineteenth Century Literature,ENGLISH,English,360
ENGLISH 367,Special Topic,ENGLISH,English,367
ENGLISH 700,Pacific Literature,ENGLISH,English,700
ENGLISH 705,Modernism and the Contemporary,ENGLISH,English,705
ENGLISH 706,Shakespeare: Selected Plays and Poems,ENGLISH,English,706
ENGLISH 709,Theatre on Screen,ENGLISH,English,709
ENGLISH 713,Research Essays,ENGLISH,English,713
ENGLISH 713A,Research Essays,ENGLISH,English,713A
ENGLISH 713B,Research Essays,ENGLISH,English,713B
ENGLISH 714,Special Topic,ENGLISH,English,714
ENGLISH 718,Opening the Archive,ENGLISH,English,718
ENGLISH 732,Popular Fiction,ENGLISH,English,732
ENGLISH 769,Representing Imagining,ENGLISH,English,769
ENGLISH 770,Research Essays,ENGLISH,English,770
ENGLISH 775,Special Topic,ENGLISH,English,775
ENGLISH 780,Research Essay,ENGLISH,English,780
ENGLISH 780A,Research Essay,ENGLISH,English,780A
ENGLISH 780B,Research Essay,ENGLISH,English,780B
ENGLISH 781,Research Project,ENGLISH,English,781
ENGLISH 787,Literature USA: from the American Renaissance to the Jazz Age,ENGLISH,English,787
ENGLISH 789,Dissertation,ENGLISH,English,789
ENGLISH 789A,Dissertation,ENGLISH,English,789A
ENGLISH 789B,Dissertation,ENGLISH,English,789B
ENGLISH 792,Dissertation,ENGLISH,English,792
ENGLISH 792A,Dissertation,ENGLISH,English,792A
ENGLISH 792B,Dissertation,ENGLISH,English,792B
ENGLISH 793A,Thesis,ENGLISH,English,793A
ENGLISH 793B,Thesis,ENGLISH,English,793B
ENGLISH 796A,Thesis,ENGLISH,English,796A
ENGLISH 796B,Thesis,ENGLISH,English,796B
ENGLISH 797A,Research Portfolio,ENGLISH,English,797A
ENGLISH 797B,Research Portfolio,ENGLISH,English,797B
ENGSCI 111,Mathematical Modelling 1,ENGSCI,Engineering Science,111
ENGSCI 205,Engineering Analytics and Machine Learning,ENGSCI,Engineering Science,205
ENGSCI 211,Mathematical Modelling 2,ENGSCI,Engineering Science,211
ENGSCI 221,Engineering Science Mechanics,ENGSCI,Engineering Science,221
ENGSCI 233,Computational Techniques and Computer Systems,ENGSCI,Engineering Science,233
ENGSCI 255,Modelling and Analytics in Operations Research,ENGSCI,Engineering Science,255
ENGSCI 263,Engineering Science Design I,ENGSCI,Engineering Science,263
ENGSCI 270,Special Topic,ENGSCI,Engineering Science,270
ENGSCI 299,Workshop Practice,ENGSCI,Engineering Science,299
ENGSCI 304,Engineering Machine Learning 2,ENGSCI,Engineering Science,304
ENGSCI 309,Image and Digital Signal Processing,ENGSCI,Engineering Science,309
ENGSCI 311,Mathematical Modelling 3,ENGSCI,Engineering Science,311
ENGSCI 313,Mathematical Modelling 3ECE,ENGSCI,Engineering Science,313
ENGSCI 314,Mathematical Modelling 3ES,ENGSCI,Engineering Science,314
ENGSCI 331,Computational Techniques 2,ENGSCI,Engineering Science,331
ENGSCI 343,Mathematical and Computational Modelling in Mechanics,ENGSCI,Engineering Science,343
ENGSCI 344,Computational Design for Physical Systems,ENGSCI,Engineering Science,344
ENGSCI 355,Simulation Modelling for Process Design,ENGSCI,Engineering Science,355
ENGSCI 370,Special Topic,ENGSCI,Engineering Science,370
ENGSCI 391,Optimisation in Operations Research,ENGSCI,Engineering Science,391
ENGSCI 700A,Research Project,ENGSCI,Engineering Science,700A
ENGSCI 700B,Research Project,ENGSCI,Engineering Science,700B
ENGSCI 701,Studies in Engineering Science,ENGSCI,Engineering Science,701
ENGSCI 705,Special Topic,ENGSCI,Engineering Science,705
ENGSCI 706,Special Topic,ENGSCI,Engineering Science,706
ENGSCI 711,Advanced Mathematical Modelling,ENGSCI,Engineering Science,711
ENGSCI 712,Computational Algorithms for Signal Processing,ENGSCI,Engineering Science,712
ENGSCI 713,Mathematical Modelling for Professional Engineers,ENGSCI,Engineering Science,713
ENGSCI 721,Data-centric Engineering for Physical Systems,ENGSCI,Engineering Science,721
ENGSCI 740,Computational Engineering for Physical Systems,ENGSCI,Engineering Science,740
ENGSCI 742,Studies in Continuum Mechanics,ENGSCI,Engineering Science,742
ENGSCI 746,Advanced Modelling and Simulation in Computational Mechanics,ENGSCI,Engineering Science,746
ENGSCI 755,Decision Making in Engineering,ENGSCI,Engineering Science,755
ENGSCI 760,Algorithms for Optimisation,ENGSCI,Engineering Science,760
ENGSCI 761,Integer and Multi-objective Optimisation,ENGSCI,Engineering Science,761
ENGSCI 763,Advanced Simulation and Stochastic Optimisation,ENGSCI,Engineering Science,763
ENGSCI 765,Advanced Optimisation in Operations Research,ENGSCI,Engineering Science,765
ENGSCI 768,Advanced Operations Research and Analytics,ENGSCI,Engineering Science,768
ENGSCI 773,Capstone Project,ENGSCI,Engineering Science,773
ENGSCI 787,Project X,ENGSCI,Engineering Science,787
ENGSCI 788,Research Project,ENGSCI,Engineering Science,788
ENGSCI 788A,Research Project,ENGSCI,Engineering Science,788A
ENGSCI 788B,Research Project,ENGSCI,Engineering Science,788B
ENGSCI 789,Project Z,ENGSCI,Engineering Science,789
ENGSCI 793A,Thesis (Operations Research and Analytics),ENGSCI,Engineering Science,793A
ENGSCI 793B,Thesis (Operations Research and Analytics),ENGSCI,Engineering Science,793B
ENGSCI 794A,Thesis (Operations Research and Analytics),ENGSCI,Engineering Science,794A
ENGSCI 794B,Thesis (Operations Research and Analytics),ENGSCI,Engineering Science,794B
ENGSCI 795,Research Project,ENGSCI,Engineering Science,795
ENGSCI 795A,Research Project,ENGSCI,Engineering Science,795A
ENGSCI 795B,Research Project,ENGSCI,Engineering Science,795B
ENGSCI 796A,Thesis,ENGSCI,Engineering Science,796A
ENGSCI 796B,Thesis,ENGSCI,Engineering Science,796B
ENGWRIT 101,English Writing for Academic Purposes,ENGWRIT,English Writing,101
ENV 100,Shaping Planet Earth,ENV,Environment,100
ENV 101,Environmental Challenges,ENV,Environment,101
ENV 102,Social and Environmental Change,ENV,Environment,102
ENV 103,Digital Earth,ENV,Environment,103
ENVCHG 300,Environmental Change,ENVCHG,Environmental Change,300
ENVCHG 789,BAdvSci(Hons) Dissertation in Environmental Change,ENVCHG,Environmental Change,789
ENVCHG 789A,BAdvSci(Hons) Dissertation in Environmental Change,ENVCHG,Environmental Change,789A
ENVCHG 789B,BAdvSci(Hons) Dissertation in Environmental Change,ENVCHG,Environmental Change,789B
ENVENG 200,Fundamentals of Environmental Engineering,ENVENG,Environmental Engineering,200
ENVENG 244,Environmental Engineering 1,ENVENG,Environmental Engineering,244
ENVENG 300,Natural and Built Environment Processes,ENVENG,Environmental Engineering,300
ENVENG 331,Three Waters: Quality and Treatment,ENVENG,Environmental Engineering,331
ENVENG 333,Engineering Hydrology,ENVENG,Environmental Engineering,333
ENVENG 341,Environmental Engineering 2,ENVENG,Environmental Engineering,341
ENVENG 342,Environmental Engineering Design,ENVENG,Environmental Engineering,342
ENVENG 400,Special Topic,ENVENG,Environmental Engineering,400
ENVENG 701,Urban Stormwater Management - Level 9,ENVENG,Environmental Engineering,701
ENVENG 702,Engineering Decision Making in Aotearoa,ENVENG,Environmental Engineering,702
ENVENG 705,Special Topic,ENVENG,Environmental Engineering,705
ENVENG 706,Special Topic,ENVENG,Environmental Engineering,706
ENVENG 707,Advanced Water Treatment and Reuse,ENVENG,Environmental Engineering,707
ENVENG 708,Environmental Engineering for Sustainable Futures,ENVENG,Environmental Engineering,708
ENVENG 740,Water and Wastewater Engineering,ENVENG,Environmental Engineering,740
ENVENG 744,Environmental Engineering Processes Laboratory,ENVENG,Environmental Engineering,744
ENVENG 746,Surface Water Quality Modelling - Level 9,ENVENG,Environmental Engineering,746
ENVENG 747,Environmental Fate of Chemicals and Mitigation,ENVENG,Environmental Engineering,747
ENVENG 752,Sustainability and Life Cycle Assessment,ENVENG,Environmental Engineering,752
ENVENG 760,Water-Sensitive Cities,ENVENG,Environmental Engineering,760
ENVENG 787,Project X,ENVENG,Environmental Engineering,787
ENVENG 788A,Project Y,ENVENG,Environmental Engineering,788A
ENVENG 788B,Project Y,ENVENG,Environmental Engineering,788B
ENVENG 789,Project Z,ENVENG,Environmental Engineering,789
ENVENG 795,Research Project (Environmental),ENVENG,Environmental Engineering,795
ENVENG 795A,Research Project (Environmental),ENVENG,Environmental Engineering,795A
ENVENG 795B,Research Project (Environmental),ENVENG,Environmental Engineering,795B
ENVENG 796A,ME Thesis (Environmental),ENVENG,Environmental Engineering,796A
ENVENG 796B,ME Thesis (Environmental),ENVENG,Environmental Engineering,796B
ENVMGT 701,Environmental Management in Practice,ENVMGT,Environmental Management,701
ENVMGT 741,Social Change for Sustainability,ENVMGT,Environmental Management,741
ENVMGT 742,Social Dimensions of Global Environmental Change,ENVMGT,Environmental Management,742
ENVMGT 743,Environmental Policy,ENVMGT,Environmental Management,743
ENVMGT 744,Resource Management,ENVMGT,Environmental Management,744
ENVMGT 746,Collaborative Environmental Management,ENVMGT,Environmental Management,746
ENVMGT 748,Coastal Management,ENVMGT,Environmental Management,748
ENVMGT 749,Ethical Environmental Futures,ENVMGT,Environmental Management,749
ENVMGT 750,Special Topic,ENVMGT,Environmental Management,750
ENVMGT 751,River Management,ENVMGT,Environmental Management,751
ENVMGT 760,Special Topic,ENVMGT,Environmental Management,760
ENVMGT 761,Directed Study,ENVMGT,Environmental Management,761
ENVMGT 762,Directed Study,ENVMGT,Environmental Management,762
ENVMGT 791,Research Project,ENVMGT,Environmental Management,791
ENVMGT 791A,Research Project,ENVMGT,Environmental Management,791A
ENVMGT 791B,Research Project,ENVMGT,Environmental Management,791B
ENVMGT 796A,MSc Thesis in Environmental Management,ENVMGT,Environmental Management,796A
ENVMGT 796B,MSc Thesis in Environmental Management,ENVMGT,Environmental Management,796B
ENVPHYS 100,"Sun, Sand, Surf: Science of Aotearoa",ENVPHYS,Environmental Physics,100
ENVPHYS 100G,"Sun, Sand, Surf: Science of Aotearoa",ENVPHYS,Environmental Physics,100G
ENVPHYS 200,Earth Observations and Models,ENVPHYS,Environmental Physics,200
ENVPHYS 300,"Atmosphere, Ocean and Earth Physics",ENVPHYS,Environmental Physics,300
ENVPHYS 301,Special Topic,ENVPHYS,Environmental Physics,301
ENVPHYS 370,Directed Study,ENVPHYS,Environmental Physics,370
ENVPHYS 399,Capstone: Environmental Physics,ENVPHYS,Environmental Physics,399
ENVPHYS 700,Frontiers in Climate Science,ENVPHYS,Environmental Physics,700
ENVPHYS 701,Atmosphere and Ocean Dynamics,ENVPHYS,Environmental Physics,701
ENVPHYS 702,Subsurface Characterisation with Geophysical Methods,ENVPHYS,Environmental Physics,702
ENVPHYS 703,Special Topic,ENVPHYS,Environmental Physics,703
ENVPHYS 770,Directed Study,ENVPHYS,Environmental Physics,770
ENVPHYS 780,Research Project,ENVPHYS,Environmental Physics,780
ENVPHYS 780A,Research Project,ENVPHYS,Environmental Physics,780A
ENVPHYS 780B,Research Project,ENVPHYS,Environmental Physics,780B
ENVPHYS 796A,Thesis,ENVPHYS,Environmental Physics,796A
ENVPHYS 796B,Thesis,ENVPHYS,Environmental Physics,796B
ENVSCI 201,Natural and Human Environmental Systems,ENVSCI,Environmental Science,201
ENVSCI 203,Modelling Environmental Systems,ENVSCI,Environmental Science,203
ENVSCI 204,Special Topic,ENVSCI,Environmental Science,204
ENVSCI 301,Environmental Science in Practice,ENVSCI,Environmental Science,301
ENVSCI 303,"Environmental Science, Risk and Society",ENVSCI,Environmental Science,303
ENVSCI 304,Special Topic,ENVSCI,Environmental Science,304
ENVSCI 390,Directed Study,ENVSCI,Environmental Science,390
ENVSCI 399,Capstone: Environmental Science,ENVSCI,Environmental Science,399
ENVSCI 701,Research Practice in Environmental Science,ENVSCI,Environmental Science,701
ENVSCI 704,Modelling of Environmental Systems,ENVSCI,Environmental Science,704
ENVSCI 705,Handling Environmental Data,ENVSCI,Environmental Science,705
ENVSCI 706,Special Topic,ENVSCI,Environmental Science,706
ENVSCI 707,Directed Study in Environmental Science,ENVSCI,Environmental Science,707
ENVSCI 708,Ecosystem Dynamics,ENVSCI,Environmental Science,708
ENVSCI 711,Environmental Impact Assessment,ENVSCI,Environmental Science,711
ENVSCI 713,Air Quality and Atmospheric Processes,ENVSCI,Environmental Science,713
ENVSCI 714,Environmental Pollution,ENVSCI,Environmental Science,714
ENVSCI 737,Landscape Ecology,ENVSCI,Environmental Science,737
ENVSCI 738,Water Sensitive Cities,ENVSCI,Environmental Science,738
ENVSCI 790,Research Project,ENVSCI,Environmental Science,790
ENVSCI 790A,Research Project,ENVSCI,Environmental Science,790A
ENVSCI 790B,Research Project,ENVSCI,Environmental Science,790B
ENVSCI 794A,MEnvSci Thesis,ENVSCI,Environmental Science,794A
ENVSCI 794B,MEnvSci Thesis,ENVSCI,Environmental Science,794B
ENVSCI 796A,MSc Thesis in Environmental Science,ENVSCI,Environmental Science,796A
ENVSCI 796B,MSc Thesis in Environmental Science,ENVSCI,Environmental Science,796B
EUROPEAN 100,Europe and the World,EUROPEAN,European Studies,100
EUROPEAN 200,Screening Europe,EUROPEAN,European Studies,200
EUROPEAN 204,Special Topic,EUROPEAN,European Studies,204
EUROPEAN 206,European Integration,EUROPEAN,European Studies,206
EUROPEAN 207,European Drama: Greatest Hits,EUROPEAN,European Studies,207
EUROPEAN 222,European Cinema and The City,EUROPEAN,European Studies,222
EUROPEAN 277,European Study Abroad 2A,EUROPEAN,European Studies,277
EUROPEAN 278,European Study Abroad 2B,EUROPEAN,European Studies,278
EUROPEAN 300,Screening Europe,EUROPEAN,European Studies,300
EUROPEAN 302,European Integration,EUROPEAN,European Studies,302
EUROPEAN 305,Special Topic,EUROPEAN,European Studies,305
EUROPEAN 307,European Drama: Greatest Hits,EUROPEAN,European Studies,307
EUROPEAN 322,European Cinema and The City,EUROPEAN,European Studies,322
EUROPEAN 377,European Study Abroad 3A,EUROPEAN,European Studies,377
EUROPEAN 378,European Study Abroad 3B,EUROPEAN,European Studies,378
EXERSCI (102),Exercise and Sport Science: From Theory to Application ** available as of 01/01/2027,EXERSCI,Exercise Sciences,(102)
EXERSCI (208),Human Anatomy ** available as of 01/11/2026,EXERSCI,Exercise Sciences,(208)
EXERSCI (307),Psychology of Physical Activity and Nutrition ** available as of 01/01/2027,EXERSCI,Exercise Sciences,(307)
EXERSCI 100G,Exercise and Fitness: Myths and Reality,EXERSCI,Exercise Sciences,100G
EXERSCI 101,Foundations of Exercise and Sport Sciences,EXERSCI,Exercise Sciences,101
EXERSCI 102,Exercising Body and Mind,EXERSCI,Exercise Sciences,102
EXERSCI 103,Human Anatomy,EXERSCI,Exercise Sciences,103
EXERSCI 105,Exercise Prescription,EXERSCI,Exercise Sciences,105
EXERSCI 201,Exercise Physiology 1,EXERSCI,Exercise Sciences,201
EXERSCI 203,Biomechanics 1,EXERSCI,Exercise Sciences,203
EXERSCI 205,Motor Learning,EXERSCI,Exercise Sciences,205
EXERSCI 206,Exercise Nutrition,EXERSCI,Exercise Sciences,206
EXERSCI 207,Sport Psychology,EXERSCI,Exercise Sciences,207
EXERSCI 210,Special Topic,EXERSCI,Exercise Sciences,210
EXERSCI 271,Advanced Exercise Assessment and Prescription,EXERSCI,Exercise Sciences,271
EXERSCI 301,Exercise Physiology 2,EXERSCI,Exercise Sciences,301
EXERSCI 303,Biomechanics 2,EXERSCI,Exercise Sciences,303
EXERSCI 305,Movement Neuroscience,EXERSCI,Exercise Sciences,305
EXERSCI 307,Psychology of Physical Activity,EXERSCI,Exercise Sciences,307
EXERSCI 309,Project in Exercise Sciences,EXERSCI,Exercise Sciences,309
EXERSCI 309A,Project in Exercise Sciences,EXERSCI,Exercise Sciences,309A
EXERSCI 309B,Project in Exercise Sciences,EXERSCI,Exercise Sciences,309B
EXERSCI 310,Special Topic,EXERSCI,Exercise Sciences,310
EXERSCI 371,Practicum in Exercise and Sport Sciences,EXERSCI,Exercise Sciences,371
EXERSCI 399,Capstone: Applying Exercise Sciences,EXERSCI,Exercise Sciences,399
EXERSCI 690A,Graduate Diploma Research Project,EXERSCI,Exercise Sciences,690A
EXERSCI 690B,Graduate Diploma Research Project,EXERSCI,Exercise Sciences,690B
EXERSCI 702,Projects in the Exercise Sciences,EXERSCI,Exercise Sciences,702
EXERSCI 704,Advanced Techniques in Biomechanics,EXERSCI,Exercise Sciences,704
EXERSCI 705,Research in the Exercise Sciences,EXERSCI,Exercise Sciences,705
EXERSCI 708,Advanced Seminar in Movement Neuroscience,EXERSCI,Exercise Sciences,708
EXERSCI 711,Exercise and Performance Psychology,EXERSCI,Exercise Sciences,711
EXERSCI 714,Special Topics in the Exercise Sciences,EXERSCI,Exercise Sciences,714
EXERSCI 719,Seminar in Exercise Physiology,EXERSCI,Exercise Sciences,719
EXERSCI 720,Clinical Exercise Physiology 1,EXERSCI,Exercise Sciences,720
EXERSCI 721,Clinical Exercise Physiology 2,EXERSCI,Exercise Sciences,721
EXERSCI 722,Critical Evaluation of Research in Rehabilitation - Level 9,EXERSCI,Exercise Sciences,722
EXERSCI 723,Research in Rehabilitation - Level 9,EXERSCI,Exercise Sciences,723
EXERSCI 724,Seminar in Advanced Clinical Exercise Physiology - Level 9,EXERSCI,Exercise Sciences,724
EXERSCI 731,Physiotherapy Healthcare,EXERSCI,Exercise Sciences,731
EXERSCI 731A,Physiotherapy Healthcare,EXERSCI,Exercise Sciences,731A
EXERSCI 731B,Physiotherapy Healthcare,EXERSCI,Exercise Sciences,731B
EXERSCI 732,Exercise for Rehabilitation,EXERSCI,Exercise Sciences,732
EXERSCI 733,Musculoskeletal Outpatients,EXERSCI,Exercise Sciences,733
EXERSCI 734,Physiotherapy Practice,EXERSCI,Exercise Sciences,734
EXERSCI 735,Neurological Rehabilitation,EXERSCI,Exercise Sciences,735
EXERSCI 736,Acute Care,EXERSCI,Exercise Sciences,736
EXERSCI 737,Physiotherapy in the Community,EXERSCI,Exercise Sciences,737
EXERSCI 738,Professional Practice,EXERSCI,Exercise Sciences,738
EXERSCI 741,Advanced Physiotherapy Practice - Level 9,EXERSCI,Exercise Sciences,741
EXERSCI 751,Physiotherapy Practicum 1,EXERSCI,Exercise Sciences,751
EXERSCI 751A,Physiotherapy Practicum 1,EXERSCI,Exercise Sciences,751A
EXERSCI 751B,Physiotherapy Practicum 1,EXERSCI,Exercise Sciences,751B
EXERSCI 752,Physiotherapy Practicum 2,EXERSCI,Exercise Sciences,752
EXERSCI 753,Physiotherapy Practicum 3,EXERSCI,Exercise Sciences,753
EXERSCI 754,Physiotherapy Practicum 4,EXERSCI,Exercise Sciences,754
EXERSCI 755,Physiotherapy Practicum 5,EXERSCI,Exercise Sciences,755
EXERSCI 775,Seminar in Clinical Exercise Physiology,EXERSCI,Exercise Sciences,775
EXERSCI 776,Clinical Exercise Physiology Practicum I,EXERSCI,Exercise Sciences,776
EXERSCI 777,Clinical Exercise Physiology Practicum II,EXERSCI,Exercise Sciences,777
EXERSCI 778,Clinical Exercise Physiology Practicum III,EXERSCI,Exercise Sciences,778
EXERSCI 778A,Clinical Exercise Physiology Practicum III,EXERSCI,Exercise Sciences,778A
EXERSCI 778B,Clinical Exercise Physiology Practicum III,EXERSCI,Exercise Sciences,778B
EXERSCI 779,Clinical Exercise Practicum 4,EXERSCI,Exercise Sciences,779
EXERSCI 781,Research Project - Level 9,EXERSCI,Exercise Sciences,781
EXERSCI 781A,Research Project - Level 9,EXERSCI,Exercise Sciences,781A
EXERSCI 781B,Research Project - Level 9,EXERSCI,Exercise Sciences,781B
EXERSCI 782,Dissertation,EXERSCI,Exercise Sciences,782
EXERSCI 782A,Dissertation,EXERSCI,Exercise Sciences,782A
EXERSCI 782B,Dissertation,EXERSCI,Exercise Sciences,782B
EXERSCI 790A,Research Project in Physiotherapy,EXERSCI,Exercise Sciences,790A
EXERSCI 790B,Research Project in Physiotherapy,EXERSCI,Exercise Sciences,790B
EXERSCI 796A,MSc Thesis in Exercise Sciences,EXERSCI,Exercise Sciences,796A
EXERSCI 796B,MSc Thesis in Exercise Sciences,EXERSCI,Exercise Sciences,796B
FINANCE 251,Financial Management,FINANCE,Finance,251
FINANCE 261,Introduction to Investments,FINANCE,Finance,261
FINANCE 300,Directed Study,FINANCE,Finance,300
FINANCE 301,Accounting for Sustainability,FINANCE,Finance,301
FINANCE 351,Advanced Financial Management,FINANCE,Finance,351
FINANCE 361,Modern Investment Theory and Management,FINANCE,Finance,361
FINANCE 362,Risk Management,FINANCE,Finance,362
FINANCE 383,Banking and Financial Institutions,FINANCE,Finance,383
FINANCE 384,Machine Learning in Finance,FINANCE,Finance,384
FINANCE 700,Directed Study,FINANCE,Finance,700
FINANCE 701,Research Methods in Finance,FINANCE,Finance,701
FINANCE 702,Governance Issues in Finance,FINANCE,Finance,702
FINANCE 703,Special Topic,FINANCE,Finance,703
FINANCE 705,Empirical Finance,FINANCE,Finance,705
FINANCE 707,Applied Finance Research,FINANCE,Finance,707
FINANCE 710,Financial Machine Learning,FINANCE,Finance,710
FINANCE 751,Modern Corporate Finance,FINANCE,Finance,751
FINANCE 759,Applied Research Consultancy Project,FINANCE,Finance,759
FINANCE 761,Portfolio Theory and Investment Analysis,FINANCE,Finance,761
FINANCE 762,Risk Management,FINANCE,Finance,762
FINANCE 781,Financial Machine Learning,FINANCE,Finance,781
FINANCE 782,Special Topic,FINANCE,Finance,782
FINANCE 788,Research Project,FINANCE,Finance,788
FINANCE 788A,Research Project,FINANCE,Finance,788A
FINANCE 788B,Research Project,FINANCE,Finance,788B
FINANCE 790,Research Project,FINANCE,Finance,790
FINANCE 791,Dissertation,FINANCE,Finance,791
FINANCE 791A,Dissertation,FINANCE,Finance,791A
FINANCE 791B,Dissertation,FINANCE,Finance,791B
FINANCE 796A,Thesis,FINANCE,Finance,796A
FINANCE 796B,Thesis,FINANCE,Finance,796B
FINEARTS 105,Special Topic,FINEARTS,Fine Arts,105
FINEARTS 109G,Introduction to Photographic Practice,FINEARTS,Fine Arts,109G
FINEARTS 110,Introduction to Fine Arts Technologies,FINEARTS,Fine Arts,110
FINEARTS 111,Fine Arts Studio 1,FINEARTS,Fine Arts,111
FINEARTS 112,Fine Arts Studio 2,FINEARTS,Fine Arts,112
FINEARTS 113,Theories and Methods for Practice 1,FINEARTS,Fine Arts,113
FINEARTS 205,Creative Computing,FINEARTS,Fine Arts,205
FINEARTS 211G,Understanding Contemporary Fashion Design,FINEARTS,Fine Arts,211G
FINEARTS 213,Special Topic,FINEARTS,Fine Arts,213
FINEARTS 214,Special Topic,FINEARTS,Fine Arts,214
FINEARTS 215,Theories and methods for Practice 2,FINEARTS,Fine Arts,215
FINEARTS 220,Creative Technologies: Ngā Toi Taketake - Aho Whatu Rua / Fibre and Textiles,FINEARTS,Fine Arts,220
FINEARTS 221,Creative Technologies: Ngā Toi Taketake - Te Ara Kōwhatu / Pathways of Stone,FINEARTS,Fine Arts,221
FINEARTS 222,Creative Technologies: Printmaking,FINEARTS,Fine Arts,222
FINEARTS 223,Creative Technologies: Publication,FINEARTS,Fine Arts,223
FINEARTS 224,Creative Technologies: Moving Image,FINEARTS,Fine Arts,224
FINEARTS 225,Creative Technologies: Action and Documentation,FINEARTS,Fine Arts,225
FINEARTS 226,Creative Technologies: Digital Photography,FINEARTS,Fine Arts,226
FINEARTS 227,Creative Technologies: Analogue Photography,FINEARTS,Fine Arts,227
FINEARTS 228,Creative Technologies: Painting Materiality and Process,FINEARTS,Fine Arts,228
FINEARTS 229,Creative Technologies: Painted Images,FINEARTS,Fine Arts,229
FINEARTS 230,Creative Technologies: Constructing Sculpture,FINEARTS,Fine Arts,230
FINEARTS 231,Creative Technologies: Shaping Sculpture,FINEARTS,Fine Arts,231
FINEARTS 232,"Performance: Communication, Identity and Community",FINEARTS,Fine Arts,232
FINEARTS 234,Creative Careers: Pathways,FINEARTS,Fine Arts,234
FINEARTS 235,Creative Careers: Making Exhibitions,FINEARTS,Fine Arts,235
FINEARTS 236,Drawing as Creative Thinking,FINEARTS,Fine Arts,236
FINEARTS 240,Indigeneity and Culture: Ko wai au?,FINEARTS,Fine Arts,240
FINEARTS 241,Contemporary Practices: Culture and Place,FINEARTS,Fine Arts,241
FINEARTS 242,Contemporary Practices: Image and Materiality,FINEARTS,Fine Arts,242
FINEARTS 243,"Image, Object and Materiality: What is an Object?",FINEARTS,Fine Arts,243
FINEARTS 244,"Embodiment, Identity and Agency: Art and Audience",FINEARTS,Fine Arts,244
FINEARTS 245,Contemporary Practices: Art and the Self,FINEARTS,Fine Arts,245
FINEARTS 246,Contemporary Practices: Art in the Anthropocene,FINEARTS,Fine Arts,246
FINEARTS 247,Contemporary Practices: Embodied Nature,FINEARTS,Fine Arts,247
FINEARTS 248,Technology and Material Futures: Mixed Realities,FINEARTS,Fine Arts,248
FINEARTS 249,Contemporary Practices: Technology and Material Futures,FINEARTS,Fine Arts,249
FINEARTS 250,Special Topic,FINEARTS,Fine Arts,250
FINEARTS 306,Special Topic,FINEARTS,Fine Arts,306
FINEARTS 308,Studio Practice 3,FINEARTS,Fine Arts,308
FINEARTS 309,Studio Practice 4,FINEARTS,Fine Arts,309
FINEARTS 320,Theories and Methods for Practice 3,FINEARTS,Fine Arts,320
FINEARTS 321,Fine Arts Studio 3: Capstone Project,FINEARTS,Fine Arts,321
FINEARTS 321A,Fine Arts Studio 3: Capstone Project,FINEARTS,Fine Arts,321A
FINEARTS 321B,Fine Arts Studio 3: Capstone Project,FINEARTS,Fine Arts,321B
FINEARTS 322,Research Essay: Making Sense of Practice,FINEARTS,Fine Arts,322
FINEARTS 322B,Research Essay: Making Sense of Practice,FINEARTS,Fine Arts,322B
FINEARTS 406,Special Topic,FINEARTS,Fine Arts,406
FINEARTS 407,Special Topic,FINEARTS,Fine Arts,407
FINEARTS 708,Studio Project,FINEARTS,Fine Arts,708
FINEARTS 756A,Research Project,FINEARTS,Fine Arts,756A
FINEARTS 756B,Research Project,FINEARTS,Fine Arts,756B
FINEARTS 758,Creative Practice Methodologies,FINEARTS,Fine Arts,758
FINEARTS 759,Studio,FINEARTS,Fine Arts,759
FINEARTS 759A,Studio,FINEARTS,Fine Arts,759A
FINEARTS 759B,Studio,FINEARTS,Fine Arts,759B
FINEARTS 761,Contemporary Practice 1,FINEARTS,Fine Arts,761
FINEARTS 762,Creative Technology 1,FINEARTS,Fine Arts,762
FINEARTS 763,Theories of Practice 1,FINEARTS,Fine Arts,763
FINEARTS 764,Contemporary Practice 2,FINEARTS,Fine Arts,764
FINEARTS 765,Creative Technology 2,FINEARTS,Fine Arts,765
FINEARTS 766,Theories of Practice 2,FINEARTS,Fine Arts,766
FINEARTS 767,Studio,FINEARTS,Fine Arts,767
FINEARTS 767A,Studio,FINEARTS,Fine Arts,767A
FINEARTS 767B,Studio,FINEARTS,Fine Arts,767B
FINEARTS 768,Studio,FINEARTS,Fine Arts,768
FINEARTS 769,Studio Practice Essay,FINEARTS,Fine Arts,769
FINEARTS 770,Research Methodologies - Level 9,FINEARTS,Fine Arts,770
FINEARTS 779A,Studio,FINEARTS,Fine Arts,779A
FINEARTS 779B,Studio,FINEARTS,Fine Arts,779B
FINEARTS 780A,Studio Research Essay,FINEARTS,Fine Arts,780A
FINEARTS 780B,Studio Research Essay,FINEARTS,Fine Arts,780B
FINEARTS 781A,Research Portfolio,FINEARTS,Fine Arts,781A
FINEARTS 781B,Research Portfolio,FINEARTS,Fine Arts,781B
FINEARTS 782,Research Essay - Level 9,FINEARTS,Fine Arts,782
FINEARTS 782A,Research Essay,FINEARTS,Fine Arts,782A
FINEARTS 782B,Research Essay,FINEARTS,Fine Arts,782B
FINEARTS 790A,Research Project,FINEARTS,Fine Arts,790A
FINEARTS 790B,Research Project,FINEARTS,Fine Arts,790B
FINEARTS 795A,Research Portfolio,FINEARTS,Fine Arts,795A
FINEARTS 795B,Research Portfolio,FINEARTS,Fine Arts,795B
FINEARTS 796A,Masters Studio,FINEARTS,Fine Arts,796A
FINEARTS 796B,Masters Studio,FINEARTS,Fine Arts,796B
FINEARTS 797A,Fine Arts Thesis,FINEARTS,Fine Arts,797A
FINEARTS 797B,Fine Arts Thesis,FINEARTS,Fine Arts,797B
FINEARTS 798A,Fine Arts Research Portfolio,FINEARTS,Fine Arts,798A
FINEARTS 798B,Fine Arts Research Portfolio,FINEARTS,Fine Arts,798B
FOODSCI (104),Foundations of Food Science ** available as of 01/11/2026,FOODSCI,Food Science,(104)
FOODSCI (204),Food Composition ** available as of 01/11/2026,FOODSCI,Food Science,(204)
FOODSCI 100,Foundations of Food and Nutrition,FOODSCI,Food Science,100
FOODSCI 110,Concepts in Food and Nutrition,FOODSCI,Food Science,110
FOODSCI 200,Food Composition and Nutrition,FOODSCI,Food Science,200
FOODSCI 202,Food Preservation,FOODSCI,Food Science,202
FOODSCI 301,Food Quality Attributes,FOODSCI,Food Science,301
FOODSCI 303,Sensory Science,FOODSCI,Food Science,303
FOODSCI 306,Principles of Food Processing,FOODSCI,Food Science,306
FOODSCI 310,Theory of Food Product Design,FOODSCI,Food Science,310
FOODSCI 399,Capstone: Food and Nutrition,FOODSCI,Food Science,399
FOODSCI 691,Postgraduate Diploma Research Project,FOODSCI,Food Science,691
FOODSCI 691A,Postgraduate Diploma Research Project,FOODSCI,Food Science,691A
FOODSCI 691B,Postgraduate Diploma Research Project,FOODSCI,Food Science,691B
FOODSCI 703,Food Processing,FOODSCI,Food Science,703
FOODSCI 705,Project in Food Science,FOODSCI,Food Science,705
FOODSCI 706,Food Safety,FOODSCI,Food Science,706
FOODSCI 707,Food Science,FOODSCI,Food Science,707
FOODSCI 708,Advanced Food Science,FOODSCI,Food Science,708
FOODSCI 709,Selected Topics in Food Science and Technology,FOODSCI,Food Science,709
FOODSCI 709A,Selected Topics in Food Science and Technology,FOODSCI,Food Science,709A
FOODSCI 709B,Selected Topics in Food Science and Technology,FOODSCI,Food Science,709B
FOODSCI 710,Industrial Internship,FOODSCI,Food Science,710
FOODSCI 715,Food Allergens and Intolerants,FOODSCI,Food Science,715
FOODSCI 740,Food Analysis,FOODSCI,Food Science,740
FOODSCI 750,Advanced Topics in Food Science 1,FOODSCI,Food Science,750
FOODSCI 751,Advanced Topics in Food Science 2,FOODSCI,Food Science,751
FOODSCI 752,Research Proposal - Level 9,FOODSCI,Food Science,752
FOODSCI 755,Special Topic,FOODSCI,Food Science,755
FOODSCI 788,BSc(Hons) Dissertation in Food Science,FOODSCI,Food Science,788
FOODSCI 788A,BSc(Hons) Dissertation in Food Science,FOODSCI,Food Science,788A
FOODSCI 788B,BSc(Hons) Dissertation in Food Science,FOODSCI,Food Science,788B
FOODSCI 790,Research Project - Level 9,FOODSCI,Food Science,790
FOODSCI 790A,Research Project - Level 9,FOODSCI,Food Science,790A
FOODSCI 790B,Research Project,FOODSCI,Food Science,790B
FOODSCI 791,Dissertation,FOODSCI,Food Science,791
FOODSCI 791A,Dissertation,FOODSCI,Food Science,791A
FOODSCI 791B,Dissertation,FOODSCI,Food Science,791B
FOODSCI 796A,MSc Thesis in Food Science,FOODSCI,Food Science,796A
FOODSCI 796B,MSc Thesis in Food Science,FOODSCI,Food Science,796B
FORENSIC 701,Fundamental Concepts in Forensic Science,FORENSIC,Forensic Science,701
FORENSIC 702,Introduction to Forensic Science,FORENSIC,Forensic Science,702
FORENSIC 703,Statistics and Molecular Biology for Forensic Science,FORENSIC,Forensic Science,703
FORENSIC 704,Techniques and Applications for Forensic Science,FORENSIC,Forensic Science,704
FORENSIC 706,Environmental Forensic Science,FORENSIC,Forensic Science,706
FORENSIC 707,Project in Forensic Science,FORENSIC,Forensic Science,707
FORENSIC 707A,Project in Forensic Science,FORENSIC,Forensic Science,707A
FORENSIC 707B,Project in Forensic Science,FORENSIC,Forensic Science,707B
FORENSIC 708,Special Topic: Forensic Science in a Digital World,FORENSIC,Forensic Science,708
FORENSIC 710,Advanced Topics in Forensic Science,FORENSIC,Forensic Science,710
FORENSIC 710A,Advanced Topics in Forensic Science,FORENSIC,Forensic Science,710A
FORENSIC 710B,Advanced Topics in Forensic Science,FORENSIC,Forensic Science,710B
FORENSIC 796A,MSc Thesis in Forensic Science,FORENSIC,Forensic Science,796A
FORENSIC 796B,MSc Thesis in Forensic Science,FORENSIC,Forensic Science,796B
FOUNDST 10F,English for Academic Purposes,FOUNDST,Foundation Studies,10F
FOUNDST 11F,Accounting,FOUNDST,Foundation Studies,11F
FOUNDST 12F,Art,FOUNDST,Foundation Studies,12F
FOUNDST 13F,Biology,FOUNDST,Foundation Studies,13F
FOUNDST 14F,Chemistry,FOUNDST,Foundation Studies,14F
FOUNDST 15F,Classical Studies,FOUNDST,Foundation Studies,15F
FOUNDST 16F,Economics,FOUNDST,Foundation Studies,16F
FOUNDST 17F,Geography,FOUNDST,Foundation Studies,17F
FOUNDST 18F,Information Technology,FOUNDST,Foundation Studies,18F
FOUNDST 19F,Mathematics with Calculus,FOUNDST,Foundation Studies,19F
FOUNDST 20F,Mathematics with Statistics,FOUNDST,Foundation Studies,20F
FOUNDST 21F,Physics,FOUNDST,Foundation Studies,21F
FRENCH 101,Introductory French Language 1,FRENCH,French,101
FRENCH 101G,Introductory French Language 1,FRENCH,French,101G
FRENCH 102,Introductory French Language 2,FRENCH,French,102
FRENCH 203,Intermediate French Language 1,FRENCH,French,203
FRENCH 204,Intermediate French Language 2,FRENCH,French,204
FRENCH 214,French Linguistics,FRENCH,French,214
FRENCH 229,The French-speaking World,FRENCH,French,229
FRENCH 241,Reading French Literature,FRENCH,French,241
FRENCH 244,Modern France: History and Culture,FRENCH,French,244
FRENCH 269,French Language and Culture in Film and Literature,FRENCH,French,269
FRENCH 277,French Study Abroad 2A,FRENCH,French,277
FRENCH 278,French Study Abroad 2B,FRENCH,French,278
FRENCH 279,Special Topic: Panorama of the French Novel,FRENCH,French,279
FRENCH 302,Special Topic,FRENCH,French,302
FRENCH 304,Advanced French Language 1,FRENCH,French,304
FRENCH 305,Advanced French Language 2,FRENCH,French,305
FRENCH 314,French Linguistics,FRENCH,French,314
FRENCH 320,French Translation Practice,FRENCH,French,320
FRENCH 329,The French-speaking World,FRENCH,French,329
FRENCH 331,Special Study in French,FRENCH,French,331
FRENCH 341,Panorama of the French Novel,FRENCH,French,341
FRENCH 344,Modern France: History and Culture,FRENCH,French,344
FRENCH 377,French Study Abroad 3A,FRENCH,French,377
FRENCH 378,French Study Abroad 3B,FRENCH,French,378
FRENCH 379,Special Topic: Reading French Literature,FRENCH,French,379
FRENCH 704,Special Topic,FRENCH,French,704
FRENCH 705,Advanced Language,FRENCH,French,705
FRENCH 707,Specialised French Translation 1,FRENCH,French,707
FRENCH 708,Specialised French Translation 2,FRENCH,French,708
FRENCH 710,Special Topic,FRENCH,French,710
FRENCH 710A,Special Topic,FRENCH,French,710A
FRENCH 710B,Special Topic,FRENCH,French,710B
FRENCH 711,Theory and Text,FRENCH,French,711
FRENCH 715,Special Topic,FRENCH,French,715
FRENCH 720,Advanced French Translation,FRENCH,French,720
FRENCH 720A,Advanced French Translation,FRENCH,French,720A
FRENCH 720B,Advanced French Translation,FRENCH,French,720B
FRENCH 725,Special Topic,FRENCH,French,725
FRENCH 725A,Special Topic,FRENCH,French,725A
FRENCH 725B,Special Topic,FRENCH,French,725B
FRENCH 727,Special Topic,FRENCH,French,727
FRENCH 729,Gender and Culture: Perspectives from the French-speaking World,FRENCH,French,729
FRENCH 750,Special Study,FRENCH,French,750
FRENCH 750A,Special Study,FRENCH,French,750A
FRENCH 750B,Special Study,FRENCH,French,750B
FRENCH 751,Special Study,FRENCH,French,751
FRENCH 751A,Special Study,FRENCH,French,751A
FRENCH 751B,Special Study,FRENCH,French,751B
FRENCH 752,Special Study,FRENCH,French,752
FRENCH 752A,Special Study,FRENCH,French,752A
FRENCH 752B,Special Study,FRENCH,French,752B
FRENCH 753,Special Study,FRENCH,French,753
FRENCH 753A,Special Study,FRENCH,French,753A
FRENCH 753B,Special Study,FRENCH,French,753B
FRENCH 777,Study Abroad,FRENCH,French,777
FRENCH 778,Study Abroad,FRENCH,French,778
FRENCH 785,Dissertation,FRENCH,French,785
FRENCH 785A,Dissertation,FRENCH,French,785A
FRENCH 785B,Dissertation,FRENCH,French,785B
FRENCH 790,Research Project,FRENCH,French,790
FRENCH 790A,Research Project,FRENCH,French,790A
FRENCH 790B,Research Project,FRENCH,French,790B
FRENCH 791,Dissertation,FRENCH,French,791
FRENCH 791A,Dissertation,FRENCH,French,791A
FRENCH 791B,Dissertation,FRENCH,French,791B
FRENCH 792,Dissertation,FRENCH,French,792
FRENCH 792A,Dissertation,FRENCH,French,792A
FRENCH 792B,Dissertation,FRENCH,French,792B
FRENCH 793A,Thesis,FRENCH,French,793A
FRENCH 793B,Thesis,FRENCH,French,793B
FRENCH 796A,Thesis,FRENCH,French,796A
FRENCH 796B,Thesis,FRENCH,French,796B
FRENCH 797A,Research Portfolio,FRENCH,French,797A
FRENCH 797B,Research Portfolio,FRENCH,French,797B
GENDER 101,Gender: Global and Local,GENDER,Gender Studies,101
GENDER 101G,Gender: Global and Local,GENDER,Gender Studies,101G
GENDER 206,Special Topic,GENDER,Gender Studies,206
GENDER 207,Special Topic,GENDER,Gender Studies,207
GENDER 208,Thinking Gender,GENDER,Gender Studies,208
GENDER 211,Transgender and the Queering of Sexuality,GENDER,Gender Studies,211
GENDER 300,Special Topic,GENDER,Gender Studies,300
GENDER 301,"Gender, Sex and Commodification",GENDER,Gender Studies,301
GENDER 306,"Theory Into Practice: Gender, Culture, and Social Change",GENDER,Gender Studies,306
GENDER 307,Special Topic,GENDER,Gender Studies,307
GENDER 311,Transgender and the Queering of Sexuality,GENDER,Gender Studies,311
GENDER 700,Critical Theories and Methods in Gender Studies,GENDER,Gender Studies,700
GENDER 701,Special Study,GENDER,Gender Studies,701
GENDER 701A,Special Study,GENDER,Gender Studies,701A
GENDER 701B,Special Study,GENDER,Gender Studies,701B
GENDER 705,Special Topic,GENDER,Gender Studies,705
GENDER 706,Special Topic,GENDER,Gender Studies,706
GENDER 780,Research Project,GENDER,Gender Studies,780
GENDER 780A,Research Project,GENDER,Gender Studies,780A
GENDER 780B,Research Project,GENDER,Gender Studies,780B
GENDER 785,Dissertation,GENDER,Gender Studies,785
GENDER 785A,Dissertation,GENDER,Gender Studies,785A
GENDER 785B,Dissertation,GENDER,Gender Studies,785B
GENDER 793,Dissertation,GENDER,Gender Studies,793
GENDER 793A,Dissertation,GENDER,Gender Studies,793A
GENDER 793B,Dissertation,GENDER,Gender Studies,793B
GENDER 796A,Thesis,GENDER,Gender Studies,796A
GENDER 796B,Thesis,GENDER,Gender Studies,796B
GENDER 797A,Research Portfolio,GENDER,Gender Studies,797A
GENDER 797B,Research Portfolio,GENDER,Gender Studies,797B
GEOG 104,Cities and Urbanism,GEOG,Geography,104
GEOG 104G,Cities and Urbanism,GEOG,Geography,104G
GEOG 202,"Cities, Regions and Communities",GEOG,Geography,202
GEOG 205,Environment and Society,GEOG,Geography,205
GEOG 250,Geographical Research in Practice,GEOG,Geography,250
GEOG 261,Climate and the Environment,GEOG,Geography,261
GEOG 262,Dynamic Landscapes,GEOG,Geography,262
GEOG 305,"Population, Health and Society",GEOG,Geography,305
GEOG 306,Special Topic,GEOG,Geography,306
GEOG 307,Urban Geography,GEOG,Geography,307
GEOG 308,Geopolitics and Indigenous Rights,GEOG,Geography,308
GEOG 320,Resources and Environmental Management,GEOG,Geography,320
GEOG 325,The Human Dimension of Disasters,GEOG,Geography,325
GEOG 327,"Politics, Markets and Economies",GEOG,Geography,327
GEOG 335,Living in a Changing Climate,GEOG,Geography,335
GEOG 342,"Technology, Power and Social Change",GEOG,Geography,342
GEOG 351,Coastal and Marine Studies,GEOG,Geography,351
GEOG 352,"Landscape, Environment and Heritage",GEOG,Geography,352
GEOG 390,Directed Study,GEOG,Geography,390
GEOG 399,Capstone: Geography,GEOG,Geography,399
GEOG 701,Research in Practice,GEOG,Geography,701
GEOG 714,Mobilities and Wellbeing,GEOG,Geography,714
GEOG 719,Geographies of Housing and Urban Change,GEOG,Geography,719
GEOG 725,"People, Participation and Development",GEOG,Geography,725
GEOG 737,Geographies of Public Policy,GEOG,Geography,737
GEOG 738,Future Food and Biological Economies,GEOG,Geography,738
GEOG 745,Applied Fluvial Geomorphology,GEOG,Geography,745
GEOG 746,Coastal Environments,GEOG,Geography,746
GEOG 749,Applied Climate Science,GEOG,Geography,749
GEOG 750,Environment and Landscape,GEOG,Geography,750
GEOG 759,Research Topics in Geography,GEOG,Geography,759
GEOG 760,Directed Study in Geography,GEOG,Geography,760
GEOG 761,Monitoring Change from Space with Machine Learning,GEOG,Geography,761
GEOG 762,Special Topic,GEOG,Geography,762
GEOG 771,Spatial Analysis and Geocomputation,GEOG,Geography,771
GEOG 774,Advanced Spatial Data Handling,GEOG,Geography,774
GEOG 789,Honours Research Project,GEOG,Geography,789
GEOG 789A,Honours Research Project,GEOG,Geography,789A
GEOG 789B,Honours Research Project,GEOG,Geography,789B
GEOG 793,Dissertation,GEOG,Geography,793
GEOG 796A,Masters Thesis in Geography,GEOG,Geography,796A
GEOG 796B,Masters Thesis in Geography,GEOG,Geography,796B
GEOTHERM 701,Geothermal Resources and their Use,GEOTHERM,Energy Technology,701
GEOTHERM 702,Geothermal Energy Technology,GEOTHERM,Energy Technology,702
GEOTHERM 703,Geothermal Exploration,GEOTHERM,Energy Technology,703
GEOTHERM 720,Geothermal Engineering,GEOTHERM,Energy Technology,720
GEOTHERM 785,Geothermal and Reservoir Engineering,GEOTHERM,Energy Technology,785
GEOTHERM 789,Geothermal Industry Project,GEOTHERM,Energy Technology,789
GERMAN 101,German Language Introductory 1,GERMAN,German,101
GERMAN 101G,German Language Introductory 1,GERMAN,German,101G
GERMAN 102,German Language Introductory 2,GERMAN,German,102
GERMAN 178,German Study Abroad I,GERMAN,German,178
GERMAN 200,German Language Intermediate 1,GERMAN,German,200
GERMAN 201,German Language Intermediate 2,GERMAN,German,201
GERMAN 207,Modern Germany: A century of social change,GERMAN,German,207
GERMAN 210,20th Century German Literature,GERMAN,German,210
GERMAN 211,Contemporary German Literature,GERMAN,German,211
GERMAN 212,Special Study in German,GERMAN,German,212
GERMAN 230,German Cinema from Murnau to Riefenstahl,GERMAN,German,230
GERMAN 277,German Study Abroad 2A,GERMAN,German,277
GERMAN 278,German Study Abroad 2B,GERMAN,German,278
GERMAN 290,Special Topic,GERMAN,German,290
GERMAN 291,Central Europe and the South Pacific,GERMAN,German,291
GERMAN 301,German Language Advanced 1,GERMAN,German,301
GERMAN 302,German Language Advanced 2,GERMAN,German,302
GERMAN 303,Contemporary German Literature,GERMAN,German,303
GERMAN 305,Translation,GERMAN,German,305
GERMAN 307,Modern Germany: A century of social change,GERMAN,German,307
GERMAN 310,"Classicism, Romanticism, Realism",GERMAN,German,310
GERMAN 312,Directed Reading and Research,GERMAN,German,312
GERMAN 320,20th Century German Literature,GERMAN,German,320
GERMAN 331,German Cinema from Murnau to Riefenstahl,GERMAN,German,331
GERMAN 377,German Study Abroad 3A,GERMAN,German,377
GERMAN 378,German Study Abroad 3B,GERMAN,German,378
GERMAN 391,Central Europe and the South Pacific,GERMAN,German,391
GERMAN 393,Special Topic,GERMAN,German,393
GERMAN 394,Special Topic,GERMAN,German,394
GERMAN 703,German Language C1.1,GERMAN,German,703
GERMAN 707,German Language C1,GERMAN,German,707
GERMAN 710,Topics in German Literature and Culture Studies,GERMAN,German,710
GERMAN 713,Issues in German Literature and Culture Studies,GERMAN,German,713
GERMAN 721,Special Topic in Germanic Studies,GERMAN,German,721
GERMAN 728,Special Topic,GERMAN,German,728
GERMAN 729,Special Topic in Germanic Studies,GERMAN,German,729
GERMAN 730,Special Topic,GERMAN,German,730
GERMAN 731,Special Topic,GERMAN,German,731
GERMAN 732,Special Topic,GERMAN,German,732
GERMAN 733,Topics in German Linguistics and Applied Linguistics,GERMAN,German,733
GERMAN 734,Issues in German Linguistics and Applied Linguistics,GERMAN,German,734
GERMAN 735,Special Topic in German Linguistics,GERMAN,German,735
GERMAN 741,German Translation Project,GERMAN,German,741
GERMAN 741A,German Translation Project,GERMAN,German,741A
GERMAN 741B,German Translation Project,GERMAN,German,741B
GERMAN 750,Special Study,GERMAN,German,750
GERMAN 751,Special Study,GERMAN,German,751
GERMAN 777,Study Abroad,GERMAN,German,777
GERMAN 778,Study Abroad,GERMAN,German,778
GERMAN 780,Research Project,GERMAN,German,780
GERMAN 780A,Research Project,GERMAN,German,780A
GERMAN 780B,Research Project,GERMAN,German,780B
GERMAN 791,Dissertation,GERMAN,German,791
GERMAN 791A,Dissertation,GERMAN,German,791A
GERMAN 791B,Dissertation,GERMAN,German,791B
GERMAN 792,Dissertation,GERMAN,German,792
GERMAN 792A,Dissertation,GERMAN,German,792A
GERMAN 792B,Dissertation,GERMAN,German,792B
GERMAN 793A,Thesis,GERMAN,German,793A
GERMAN 793B,Thesis,GERMAN,German,793B
GERMAN 796A,Thesis,GERMAN,German,796A
GERMAN 796B,Thesis,GERMAN,German,796B
GERMAN 797A,Research Portfolio,GERMAN,German,797A
GERMAN 797B,Research Portfolio,GERMAN,German,797B
GISCI 241,Principles of Remote Sensing,GISCI,Geographic Information Science,241
GISCI 242,Principles of GIScience,GISCI,Geographic Information Science,242
GISCI 243,Special Topic,GISCI,Geographic Information Science,243
GISCI 341,Remote Sensing Applications: From Drone to Satellite,GISCI,Geographic Information Science,341
GISCI 343,Geo-Spatial Data Science,GISCI,Geographic Information Science,343
GISCI 344,Special Topic,GISCI,Geographic Information Science,344
GISCI 390,Directed Study,GISCI,Geographic Information Science,390
GISCI 399,Capstone: GIScience,GISCI,Geographic Information Science,399
GLMI (705),"People, Performance and Well-being ** available as of 01/01/2027",GLMI,Global Management and Innovati,(705)
GLMI 700,Directed Study,GLMI,Global Management and Innovati,700
GLMI 701,Competing Globally,GLMI,Global Management and Innovati,701
GLMI 702,Global Talent Management,GLMI,Global Management and Innovati,702
GLMI 703,Global Digital Strategy - Level 9,GLMI,Global Management and Innovati,703
GLMI 704,Global Sustainability,GLMI,Global Management and Innovati,704
GLMI 705,"People, Performance and Well-being - Level 9",GLMI,Global Management and Innovati,705
GLMI 706,Working in an Age of Uncertainty,GLMI,Global Management and Innovati,706
GLMI 707,Organisational Change,GLMI,Global Management and Innovati,707
GLMI 708,Self-leadership and Professional Growth,GLMI,Global Management and Innovati,708
GLMI 709,New Ventures and Global Connectivity,GLMI,Global Management and Innovati,709
GLMI 710,Leveraging Innovation Ecosystems,GLMI,Global Management and Innovati,710
GLMI 711,Strategic Entrepreneurship in Action,GLMI,Global Management and Innovati,711
GLMI 712,Contemporary Approaches to Innovation and Business Design,GLMI,Global Management and Innovati,712
GLMI 759,Applied Research Consultancy Project - Level 9,GLMI,Global Management and Innovati,759
GLMI 780,Research Project,GLMI,Global Management and Innovati,780
GLMI 790,Research Project,GLMI,Global Management and Innovati,790
GLMI 791,Dissertation,GLMI,Global Management and Innovati,791
GLMI 791A,Dissertation,GLMI,Global Management and Innovati,791A
GLMI 791B,Dissertation,GLMI,Global Management and Innovati,791B
GLMI 796A,Thesis,GLMI,Global Management and Innovati,796A
GLMI 796B,Thesis,GLMI,Global Management and Innovati,796B
GLOBAL 101,"Global Issues, Sustainable Futures",GLOBAL,Global Studies,101
GLOBAL 101G,"Global Issues, Sustainable Futures",GLOBAL,Global Studies,101G
GLOBAL 102,Introduction to Global Studies,GLOBAL,Global Studies,102
GLOBAL 200,Global Challenges,GLOBAL,Global Studies,200
GLOBAL 201,Special Topic,GLOBAL,Global Studies,201
GLOBAL 202,Special Topic,GLOBAL,Global Studies,202
GLOBAL 204,Global Issues Through the Arts,GLOBAL,Global Studies,204
GLOBAL 205,Global Justice,GLOBAL,Global Studies,205
GLOBAL 250,Special Topic: Social Entrepreneurship and Systems Change,GLOBAL,Global Studies,250
GLOBAL 252,Asian Cities: Growth and Transition,GLOBAL,Global Studies,252
GLOBAL 277,Study Abroad 2A,GLOBAL,Global Studies,277
GLOBAL 300,Going Global,GLOBAL,Global Studies,300
GLOBAL 301,Special Topic: Humanitarian Interventions,GLOBAL,Global Studies,301
GLOBAL 302,Special Topic,GLOBAL,Global Studies,302
GLOBAL 304,Global Issues Through the Arts,GLOBAL,Global Studies,304
GLOBAL 350,Special Topic,GLOBAL,Global Studies,350
GLOBAL 352,Asian Cities: Growth and Transition,GLOBAL,Global Studies,352
GLOBAL 377,Study Abroad 3A,GLOBAL,Global Studies,377
GLOBAL 700,Themes in Global Studies,GLOBAL,Global Studies,700
GLOBAL 701,Contemporary Issues in Global Studies,GLOBAL,Global Studies,701
GLOBAL 702,Global Studies Research Design,GLOBAL,Global Studies,702
GLOBAL 704,Special Topic,GLOBAL,Global Studies,704
GLOBAL 705,Special Topic,GLOBAL,Global Studies,705
GLOBAL 706,Directed Study,GLOBAL,Global Studies,706
GLOBAL 707,Directed Study,GLOBAL,Global Studies,707
GLOBAL 793,Dissertation,GLOBAL,Global Studies,793
GREEK 707,Selected Greek Texts 1,GREEK,Greek,707
GREEK 707A,Selected Greek Texts 1,GREEK,Greek,707A
GREEK 707B,Selected Greek Texts 1,GREEK,Greek,707B
GREEK 709,Directed Study,GREEK,Greek,709
GREEK 709A,Directed Study,GREEK,Greek,709A
GREEK 709B,Directed Study,GREEK,Greek,709B
GREEK 714,Translation Portfolio: Greek to English,GREEK,Greek,714
GREEK 714A,Translation Portfolio: Greek to English,GREEK,Greek,714A
GREEK 714B,Translation Portfolio: Greek to English,GREEK,Greek,714B
GREEK 792,Dissertation,GREEK,Greek,792
GREEK 792A,Dissertation,GREEK,Greek,792A
GREEK 792B,Dissertation,GREEK,Greek,792B
GREEK 794A,Thesis,GREEK,Greek,794A
GREEK 794B,Thesis,GREEK,Greek,794B
GREEK 796A,Thesis,GREEK,Greek,796A
GREEK 796B,Thesis,GREEK,Greek,796B
GREEK 797A,Research Portfolio,GREEK,Greek,797A
GREEK 797B,Research Portfolio,GREEK,Greek,797B
HEALTHED 101,Food and Education,HEALTHED,Health Education,101
HEALTHED 201,Youth Mental Health Education,HEALTHED,Health Education,201
HEALTHED 202,"Sexuality, Education and Society",HEALTHED,Health Education,202
HEALTHED 301,Whaioranga,HEALTHED,Health Education,301
HEALTHED 302,Leading Health Promotion in Schools,HEALTHED,Health Education,302
HERCONS 700,Heritage Processes,HERCONS,Heritage Conservation,700
HERCONS 701,Heritage Assessment and Conservation Planning,HERCONS,Heritage Conservation,701
HERCONS 702,Conservation of Materials,HERCONS,Heritage Conservation,702
HERCONS 703,Diagnosis and Adaptation,HERCONS,Heritage Conservation,703
HERCONS 790,Research Project,HERCONS,Heritage Conservation,790
HIGHED 701,Learning and Teaching,HIGHED,Higher Education,701
HIGHED 702,Course Design,HIGHED,Higher Education,702
HIGHED 703,Topics in Higher Education,HIGHED,Higher Education,703
HIGHED 704,Research Project Design,HIGHED,Higher Education,704
HIGHED 793,Dissertation,HIGHED,Higher Education,793
HIGHED 793A,Dissertation,HIGHED,Higher Education,793A
HIGHED 793B,Dissertation,HIGHED,Higher Education,793B
HISTORY (259),Special Topic ** available as of 01/01/2027,HISTORY,History,(259)
HISTORY (359),Special Topic ** available as of 01/01/2027,HISTORY,History,(359)
HISTORY 103,Global History,HISTORY,History,103
HISTORY 103G,Global History,HISTORY,History,103G
HISTORY 104,Pacific History: An Introduction,HISTORY,History,104
HISTORY 107,Titiro Whakamuri: Histories of Aotearoa New Zealand,HISTORY,History,107
HISTORY 108,Rise and Fall of the USA,HISTORY,History,108
HISTORY 201,Special Topic,HISTORY,History,201
HISTORY 205,Bloodlands: Global Warfare,HISTORY,History,205
HISTORY 208,African-American Freedom Struggles: USA 1900-2000,HISTORY,History,208
HISTORY 210,"Health, Medicine and Society",HISTORY,History,210
HISTORY 217,Nazi Germany and its Legacies,HISTORY,History,217
HISTORY 224,"Old Regime and Revolution: France, 1750-1815",HISTORY,History,224
HISTORY 225,Samurai and Scholars: Early Modern China and Japan,HISTORY,History,225
HISTORY 227,Waitangi: Treaty to Tribunal,HISTORY,History,227
HISTORY 233,Australian History Since 1788,HISTORY,History,233
HISTORY 239,"Medieval Cultures: Faith, Power, Identities",HISTORY,History,239
HISTORY 241,Making Sense of the Sixties: the USA 1954-1974,HISTORY,History,241
HISTORY 243,Body and Blood: Religious Cultures and Conflicts c. 50-1650,HISTORY,History,243
HISTORY 250,The Global Cold War,HISTORY,History,250
HISTORY 252,New Zealand Cultural History,HISTORY,History,252
HISTORY 257,"Progress and Poverty: The USA, 1877-1919",HISTORY,History,257
HISTORY 259,Special Topic: Capitalism and Consumerism in United States History,HISTORY,History,259
HISTORY 270,Ireland since 1798,HISTORY,History,270
HISTORY 271,Atlantic Revolutions,HISTORY,History,271
HISTORY 300,Thinking History: Approaches to the Past,HISTORY,History,300
HISTORY 308,African-American Freedom Struggles: USA 1900-2000,HISTORY,History,308
HISTORY 309,Bloodlands: Global Warfare,HISTORY,History,309
HISTORY 317,Nazi Germany and its Legacies,HISTORY,History,317
HISTORY 318,Special Topic,HISTORY,History,318
HISTORY 324,Old Regime and Revolution in France c.1750-1815,HISTORY,History,324
HISTORY 327,Waitangi: Treaty to Tribunal,HISTORY,History,327
HISTORY 333,Australian History Since 1788,HISTORY,History,333
HISTORY 335,Samurai and Scholars: Early Modern China and Japan,HISTORY,History,335
HISTORY 339,"Medieval Cultures: Faith, Power, Identities",HISTORY,History,339
HISTORY 341,Making Sense of the Sixties: the USA 1954-1974,HISTORY,History,341
HISTORY 350,The Global Cold War,HISTORY,History,350
HISTORY 352,New Zealand Cultural History,HISTORY,History,352
HISTORY 356,Body and Blood: Religious Cultures and Conflicts c.50-1650,HISTORY,History,356
HISTORY 357,"Progress and Poverty: The USA, 1877-1919",HISTORY,History,357
HISTORY 359,Special Topic: Capitalism and Consumerism in United States History,HISTORY,History,359
HISTORY 367,"Health, Medicine and Society",HISTORY,History,367
HISTORY 370,Ireland since 1798,HISTORY,History,370
HISTORY 371,Atlantic Revolutions,HISTORY,History,371
HISTORY 700A,Settlers and Empire,HISTORY,History,700A
HISTORY 700B,Settlers and Empire,HISTORY,History,700B
HISTORY 705A,Writing New Zealand,HISTORY,History,705A
HISTORY 705B,Writing New Zealand,HISTORY,History,705B
HISTORY 706A,Topics in European Cultural History,HISTORY,History,706A
HISTORY 706B,Topics in European Cultural History,HISTORY,History,706B
HISTORY 711A,Texts and Contexts,HISTORY,History,711A
HISTORY 711B,Texts and Contexts,HISTORY,History,711B
HISTORY 712A,Insider Histories,HISTORY,History,712A
HISTORY 712B,Insider Histories,HISTORY,History,712B
HISTORY 713A,"Empire and Insurgency, 1840-1950",HISTORY,History,713A
HISTORY 713B,"Empire and Insurgency, 1840-1950",HISTORY,History,713B
HISTORY 715A,Topics in the History of War and Peace,HISTORY,History,715A
HISTORY 715B,Topics in the History of War and Peace,HISTORY,History,715B
HISTORY 716,Topics in the History of War and Peace,HISTORY,History,716
HISTORY 721A,Special Topic,HISTORY,History,721A
HISTORY 721B,Special Topic,HISTORY,History,721B
HISTORY 725A,"Health, Medicine and Society",HISTORY,History,725A
HISTORY 725B,"Health, Medicine and Society",HISTORY,History,725B
HISTORY 734A,Uncovering United States History,HISTORY,History,734A
HISTORY 734B,Uncovering United States History,HISTORY,History,734B
HISTORY 736A,Medieval Women and Gender,HISTORY,History,736A
HISTORY 736B,Medieval Women and Gender,HISTORY,History,736B
HISTORY 737A,Rethinking History,HISTORY,History,737A
HISTORY 737B,Rethinking History,HISTORY,History,737B
HISTORY 740,Special Topic,HISTORY,History,740
HISTORY 742A,Special Topic,HISTORY,History,742A
HISTORY 742B,Special Topic,HISTORY,History,742B
HISTORY 760,Special Study,HISTORY,History,760
HISTORY 760A,Special Study,HISTORY,History,760A
HISTORY 760B,Special Study,HISTORY,History,760B
HISTORY 761,Special Study,HISTORY,History,761
HISTORY 761A,Special Study,HISTORY,History,761A
HISTORY 761B,Special Study,HISTORY,History,761B
HISTORY 780,Research Project,HISTORY,History,780
HISTORY 780A,Research Project,HISTORY,History,780A
HISTORY 780B,Research Project,HISTORY,History,780B
HISTORY 793,Dissertation,HISTORY,History,793
HISTORY 793A,Dissertation,HISTORY,History,793A
HISTORY 793B,Dissertation,HISTORY,History,793B
HISTORY 796A,Thesis,HISTORY,History,796A
HISTORY 796B,Thesis,HISTORY,History,796B
HISTORY 797A,Research Portfolio,HISTORY,History,797A
HISTORY 797B,Research Portfolio,HISTORY,History,797B
HLTHLEAD 701,Health Management,HLTHLEAD,Health Leadership,701
HLTHLEAD 702,Health Leadership,HLTHLEAD,Health Leadership,702
HLTHLEAD 755A,Applied Project in Health Leadership - Level 9,HLTHLEAD,Health Leadership,755A
HLTHLEAD 755B,Applied Project in Health Leadership - Level 9,HLTHLEAD,Health Leadership,755B
HLTHMGT 755,Project in Health Leadership - Level 9,HLTHMGT,Health Management,755
HLTHMGT 755A,Project in Health Leadership - Level 9,HLTHMGT,Health Management,755A
HLTHMGT 755B,Project in Health Leadership - Level 9,HLTHMGT,Health Management,755B
HLTHPSYC 122,"Behaviour, Health and Development",HLTHPSYC,Health Psychology,122
HLTHPSYC 714,Health Psychology,HLTHPSYC,Health Psychology,714
HLTHPSYC 715,Research Methods in Health Psychology,HLTHPSYC,Health Psychology,715
HLTHPSYC 716,Psychoneuroimmunology,HLTHPSYC,Health Psychology,716
HLTHPSYC 717,"Emotions, Emotion Regulation, and Health",HLTHPSYC,Health Psychology,717
HLTHPSYC 719,Health Psychology Assessment,HLTHPSYC,Health Psychology,719
HLTHPSYC 720,Health Psychology Interventions,HLTHPSYC,Health Psychology,720
HLTHPSYC 742A,Professional Practice in Health Psychology,HLTHPSYC,Health Psychology,742A
HLTHPSYC 742B,Professional Practice in Health Psychology,HLTHPSYC,Health Psychology,742B
HLTHPSYC 743,Psychopathology and Clinical Interviewing,HLTHPSYC,Health Psychology,743
HLTHPSYC 744,Research Topic in Health Psychology,HLTHPSYC,Health Psychology,744
HLTHPSYC 745A,Practicum in Health Psychology,HLTHPSYC,Health Psychology,745A
HLTHPSYC 745B,Practicum in Health Psychology,HLTHPSYC,Health Psychology,745B
HLTHPSYC 746,Pre-internship Placement,HLTHPSYC,Health Psychology,746
HLTHPSYC 746A,Pre-Internship Placement,HLTHPSYC,Health Psychology,746A
HLTHPSYC 746B,Pre-Internship Placement,HLTHPSYC,Health Psychology,746B
HLTHPSYC 755,Special Study,HLTHPSYC,Health Psychology,755
HLTHPSYC 757,Psychosomatic Processes,HLTHPSYC,Health Psychology,757
HLTHPSYC 758,Technology and Health,HLTHPSYC,Health Psychology,758
HLTHPSYC 796A,Thesis in Health Psychology,HLTHPSYC,Health Psychology,796A
HLTHPSYC 796B,Thesis in Health Psychology,HLTHPSYC,Health Psychology,796B
HLTHSCI 700,Working with People with Long-term Conditions,HLTHSCI,Health Sciences,700
HLTHSCI 703,Psychological Interventions in Health Care,HLTHSCI,Health Sciences,703
HLTHSCI 704,Primary Health Care of Children and Young People,HLTHSCI,Health Sciences,704
HLTHSCI 705,Mental Health and Addiction for Health Professionals,HLTHSCI,Health Sciences,705
HLTHSCI 706,Special Topic,HLTHSCI,Health Sciences,706
HLTHSCI 707,Special Topic,HLTHSCI,Health Sciences,707
HLTHSCI 708,Special Topic,HLTHSCI,Health Sciences,708
HLTHSCI 710,Acute Stroke Care,HLTHSCI,Health Sciences,710
HLTHSCI 711,Stroke Rehabilitation,HLTHSCI,Health Sciences,711
HLTHSCI 712,Advanced Stroke Care,HLTHSCI,Health Sciences,712
HLTHSCI 713,Improving Stroke Care,HLTHSCI,Health Sciences,713
HLTHSCI 715,Research in Practice,HLTHSCI,Health Sciences,715
HLTHSCI 789,Research Project,HLTHSCI,Health Sciences,789
HLTHSCI 789A,Research Project,HLTHSCI,Health Sciences,789A
HLTHSCI 789B,Research Project,HLTHSCI,Health Sciences,789B
HLTHSCI 790,Dissertation,HLTHSCI,Health Sciences,790
HLTHSCI 790A,Dissertation,HLTHSCI,Health Sciences,790A
HLTHSCI 790B,Dissertation,HLTHSCI,Health Sciences,790B
HLTHSCI 793A,Research Portfolio,HLTHSCI,Health Sciences,793A
HLTHSCI 793B,Research Portfolio,HLTHSCI,Health Sciences,793B
HLTHSCI 795,Research Project in Health Practice,HLTHSCI,Health Sciences,795
HLTHSCI 795A,Research Project in Health Practice,HLTHSCI,Health Sciences,795A
HLTHSCI 795B,Research Project in Health Practice,HLTHSCI,Health Sciences,795B
HLTHSCI 796A,Thesis,HLTHSCI,Health Sciences,796A
HLTHSCI 796B,Thesis,HLTHSCI,Health Sciences,796B
HLTHSCI 797A,Research Portfolio,HLTHSCI,Health Sciences,797A
HLTHSCI 797B,Research Portfolio,HLTHSCI,Health Sciences,797B
HLTHSCI 800,Research in Action,HLTHSCI,Health Sciences,800
HLTHSCI 801,Healthcare Strategy and Planning,HLTHSCI,Health Sciences,801
HLTHSCI 802,Critical Synthesis of Health Issue,HLTHSCI,Health Sciences,802
HLTHSCI 802A,Critical Synthesis of Health Issue,HLTHSCI,Health Sciences,802A
HLTHSCI 802B,Critical Synthesis of Health Issue,HLTHSCI,Health Sciences,802B
HLTHSCI 803,Research Proposal,HLTHSCI,Health Sciences,803
HLTHSCI 897,Thesis,HLTHSCI,Health Sciences,897
HLTHSCI 897A,Thesis,HLTHSCI,Health Sciences,897A
HLTHSCI 897B,Thesis,HLTHSCI,Health Sciences,897B
HUMS 101,Europe: Medieval to Modern,HUMS,Humanities,101
HUMS 300,Critiquing the Museum,HUMS,Humanities,300
HUMSERV 102,Lifespan Development for Human Services,HUMSERV,Human Services,102
INDIGEN 700,Indigenous Theories,INDIGEN,Indigenous Studies,700
INDIGEN 701,Special Topic,INDIGEN,Indigenous Studies,701
INDIGEN 702,Special Topic,INDIGEN,Indigenous Studies,702
INDIGEN 710,Indigenous Methodologies,INDIGEN,Indigenous Studies,710
INDIGEN 711,Indigenous Environmental Politics,INDIGEN,Indigenous Studies,711
INDIGEN 712,Indigenous Psychologies,INDIGEN,Indigenous Studies,712
INDIGEN 792,Dissertation,INDIGEN,Indigenous Studies,792
INDIGEN 792A,Dissertation,INDIGEN,Indigenous Studies,792A
INDIGEN 792B,Dissertation,INDIGEN,Indigenous Studies,792B
INDIGEN 793,Dissertation,INDIGEN,Indigenous Studies,793
INDIGEN 793A,Dissertation,INDIGEN,Indigenous Studies,793A
INDIGEN 793B,Dissertation,INDIGEN,Indigenous Studies,793B
INFOGOV 700,Environment of Information Governance,INFOGOV,Information Governance,700
INFOGOV 701,Information Research in Practice,INFOGOV,Information Governance,701
INFOGOV 702,Information Ethics,INFOGOV,Information Governance,702
INFOGOV 703,Impact of New Technologies,INFOGOV,Information Governance,703
INFOGOV 704,Artificial Intelligence Regulation,INFOGOV,Information Governance,704
INFOGOV 705,Information Privacy: Theory and Application,INFOGOV,Information Governance,705
INFOGOV 706,Cybersecurity Techniques and Governance,INFOGOV,Information Governance,706
INFOGOV 707,Dispute Resolution Techniques,INFOGOV,Information Governance,707
INFOGOV 708,Intellectual Property and Information,INFOGOV,Information Governance,708
INFOGOV 709,Access to Information,INFOGOV,Information Governance,709
INFOGOV 710,Sector Regulation,INFOGOV,Information Governance,710
INFOGOV 711,Special Topic,INFOGOV,Information Governance,711
INFOGOV 712,Special Topic,INFOGOV,Information Governance,712
INFOGOV 720,Information Governance Project,INFOGOV,Information Governance,720
INFOGOV 720A,Information Governance Project,INFOGOV,Information Governance,720A
INFOGOV 720B,Information Governance Project,INFOGOV,Information Governance,720B
INFOGOV 780,Research Project,INFOGOV,Information Governance,780
INFOGOV 780A,Research Project,INFOGOV,Information Governance,780A
INFOGOV 780B,Research Project,INFOGOV,Information Governance,780B
INFOMGMT 192,Information Tools for Business,INFOMGMT,Information Management,192
INFOMGMT 399,Capstone: Information Management,INFOMGMT,Information Management,399
INFOSYS 110,Digital Systems,INFOSYS,Information Systems,110
INFOSYS 220,Business Systems Analysis,INFOSYS,Information Systems,220
INFOSYS 221,Programming for Business,INFOSYS,Information Systems,221
INFOSYS 222,Database Systems,INFOSYS,Information Systems,222
INFOSYS 300,Robotic Process Automation,INFOSYS,Information Systems,300
INFOSYS 301,Directed Study,INFOSYS,Information Systems,301
INFOSYS 302,Special Topic,INFOSYS,Information Systems,302
INFOSYS 303,Solutions Architecture,INFOSYS,Information Systems,303
INFOSYS 304,IT Infrastructure,INFOSYS,Information Systems,304
INFOSYS 305,Digital Strategy and Transformation,INFOSYS,Information Systems,305
INFOSYS 306,Digital Business and Innovation,INFOSYS,Information Systems,306
INFOSYS 307,Special Topic,INFOSYS,Information Systems,307
INFOSYS 321,Enterprise Systems,INFOSYS,Information Systems,321
INFOSYS 341,Information Security in Business,INFOSYS,Information Systems,341
INFOSYS 700,Digital Innovation,INFOSYS,Information Systems,700
INFOSYS 702,Special Topic,INFOSYS,Information Systems,702
INFOSYS 703,Managing with Artificial Intelligence,INFOSYS,Information Systems,703
INFOSYS 704,IT Consultancy,INFOSYS,Information Systems,704
INFOSYS 705,Directed Study,INFOSYS,Information Systems,705
INFOSYS 706,Digital Sustainability,INFOSYS,Information Systems,706
INFOSYS 707,Special Topic,INFOSYS,Information Systems,707
INFOSYS 708,Special Topic,INFOSYS,Information Systems,708
INFOSYS 709,Contemporary Issues in Information Systems Practice - Level 9,INFOSYS,Information Systems,709
INFOSYS 720,Information Systems Research - Level 9,INFOSYS,Information Systems,720
INFOSYS 722,Data Mining and Big Data,INFOSYS,Information Systems,722
INFOSYS 727,Advanced Information Security,INFOSYS,Information Systems,727
INFOSYS 735,Cloud Computing Architecture,INFOSYS,Information Systems,735
INFOSYS 750,Quantitative Methods in Information Systems,INFOSYS,Information Systems,750
INFOSYS 751,Qualitative Methods in Information Systems,INFOSYS,Information Systems,751
INFOSYS 757,Project Management and Outsourcing,INFOSYS,Information Systems,757
INFOSYS 759,Applied Research Consultancy Project - Level 9,INFOSYS,Information Systems,759
INFOSYS 788,Research Project,INFOSYS,Information Systems,788
INFOSYS 790,Research Project,INFOSYS,Information Systems,790
INFOSYS 791,Dissertation,INFOSYS,Information Systems,791
INFOSYS 791A,Dissertation,INFOSYS,Information Systems,791A
INFOSYS 791B,Dissertation,INFOSYS,Information Systems,791B
INFOSYS 796A,MCom Thesis in Information Systems,INFOSYS,Information Systems,796A
INFOSYS 796B,MCom Thesis in Information Systems,INFOSYS,Information Systems,796B
INNOVATE 100,Innovation through Design,INNOVATE,Innovation,100
INNOVATE 100G,Innovation through Design,INNOVATE,Innovation,100G
INNOVENT 203,The Entrepreneurial Mindset,INNOVENT,Innovation and Entrepreneurshi,203
INNOVENT 204,Entrepreneurial Opportunities,INNOVENT,Innovation and Entrepreneurshi,204
INNOVENT 300,Directed Study,INNOVENT,Innovation and Entrepreneurshi,300
INNOVENT 305,Special Topic,INNOVENT,Innovation and Entrepreneurshi,305
INNOVENT 307,Ecosystems for Innovation and Entrepreneurship,INNOVENT,Innovation and Entrepreneurshi,307
INNOVENT 308,Advanced Entrepreneurship,INNOVENT,Innovation and Entrepreneurshi,308
INNOVENT 309,Responsible Innovation,INNOVENT,Innovation and Entrepreneurshi,309
INNOVENT 310,Women in Entrepreneurship,INNOVENT,Innovation and Entrepreneurshi,310
INTBUS (309),Directed Studies in International Business ** available as of 01/01/2027,INTBUS,International Business,(309)
INTBUS 151,Business across Borders,INTBUS,International Business,151
INTBUS 151G,Business across Borders,INTBUS,International Business,151G
INTBUS 201,Foundations of International Business,INTBUS,International Business,201
INTBUS 202,Foundations of Strategy,INTBUS,International Business,202
INTBUS 300,Firms across Frontiers,INTBUS,International Business,300
INTBUS 305,Governing International Business,INTBUS,International Business,305
INTBUS 306,Global and Regional Business,INTBUS,International Business,306
INTBUS 307,International Management and Strategy,INTBUS,International Business,307
INTBUS 308,Special Topic,INTBUS,International Business,308
INTBUS 309,Directed Study,INTBUS,International Business,309
INTBUS 333,International Business Strategy,INTBUS,International Business,333
INTBUS 337,International Management,INTBUS,International Business,337
INTERNSP 700,Internship 1,INTERNSP,Internship,700
INTERNSP 701,Internship 2,INTERNSP,Internship,701
INTERNSP 702,Internship 3,INTERNSP,Internship,702
INTERNSP 703,Internship 4,INTERNSP,Internship,703
ITALIAN 100,Introductory Italian Language,ITALIAN,Italian,100
ITALIAN 100G,Introductory Italian Language,ITALIAN,Italian,100G
ITALIAN 106,Italian Language for Beginners 1,ITALIAN,Italian,106
ITALIAN 106G,Italian Language for Beginners 1,ITALIAN,Italian,106G
ITALIAN 107,Italian Language for Beginners 2,ITALIAN,Italian,107
ITALIAN 177,Study Abroad 1,ITALIAN,Italian,177
ITALIAN 200,Intermediate Italian Language 1,ITALIAN,Italian,200
ITALIAN 201,Intermediate Italian Language 2,ITALIAN,Italian,201
ITALIAN 202,Engendered Voices (Texts in Italian),ITALIAN,Italian,202
ITALIAN 203,Engendered Voices (Texts in English),ITALIAN,Italian,203
ITALIAN 206,Special Topic,ITALIAN,Italian,206
ITALIAN 235,Special Topic,ITALIAN,Italian,235
ITALIAN 236,Special Topic,ITALIAN,Italian,236
ITALIAN 277,Italian Study Abroad 2A,ITALIAN,Italian,277
ITALIAN 278,Italian Study Abroad 2B,ITALIAN,Italian,278
ITALIAN 300,Advanced Italian Language,ITALIAN,Italian,300
ITALIAN 301,Italian Translation Practice,ITALIAN,Italian,301
ITALIAN 312,Special Topic,ITALIAN,Italian,312
ITALIAN 313,Special Topic,ITALIAN,Italian,313
ITALIAN 330,Modern Italian Fiction and Drama,ITALIAN,Italian,330
ITALIAN 335,Engendered Voices (Texts in Italian),ITALIAN,Italian,335
ITALIAN 337,Special Topic,ITALIAN,Italian,337
ITALIAN 338,Special Topic,ITALIAN,Italian,338
ITALIAN 355,Directed Study,ITALIAN,Italian,355
ITALIAN 356,Directed Study,ITALIAN,Italian,356
ITALIAN 377,Italian Study Abroad 3A,ITALIAN,Italian,377
ITALIAN 378,Italian Study Abroad 3B,ITALIAN,Italian,378
ITALIAN 379,Study Abroad – Internship,ITALIAN,Italian,379
ITALIAN 700,Language Acquisition: Oral and Written Use of Italian,ITALIAN,Italian,700
ITALIAN 700A,Language Acquisition: Oral and Written Use of Italian,ITALIAN,Italian,700A
ITALIAN 700B,Language Acquisition: Oral and Written Use of Italian,ITALIAN,Italian,700B
ITALIAN 701,Special Topic,ITALIAN,Italian,701
ITALIAN 704,Special Topic,ITALIAN,Italian,704
ITALIAN 709,Special Topic,ITALIAN,Italian,709
ITALIAN 720,Special Topic,ITALIAN,Italian,720
ITALIAN 721,Special Topic,ITALIAN,Italian,721
ITALIAN 730,Special Topic,ITALIAN,Italian,730
ITALIAN 732,Special Topic,ITALIAN,Italian,732
ITALIAN 777,Study Abroad,ITALIAN,Italian,777
ITALIAN 778,Study Abroad,ITALIAN,Italian,778
ITALIAN 779,Study Abroad – Internship,ITALIAN,Italian,779
ITALIAN 780,Research Project,ITALIAN,Italian,780
ITALIAN 780A,Research Project,ITALIAN,Italian,780A
ITALIAN 780B,Research Project,ITALIAN,Italian,780B
ITALIAN 782,Research Essay,ITALIAN,Italian,782
ITALIAN 791,Dissertation,ITALIAN,Italian,791
ITALIAN 792,Dissertation,ITALIAN,Italian,792
ITALIAN 792A,Dissertation,ITALIAN,Italian,792A
ITALIAN 792B,Dissertation,ITALIAN,Italian,792B
ITALIAN 793A,Thesis,ITALIAN,Italian,793A
ITALIAN 793B,Thesis,ITALIAN,Italian,793B
ITALIAN 796A,Thesis,ITALIAN,Italian,796A
ITALIAN 796B,Thesis,ITALIAN,Italian,796B
ITALIAN 797A,Research Portfolio,ITALIAN,Italian,797A
ITALIAN 797B,Research Portfolio,ITALIAN,Italian,797B
JAPANESE 130,Japanese Language 1A,JAPANESE,Japanese,130
JAPANESE 130G,Japanese Language 1A,JAPANESE,Japanese,130G
JAPANESE 131,Japanese Language 1B,JAPANESE,Japanese,131
JAPANESE 178,Japanese Study Abroad 1,JAPANESE,Japanese,178
JAPANESE 231,Japanese Language 2A,JAPANESE,Japanese,231
JAPANESE 232,Japanese Language 2B,JAPANESE,Japanese,232
JAPANESE 241,Japanese Popular Culture since 1945,JAPANESE,Japanese,241
JAPANESE 270,Japanese Culture and Traditions,JAPANESE,Japanese,270
JAPANESE 277,Japanese Study Abroad 2A,JAPANESE,Japanese,277
JAPANESE 278,Japanese Study Abroad 2B,JAPANESE,Japanese,278
JAPANESE 292,Religion in Modern Japanese Society,JAPANESE,Japanese,292
JAPANESE 300,Special Topic,JAPANESE,Japanese,300
JAPANESE 308,Religion in Modern Japanese Society,JAPANESE,Japanese,308
JAPANESE 331,Japanese Language 3A,JAPANESE,Japanese,331
JAPANESE 332,Japanese Language 3B,JAPANESE,Japanese,332
JAPANESE 341,Japanese Popular Culture since 1945,JAPANESE,Japanese,341
JAPANESE 370,Japanese Culture and Traditions,JAPANESE,Japanese,370
JAPANESE 377,Japanese Study Abroad 3A,JAPANESE,Japanese,377
JAPANESE 378,Japanese Study Abroad 3B,JAPANESE,Japanese,378
JAPANESE 392,Special Topic,JAPANESE,Japanese,392
JAPANESE 702,Topics in Japanese Culture and Society,JAPANESE,Japanese,702
JAPANESE 703,Topics in Japanese Language and Linguistics,JAPANESE,Japanese,703
JAPANESE 706,Advanced Japanese Language Acquisition 1,JAPANESE,Japanese,706
JAPANESE 707,Advanced Japanese Language Acquisition 2,JAPANESE,Japanese,707
JAPANESE 745,Directed Study,JAPANESE,Japanese,745
JAPANESE 745A,Directed Study,JAPANESE,Japanese,745A
JAPANESE 745B,Directed Study,JAPANESE,Japanese,745B
JAPANESE 746A,Research Essay,JAPANESE,Japanese,746A
JAPANESE 746B,Research Essay,JAPANESE,Japanese,746B
JAPANESE 747,Directed Study,JAPANESE,Japanese,747
JAPANESE 747A,Directed Study,JAPANESE,Japanese,747A
JAPANESE 747B,Directed Study,JAPANESE,Japanese,747B
JAPANESE 748,Research Essay,JAPANESE,Japanese,748
JAPANESE 780,Research Project,JAPANESE,Japanese,780
JAPANESE 780A,Research Project,JAPANESE,Japanese,780A
JAPANESE 780B,Research Project,JAPANESE,Japanese,780B
JAPANESE 782,Research Essay,JAPANESE,Japanese,782
JAPANESE 782A,Research Essay,JAPANESE,Japanese,782A
JAPANESE 782B,Research Essay,JAPANESE,Japanese,782B
JAPANESE 791,Dissertation,JAPANESE,Japanese,791
JAPANESE 791A,Dissertation,JAPANESE,Japanese,791A
JAPANESE 791B,Dissertation,JAPANESE,Japanese,791B
JAPANESE 792A,Dissertation,JAPANESE,Japanese,792A
JAPANESE 792B,Dissertation,JAPANESE,Japanese,792B
JAPANESE 793A,Thesis,JAPANESE,Japanese,793A
JAPANESE 793B,Thesis,JAPANESE,Japanese,793B
JAPANESE 796A,Thesis,JAPANESE,Japanese,796A
JAPANESE 796B,Thesis,JAPANESE,Japanese,796B
JAPANESE 797A,Research Portfolio,JAPANESE,Japanese,797A
JAPANESE 797B,Research Portfolio,JAPANESE,Japanese,797B
KOREAN 110,Korean for Beginners 1,KOREAN,Korean,110
KOREAN 110G,Korean for Beginners 1,KOREAN,Korean,110G
KOREAN 111,Korean for Beginners 2,KOREAN,Korean,111
KOREAN 200,Intermediate Korean 1,KOREAN,Korean,200
KOREAN 201,Intermediate Korean 2,KOREAN,Korean,201
KOREAN 203,"K-pop, Digital and Global",KOREAN,Korean,203
KOREAN 205,Korea through TV Drama and Film,KOREAN,Korean,205
KOREAN 250,Korean for Heritage Speakers,KOREAN,Korean,250
KOREAN 277,Korean Study Abroad 2A,KOREAN,Korean,277
KOREAN 278,Korean Study Abroad 2B,KOREAN,Korean,278
KOREAN 300,Advanced Korean 1,KOREAN,Korean,300
KOREAN 301,Advanced Korean 2,KOREAN,Korean,301
KOREAN 303,"K-pop, Digital and Global",KOREAN,Korean,303
KOREAN 305,Korea through TV Drama and Film,KOREAN,Korean,305
KOREAN 306,Special Topic,KOREAN,Korean,306
KOREAN 377,Korean Study Abroad 3A,KOREAN,Korean,377
KOREAN 378,Korean Study Abroad 3B,KOREAN,Korean,378
KOREAN 381,Korean Study Abroad 3C,KOREAN,Korean,381
LANGLIT 792,Dissertation,LANGLIT,Languages and Literature,792
LANGLIT 792A,Dissertation,LANGLIT,Languages and Literature,792A
LANGLIT 792B,Dissertation,LANGLIT,Languages and Literature,792B
LANGLIT 794,Dissertation,LANGLIT,Languages and Literature,794
LANGLIT 794A,Dissertation,LANGLIT,Languages and Literature,794A
LANGLIT 794B,Dissertation,LANGLIT,Languages and Literature,794B
LANGLIT 796A,Thesis,LANGLIT,Languages and Literature,796A
LANGLIT 796B,Thesis,LANGLIT,Languages and Literature,796B
LANGLIT 797A,Research Portfolio,LANGLIT,Languages and Literature,797A
LANGLIT 797B,Research Portfolio,LANGLIT,Languages and Literature,797B
LANGTCHG 101,Introduction to Language Teaching,LANGTCHG,Language Teaching and Learning,101
LANGTCHG 202,Introductory English Language Analysis for Teachers,LANGTCHG,Language Teaching and Learning,202
LANGTCHG 205,Developing Literacy in a Second Language,LANGTCHG,Language Teaching and Learning,205
LANGTCHG 206,Special Topic: Language Learning and the Brain,LANGTCHG,Language Teaching and Learning,206
LANGTCHG 207,Instructed Language Learning,LANGTCHG,Language Teaching and Learning,207
LANGTCHG 209,Using Tasks in Language Teaching,LANGTCHG,Language Teaching and Learning,209
LANGTCHG 300,Theory and Practice of Language Teaching,LANGTCHG,Language Teaching and Learning,300
LANGTCHG 301,The Second Language Curriculum,LANGTCHG,Language Teaching and Learning,301
LANGTCHG 302,Practical Language Teaching,LANGTCHG,Language Teaching and Learning,302
LANGTCHG 304,The Young Second Language Learner,LANGTCHG,Language Teaching and Learning,304
LANGTCHG 305,Special Topic,LANGTCHG,Language Teaching and Learning,305
LANGTCHG 307,Special Topic,LANGTCHG,Language Teaching and Learning,307
LANGTCHG 308,Special Topic,LANGTCHG,Language Teaching and Learning,308
LANGTCHG 309,Second/Foreign Language Teaching Experience,LANGTCHG,Language Teaching and Learning,309
LANGTCHG 311,Language and Technology,LANGTCHG,Language Teaching and Learning,311
LANGTCHG 312,Special Topic,LANGTCHG,Language Teaching and Learning,312
LANGTCHG 701,Multilingual Lives,LANGTCHG,Language Teaching and Learning,701
LANGTCHG 702,Foundations of Curriculum Design,LANGTCHG,Language Teaching and Learning,702
LANGTCHG 708,Experimental Approaches to SLA,LANGTCHG,Language Teaching and Learning,708
LANGTCHG 710,Task-based Language Teaching,LANGTCHG,Language Teaching and Learning,710
LANGTCHG 715,Developing Academic Literacy,LANGTCHG,Language Teaching and Learning,715
LANGTCHG 734,Identity in Language Teaching and Learning,LANGTCHG,Language Teaching and Learning,734
LANGTCHG 739,Directed Study,LANGTCHG,Language Teaching and Learning,739
LANGTCHG 740,Language Analysis for Teachers,LANGTCHG,Language Teaching and Learning,740
LANGTCHG 746,Materials Development and Evaluation,LANGTCHG,Language Teaching and Learning,746
LANGTCHG 751,Corpus Studies in Applied Linguistics,LANGTCHG,Language Teaching and Learning,751
LANGTCHG 752,Computer Assisted Language Learning,LANGTCHG,Language Teaching and Learning,752
LANGTCHG 754,English for Specific Purposes,LANGTCHG,Language Teaching and Learning,754
LANGTCHG 756,Special Topic,LANGTCHG,Language Teaching and Learning,756
LANGTCHG 757,Conducting Research in Applied Language Studies,LANGTCHG,Language Teaching and Learning,757
LANGTCHG 760,Curriculum Design,LANGTCHG,Language Teaching and Learning,760
LANGTCHG 761,Sociolinguistics,LANGTCHG,Language Teaching and Learning,761
LANGTCHG 762,Second Language Acquisition - Level 9,LANGTCHG,Language Teaching and Learning,762
LANGTCHG 763,Discourse Analysis - Level 9,LANGTCHG,Language Teaching and Learning,763
LANGTCHG 764,Creativity: Research and Practice,LANGTCHG,Language Teaching and Learning,764
LANGTCHG 765,Language Testing and Assessment,LANGTCHG,Language Teaching and Learning,765
LANGTCHG 790,Research Project,LANGTCHG,Language Teaching and Learning,790
LANGTCHG 790A,Research Project,LANGTCHG,Language Teaching and Learning,790A
LANGTCHG 790B,Research Project,LANGTCHG,Language Teaching and Learning,790B
LANGTCHG 793,Dissertation,LANGTCHG,Language Teaching and Learning,793
LANGTCHG 793A,Dissertation,LANGTCHG,Language Teaching and Learning,793A
LANGTCHG 793B,Dissertation,LANGTCHG,Language Teaching and Learning,793B
LANGTCHG 796A,Thesis,LANGTCHG,Language Teaching and Learning,796A
LANGTCHG 796B,Thesis,LANGTCHG,Language Teaching and Learning,796B
LANGTCHG 797A,Research Portfolio,LANGTCHG,Language Teaching and Learning,797A
LANGTCHG 797B,Research Portfolio,LANGTCHG,Language Teaching and Learning,797B
LATIN 100,Introduction to Latin Language 1,LATIN,Latin,100
LATIN 100G,Introduction to Latin Language 1,LATIN,Latin,100G
LATIN 101,Introduction to Latin Language 2,LATIN,Latin,101
LATIN 200,Latin Language Acquisition: Intermediate,LATIN,Latin,200
LATIN 201,Latin Literary Texts 2A,LATIN,Latin,201
LATIN 202,Latin Literary Texts 2B,LATIN,Latin,202
LATIN 203,Latin Literary Texts 2C,LATIN,Latin,203
LATIN 204,Latin Literary Texts 2D,LATIN,Latin,204
LATIN 205,Special Topic: Latin Texts,LATIN,Latin,205
LATIN 300,Advanced Language Study Part 1,LATIN,Latin,300
LATIN 301,Latin Literary Texts 3A,LATIN,Latin,301
LATIN 302,Latin Literary Texts 3B,LATIN,Latin,302
LATIN 305,Directed Study,LATIN,Latin,305
LATIN 310,Advanced Language Study Part 2,LATIN,Latin,310
LATIN 707,Selected Latin Texts 1,LATIN,Latin,707
LATIN 707A,Selected Latin Texts 1,LATIN,Latin,707A
LATIN 707B,Selected Latin Texts 1,LATIN,Latin,707B
LATIN 709,Directed Study,LATIN,Latin,709
LATIN 709B,Directed Study,LATIN,Latin,709B
LATIN 714,Translation Portfolio: Latin to English,LATIN,Latin,714
LATIN 714A,Translation Portfolio: Latin to English,LATIN,Latin,714A
LATIN 714B,Translation Portfolio: Latin to English,LATIN,Latin,714B
LATIN 792,Dissertation,LATIN,Latin,792
LATIN 792A,Dissertation,LATIN,Latin,792A
LATIN 792B,Dissertation,LATIN,Latin,792B
LATIN 794A,Thesis,LATIN,Latin,794A
LATIN 794B,Thesis,LATIN,Latin,794B
LATIN 796A,Thesis,LATIN,Latin,796A
LATIN 796B,Thesis,LATIN,Latin,796B
LATIN 797A,Research Portfolio,LATIN,Latin,797A
LATIN 797B,Research Portfolio,LATIN,Latin,797B
LATINAM 200,Special Topic: Latin American Icons,LATINAM,Latin American Studies,200
LATINAM 201,Latin American History and Culture Through Film,LATINAM,Latin American Studies,201
LATINAM 202,Study Abroad (Latin America),LATINAM,Latin American Studies,202
LATINAM 210,Visual Cultures and Industries in Latin America,LATINAM,Latin American Studies,210
LATINAM 216,"Music, Politics and Social Change",LATINAM,Latin American Studies,216
LATINAM 301,"Music, Politics and Social Change",LATINAM,Latin American Studies,301
LATINAM 302,Special Topic,LATINAM,Latin American Studies,302
LATINAM 303,Latin American History and Culture through Film,LATINAM,Latin American Studies,303
LATINAM 304,Study Abroad (Latin America),LATINAM,Latin American Studies,304
LATINAM 306,Latin American Icons: The Political Economy of Otherness,LATINAM,Latin American Studies,306
LATINAM 310,Visual Cultures and Industries,LATINAM,Latin American Studies,310
LATINAM 320,Latin American Knowledges,LATINAM,Latin American Studies,320
LATINAM 350,Directed Reading and Research,LATINAM,Latin American Studies,350
LAW 121G,Law and Society,LAW,Law,121G
LAW 131,Legal Method,LAW,Law,131
LAW 141,Legal Foundations,LAW,Law,141
LAW 201A,Criminal Law,LAW,Law,201A
LAW 201B,Criminal Law,LAW,Law,201B
LAW 211A,Public Law,LAW,Law,211A
LAW 211B,Public Law,LAW,Law,211B
LAW 231A,Law of Torts,LAW,Law,231A
LAW 231B,Law of Torts,LAW,Law,231B
LAW 241A,Law of Contract,LAW,Law,241A
LAW 241B,Law of Contract,LAW,Law,241B
LAW 297,"Legal Research, Writing and Communication",LAW,Law,297
LAW 297A,"Legal Research, Writing and Communication",LAW,Law,297A
LAW 297B,"Legal Research, Writing and Communication",LAW,Law,297B
LAW 298A,"Legal Research, Writing and Communication",LAW,Law,298A
LAW 298B,"Legal Research, Writing and Communication",LAW,Law,298B
LAW 301A,Land Law,LAW,Law,301A
LAW 301B,Land Law,LAW,Law,301B
LAW 304,Equity,LAW,Law,304
LAW 305,Land Law,LAW,Law,305
LAW 306A,Equity,LAW,Law,306A
LAW 306B,Equity,LAW,Law,306B
LAW 316,Jurisprudence,LAW,Law,316
LAW 398,Ethical Practice,LAW,Law,398
LAW 399,Legal Research 2,LAW,Law,399
LAW 410,He Pūtake Tikanga Māori,LAW,Law,410
LAW 411,Special Topic,LAW,Law,411
LAW 456,Supervised Research,LAW,Law,456
LAW 458,Legal Ethics,LAW,Law,458
LAW 498,"Advanced Legal Research, Writing and Communication",LAW,Law,498
LAW 700,Legal Research Methodology and Advanced Writing,LAW,Law,700
LAW 701,"The Legal System: Sources, Structure and Method - Level 9",LAW,Law,701
LAW 760,Directed Study,LAW,Law,760
LAW 790,Dissertation,LAW,Law,790
LAW 794A,Research Portfolio 1,LAW,Law,794A
LAW 794B,Research Portfolio 1,LAW,Law,794B
LAW 796A,Thesis 1,LAW,Law,796A
LAW 796B,Thesis 1,LAW,Law,796B
LAW 797A,Thesis 2,LAW,Law,797A
LAW 797B,Thesis 2,LAW,Law,797B
LAW 798A,Research Portfolio 2,LAW,Law,798A
LAW 798B,Research Portfolio 2,LAW,Law,798B
LAWCOMM (410),Special Topic: Mergers and Acquisitions ** available as of 01/01/2027,LAWCOMM,Law Commercial,(410)
LAWCOMM (411),Special Topic: Commercial Law in Asia ** available as of 01/01/2027,LAWCOMM,Law Commercial,(411)
LAWCOMM (466),Special Topic: Transfer Pricing ** available as of 01/01/2027,LAWCOMM,Law Commercial,(466)
LAWCOMM (469),Special Topic: Asia Pacific Tax ** available as of 01/01/2027,LAWCOMM,Law Commercial,(469)
LAWCOMM (477),Special Topic: Corporate Lawyers Today ** available as of 01/01/2027,LAWCOMM,Law Commercial,(477)
LAWCOMM 400,Contemporary Commercial and Private Law Litigation,LAWCOMM,Law Commercial,400
LAWCOMM 410,Special Topic: Mergers and Acquisitions,LAWCOMM,Law Commercial,410
LAWCOMM 411,Special Topic: Commercial Law in Asia,LAWCOMM,Law Commercial,411
LAWCOMM 412,Restitution,LAWCOMM,Law Commercial,412
LAWCOMM 413,Conflict of Laws,LAWCOMM,Law Commercial,413
LAWCOMM 414,Law of Personal Property,LAWCOMM,Law Commercial,414
LAWCOMM 415,Financial Markets Law,LAWCOMM,Law Commercial,415
LAWCOMM 416,Tax Law,LAWCOMM,Law Commercial,416
LAWCOMM 419,International Sales and Finance,LAWCOMM,Law Commercial,419
LAWCOMM 420,Advanced Tax Law,LAWCOMM,Law Commercial,420
LAWCOMM 421,Commercial Arbitration,LAWCOMM,Law Commercial,421
LAWCOMM 422,Competition Law,LAWCOMM,Law Commercial,422
LAWCOMM 423,Company Liquidations,LAWCOMM,Law Commercial,423
LAWCOMM 424,Insurance Law,LAWCOMM,Law Commercial,424
LAWCOMM 425,International Trade,LAWCOMM,Law Commercial,425
LAWCOMM 426,Law and Information Technology,LAWCOMM,Law Commercial,426
LAWCOMM 427,Vendor and Purchaser,LAWCOMM,Law Commercial,427
LAWCOMM 428,Maritime Law,LAWCOMM,Law Commercial,428
LAWCOMM 429,Advanced Tort,LAWCOMM,Law Commercial,429
LAWCOMM 432,Corporate Transactions,LAWCOMM,Law Commercial,432
LAWCOMM 433,Copyright and Design,LAWCOMM,Law Commercial,433
LAWCOMM 434,Advanced Contract,LAWCOMM,Law Commercial,434
LAWCOMM 436,Advanced Company Law,LAWCOMM,Law Commercial,436
LAWCOMM 437,Iwi Corporate Governance,LAWCOMM,Law Commercial,437
LAWCOMM 450,International Tax Law,LAWCOMM,Law Commercial,450
LAWCOMM 451,Construction Law,LAWCOMM,Law Commercial,451
LAWCOMM 452,Commercial and Consumer Law,LAWCOMM,Law Commercial,452
LAWCOMM 456,Secured Credit,LAWCOMM,Law Commercial,456
LAWCOMM 457,Consumer Law,LAWCOMM,Law Commercial,457
LAWCOMM 458,Intellectual Property,LAWCOMM,Law Commercial,458
LAWCOMM 461,Corporate Insolvency,LAWCOMM,Law Commercial,461
LAWCOMM 462,Patents and Related Rights,LAWCOMM,Law Commercial,462
LAWCOMM 463,Trade Marks and Related Rights,LAWCOMM,Law Commercial,463
LAWCOMM 464,Company Law,LAWCOMM,Law Commercial,464
LAWCOMM 465,Theories of Contract Law,LAWCOMM,Law Commercial,465
LAWCOMM 466,Special Topic: Transfer Pricing,LAWCOMM,Law Commercial,466
LAWCOMM 467,Corporate Governance,LAWCOMM,Law Commercial,467
LAWCOMM 469,Special Topic: Asia Pacific Tax,LAWCOMM,Law Commercial,469
LAWCOMM 470,Special Topic,LAWCOMM,Law Commercial,470
LAWCOMM 471,Guarantees and Indemnities,LAWCOMM,Law Commercial,471
LAWCOMM 472,Creditors' Remedies,LAWCOMM,Law Commercial,472
LAWCOMM 473,Takeovers,LAWCOMM,Law Commercial,473
LAWCOMM 476,Franchise Law,LAWCOMM,Law Commercial,476
LAWCOMM 477,Special Topic: Corporate Lawyers Today,LAWCOMM,Law Commercial,477
LAWCOMM 478,Start-up Law,LAWCOMM,Law Commercial,478
LAWCOMM 700,Special Topic: Foundations of Tax Law,LAWCOMM,Law Commercial,700
LAWCOMM 702,International Arbitration - Level 9,LAWCOMM,Law Commercial,702
LAWCOMM 706,Competition Law and Policy,LAWCOMM,Law Commercial,706
LAWCOMM 707,Conflict of Laws,LAWCOMM,Law Commercial,707
LAWCOMM 709,Corporate Governance,LAWCOMM,Law Commercial,709
LAWCOMM 710,Dispute Resolution,LAWCOMM,Law Commercial,710
LAWCOMM 713,Intellectual Property,LAWCOMM,Law Commercial,713
LAWCOMM 720,Law of Insurance Contracts,LAWCOMM,Law Commercial,720
LAWCOMM 721,Patent Drafting,LAWCOMM,Law Commercial,721
LAWCOMM 724,Mergers and Acquisitions - Level 9,LAWCOMM,Law Commercial,724
LAWCOMM 730,Special Topic: Regulation of International Trade,LAWCOMM,Law Commercial,730
LAWCOMM 731,Special Topic: Commercial Law in Asia - Level 9,LAWCOMM,Law Commercial,731
LAWCOMM 732,Special Topic: Contractual Interpretation,LAWCOMM,Law Commercial,732
LAWCOMM 733,Special Topic: Shaping the Law in the Tech Driven Era - Level 9,LAWCOMM,Law Commercial,733
LAWCOMM 735,Special Topic: Private Equity and Venture Capital – Corporate Law and Practice,LAWCOMM,Law Commercial,735
LAWCOMM 736,Special Topic: FinTech Finance and Regulations,LAWCOMM,Law Commercial,736
LAWCOMM 737,Special Topic: Financial Markets Regulation - Level 9,LAWCOMM,Law Commercial,737
LAWCOMM 738,Special Topic: IP Law in Asia-Pacific,LAWCOMM,Law Commercial,738
LAWCOMM 739,Special Topic: Corporate Lawyers Today - Level 9,LAWCOMM,Law Commercial,739
LAWCOMM 740,Special Topic: Corporate Governance - Level 9,LAWCOMM,Law Commercial,740
LAWCOMM 741,Secured Transactions,LAWCOMM,Law Commercial,741
LAWCOMM 742,Remedies Law,LAWCOMM,Law Commercial,742
LAWCOMM 744,Selected Topics in Taxation,LAWCOMM,Law Commercial,744
LAWCOMM 745,Public Law in Commercial Contexts,LAWCOMM,Law Commercial,745
LAWCOMM 746,Data Privacy and the Law,LAWCOMM,Law Commercial,746
LAWCOMM 747,Special Topic: International Commercial Transactions - Level 9,LAWCOMM,Law Commercial,747
LAWCOMM 748,Special Topic: Contentious Tax Disputes,LAWCOMM,Law Commercial,748
LAWCOMM 749,Special Topic: Tort Law at the Cutting Edge,LAWCOMM,Law Commercial,749
LAWCOMM 750,Start-up Law,LAWCOMM,Law Commercial,750
LAWCOMM 755,Corporate Finance,LAWCOMM,Law Commercial,755
LAWCOMM 758,Franchising Law,LAWCOMM,Law Commercial,758
LAWCOMM 767,Special Topic: Transfer Pricing,LAWCOMM,Law Commercial,767
LAWCOMM 768,Special Topic: Economic Analysis of the Law,LAWCOMM,Law Commercial,768
LAWCOMM 769,Special Topic: Economic Regulation: Principles and Practice,LAWCOMM,Law Commercial,769
LAWCOMM 770,Private International Law,LAWCOMM,Law Commercial,770
LAWCOMM 772,Intellectual Property and Practice,LAWCOMM,Law Commercial,772
LAWCOMM 773,Corporate Governance in New Zealand,LAWCOMM,Law Commercial,773
LAWCOMM 774,Comparative Corporate Governance,LAWCOMM,Law Commercial,774
LAWCOMM 775A,International Taxation,LAWCOMM,Law Commercial,775A
LAWCOMM 775B,International Taxation,LAWCOMM,Law Commercial,775B
LAWCOMM 777,Special Topic,LAWCOMM,Law Commercial,777
LAWCOMM 777A,Special Topic,LAWCOMM,Law Commercial,777A
LAWCOMM 777B,Special Topic,LAWCOMM,Law Commercial,777B
LAWCOMM 778,"Special Topic: Corporate Governance, Social and Environmental Responsibility",LAWCOMM,Law Commercial,778
LAWCOMM 779,Special Topic: Asia Pacific Tax - Level 9,LAWCOMM,Law Commercial,779
LAWCOMM 780,Corporation and Investor Taxation,LAWCOMM,Law Commercial,780
LAWCOMM 782,Trade Mark Practice,LAWCOMM,Law Commercial,782
LAWCOMM 783,Avoidance Provisions,LAWCOMM,Law Commercial,783
LAWCOMM 784,Taxation of Property Transactions,LAWCOMM,Law Commercial,784
LAWCOMM 785,Patent Practice,LAWCOMM,Law Commercial,785
LAWCOMM 786,Tax Administration and Disputes,LAWCOMM,Law Commercial,786
LAWCOMM 787,Taxation of Trusts and Non-corporate Entities,LAWCOMM,Law Commercial,787
LAWCOMM 788,Special Topic: Current Issues in Tax,LAWCOMM,Law Commercial,788
LAWCOMM 789,Research Essay in Taxation Law,LAWCOMM,Law Commercial,789
LAWCOMM 790,Dissertation in Taxation Law,LAWCOMM,Law Commercial,790
LAWCOMM 791,Patent Drafting,LAWCOMM,Law Commercial,791
LAWCOMM 792,Dissertation in Taxation Law,LAWCOMM,Law Commercial,792
LAWCOMM 793,Patent Law - Level 9,LAWCOMM,Law Commercial,793
LAWCOMM 794A,Thesis in Taxation Law,LAWCOMM,Law Commercial,794A
LAWCOMM 794B,Thesis in Taxation Law,LAWCOMM,Law Commercial,794B
LAWCOMM 795,Copyright and Design,LAWCOMM,Law Commercial,795
LAWCOMM 796,Trade Marks and Related Rights,LAWCOMM,Law Commercial,796
LAWCOMM 797,Interpretation and Validity of Patent Specification,LAWCOMM,Law Commercial,797
LAWENVIR (405),Special Topic: Environmental Law of the Pacific Rim ** available as of 01/01/2027,LAWENVIR,Law Environmental,(405)
LAWENVIR (406),Special Topic: Climate Change Litigation ** available as of 01/01/2027,LAWENVIR,Law Environmental,(406)
LAWENVIR (424),Special Topic: Sustainability and Natural Resources Law ** available as of 01/01/2027,LAWENVIR,Law Environmental,(424)
LAWENVIR 404,Climate Change Law,LAWENVIR,Law Environmental,404
LAWENVIR 405,Special Topic: Environmental Law of the Pacific Rim,LAWENVIR,Law Environmental,405
LAWENVIR 406,Special Topic: Climate Change Litigation,LAWENVIR,Law Environmental,406
LAWENVIR 420,International Environmental Law,LAWENVIR,Law Environmental,420
LAWENVIR 421,Energy and Natural Resources Law,LAWENVIR,Law Environmental,421
LAWENVIR 424,Special Topic: Sustainability and Natural Resources Law,LAWENVIR,Law Environmental,424
LAWENVIR 425,Special Topic,LAWENVIR,Law Environmental,425
LAWENVIR 426,Special Topic,LAWENVIR,Law Environmental,426
LAWENVIR 427,Special Topic,LAWENVIR,Law Environmental,427
LAWENVIR 433,Resource Management Law,LAWENVIR,Law Environmental,433
LAWENVIR 434,Environmental Constitutionalism,LAWENVIR,Law Environmental,434
LAWENVIR 710,International Environmental Law - Level 9,LAWENVIR,Law Environmental,710
LAWENVIR 712,Mining and Energy Law,LAWENVIR,Law Environmental,712
LAWENVIR 713,"Mining, Energy and Natural Resource Law",LAWENVIR,Law Environmental,713
LAWENVIR 714,Natural Resources Law,LAWENVIR,Law Environmental,714
LAWENVIR 716,Resource Management Law,LAWENVIR,Law Environmental,716
LAWENVIR 719,Special Topic: Environmental Law of the Pacific Rim - Level 9,LAWENVIR,Law Environmental,719
LAWENVIR 720,Special Topic: Climate Change Litigation - Level 9,LAWENVIR,Law Environmental,720
LAWENVIR 721,Special Topic: Ocean Governance Law,LAWENVIR,Law Environmental,721
LAWENVIR 723,Climate Change Law - Level 9,LAWENVIR,Law Environmental,723
LAWENVIR 726,Special Topic: Nature Law,LAWENVIR,Law Environmental,726
LAWENVIR 727,Special Topic: Climate Change Law,LAWENVIR,Law Environmental,727
LAWENVIR 728,Special Topic: Global Environmental Law,LAWENVIR,Law Environmental,728
LAWENVIR 729,Special Topic: Comparative Environmental Law,LAWENVIR,Law Environmental,729
LAWENVIR 730,Special Topic,LAWENVIR,Law Environmental,730
LAWENVIR 732,Special Topic: Selected Issues in Environmental and Natural Resources Law,LAWENVIR,Law Environmental,732
LAWENVIR 735,Special Topic: Comparative Water and Natural Resources Law,LAWENVIR,Law Environmental,735
LAWENVIR 736,Special Topic: Comparative Water Law and Policy,LAWENVIR,Law Environmental,736
LAWENVIR 737,Special Topic: Global Environmental Law,LAWENVIR,Law Environmental,737
LAWENVIR 741,Special Topic: Sustainability and Natural Resources Law,LAWENVIR,Law Environmental,741
LAWENVIR 742,Special Topic,LAWENVIR,Law Environmental,742
LAWENVIR 770,Global Environmental Governance,LAWENVIR,Law Environmental,770
LAWENVIR 771,Mining and Energy Law,LAWENVIR,Law Environmental,771
LAWENVIR 772,Special Topic,LAWENVIR,Law Environmental,772
LAWENVIR 773,Special Topic,LAWENVIR,Law Environmental,773
LAWENVIR 774,Special Topic,LAWENVIR,Law Environmental,774
LAWENVIR 777,Special Topic: Resource Management Law,LAWENVIR,Law Environmental,777
LAWGENRL (458),Pasifika Peoples and the Law ** available as of 01/01/2027,LAWGENRL,Law General,(458)
LAWGENRL 400,Directed Study,LAWGENRL,Law General,400
LAWGENRL 406,Complex Litigation,LAWGENRL,Law General,406
LAWGENRL 407,"Indigenous Peoples, Criminal Law and Justice",LAWGENRL,Law General,407
LAWGENRL 408,Technology Law and Policy,LAWGENRL,Law General,408
LAWGENRL 410,Comparative Health Law and Policy,LAWGENRL,Law General,410
LAWGENRL 411,History of the Law of Obligations,LAWGENRL,Law General,411
LAWGENRL 412,Special Topic: Law and Artificial Intelligence,LAWGENRL,Law General,412
LAWGENRL 413,Animals and the Law,LAWGENRL,Law General,413
LAWGENRL 414,“Justice” in Sentencing,LAWGENRL,Law General,414
LAWGENRL 415,Evidence,LAWGENRL,Law General,415
LAWGENRL 416,Directed Study,LAWGENRL,Law General,416
LAWGENRL 417,Special Topic,LAWGENRL,Law General,417
LAWGENRL 418,Community Law Internship,LAWGENRL,Law General,418
LAWGENRL 419,Special Topic: Regional Law and Governance in the Pacific,LAWGENRL,Law General,419
LAWGENRL 421,Civil Procedure,LAWGENRL,Law General,421
LAWGENRL 422,Women and the Law,LAWGENRL,Law General,422
LAWGENRL 423,Legal History,LAWGENRL,Law General,423
LAWGENRL 424,"Negotiation, Mediation and Dispute Resolution",LAWGENRL,Law General,424
LAWGENRL 425,Psychiatry and the Law,LAWGENRL,Law General,425
LAWGENRL 426,Roman Law,LAWGENRL,Law General,426
LAWGENRL 427,Equitable Remedies,LAWGENRL,Law General,427
LAWGENRL 428,South Pacific Legal Studies,LAWGENRL,Law General,428
LAWGENRL 429,Law of Family Property,LAWGENRL,Law General,429
LAWGENRL 430,Advanced Family Law,LAWGENRL,Law General,430
LAWGENRL 432,Healthcare Law,LAWGENRL,Law General,432
LAWGENRL 433,Family Law,LAWGENRL,Law General,433
LAWGENRL 434,Trial Advocacy,LAWGENRL,Law General,434
LAWGENRL 435,Theories of Private Law,LAWGENRL,Law General,435
LAWGENRL 436,Air and Space Law,LAWGENRL,Law General,436
LAWGENRL 438,Housing Law and Policy,LAWGENRL,Law General,438
LAWGENRL 439,Housing Law and Policy,LAWGENRL,Law General,439
LAWGENRL 452,Appellate Advocacy,LAWGENRL,Law General,452
LAWGENRL 453,Privacy Law,LAWGENRL,Law General,453
LAWGENRL 454,Youth Justice,LAWGENRL,Law General,454
LAWGENRL 458,Pasifika Peoples and the Law,LAWGENRL,Law General,458
LAWGENRL 459,Race and the Law,LAWGENRL,Law General,459
LAWGENRL 460,International Mooting,LAWGENRL,Law General,460
LAWGENRL 461,Special Topic,LAWGENRL,Law General,461
LAWGENRL 462,Law and Popular Culture,LAWGENRL,Law General,462
LAWGENRL 464,Introduction to Common Law,LAWGENRL,Law General,464
LAWGENRL 465,Contemporary Issues in Land Law,LAWGENRL,Law General,465
LAWGENRL 467,Pacific People in Aotearoa: Legal Peripheries,LAWGENRL,Law General,467
LAWGENRL 469,Selected Topics in Health Care Law,LAWGENRL,Law General,469
LAWGENRL 470,Selected Topics in Media Law,LAWGENRL,Law General,470
LAWGENRL 471,Public Authority Liability,LAWGENRL,Law General,471
LAWGENRL 472,Economic Analysis of Public and Private Law,LAWGENRL,Law General,472
LAWGENRL 474,"Law, Pluralism, and the State",LAWGENRL,Law General,474
LAWGENRL 702,Foundations of Human Rights,LAWGENRL,Law General,702
LAWGENRL 711,Special Topic: Corruption: Comparative and International Approaches,LAWGENRL,Law General,711
LAWGENRL 712,Therapeutic Jurisprudence,LAWGENRL,Law General,712
LAWGENRL 713,Selected Issues in Family Law,LAWGENRL,Law General,713
LAWGENRL 714,Restorative and Therapeutic Justice,LAWGENRL,Law General,714
LAWGENRL 715,Special Topic: Comparative Crime,LAWGENRL,Law General,715
LAWGENRL 716,Special Topic: Secured Transactions: Practical,LAWGENRL,Law General,716
LAWGENRL 717,Special Topic,LAWGENRL,Law General,717
LAWGENRL 718,Special Topic: Employment Law: Personal Grievance,LAWGENRL,Law General,718
LAWGENRL 719,Special Topic: Law and Computer Science,LAWGENRL,Law General,719
LAWGENRL 720,Law of Evidence,LAWGENRL,Law General,720
LAWGENRL 721,Mediation,LAWGENRL,Law General,721
LAWGENRL 722,Comparative Law,LAWGENRL,Law General,722
LAWGENRL 723,Special Topic: Selected Topics in Law of Evidence and Criminal Procedure,LAWGENRL,Law General,723
LAWGENRL 724,Miscarriage of Justice,LAWGENRL,Law General,724
LAWGENRL 725,Special Topic: Human Rights in their Commercial Context in Aotearoa,LAWGENRL,Law General,725
LAWGENRL 726,Special Topic,LAWGENRL,Law General,726
LAWGENRL 727,Special Topic: Health Law,LAWGENRL,Law General,727
LAWGENRL 728,Video Game Law - Level 9,LAWGENRL,Law General,728
LAWGENRL 729,Special Topic,LAWGENRL,Law General,729
LAWGENRL 730,Special Topic: Psychiatry and the Law,LAWGENRL,Law General,730
LAWGENRL 731,Special Topic,LAWGENRL,Law General,731
LAWGENRL 732,Special Topic: Collaborative Dispute Resolution and Community Consultation - Level 9,LAWGENRL,Law General,732
LAWGENRL 770,Ideas of Land,LAWGENRL,Law General,770
LAWGENRL 771,Mediation Theory and Practice,LAWGENRL,Law General,771
LAWGENRL 772,Mediation Advocacy,LAWGENRL,Law General,772
LAWGENRL 773,Theoretical Issues in Therapeutic Jurisprudence,LAWGENRL,Law General,773
LAWGENRL 774,The Practice of Therapeutic Jurisprudence,LAWGENRL,Law General,774
LAWHONS 702A,Human Rights,LAWHONS,Law Honours,702A
LAWHONS 702B,Human Rights,LAWHONS,Law Honours,702B
LAWHONS 706A,Criminal Law and Policy,LAWHONS,Law Honours,706A
LAWHONS 706B,Criminal Law and Policy,LAWHONS,Law Honours,706B
LAWHONS 716A,Legal History,LAWHONS,Law Honours,716A
LAWHONS 716B,Legal History,LAWHONS,Law Honours,716B
LAWHONS 720A,Maritime Law,LAWHONS,Law Honours,720A
LAWHONS 720B,Maritime Law,LAWHONS,Law Honours,720B
LAWHONS 721A,Media Law,LAWHONS,Law Honours,721A
LAWHONS 721B,Media Law,LAWHONS,Law Honours,721B
LAWHONS 722A,Medico-legal Problems,LAWHONS,Law Honours,722A
LAWHONS 722B,Medico-legal Problems,LAWHONS,Law Honours,722B
LAWHONS 728A,Studies in Public Law,LAWHONS,Law Honours,728A
LAWHONS 728B,Studies in Public Law,LAWHONS,Law Honours,728B
LAWHONS 729A,Studies in Torts,LAWHONS,Law Honours,729A
LAWHONS 729B,Studies in Torts,LAWHONS,Law Honours,729B
LAWHONS 733A,Studies in Contract Law,LAWHONS,Law Honours,733A
LAWHONS 733B,Studies in Contract Law,LAWHONS,Law Honours,733B
LAWHONS 734A,Issues in Insurance Law,LAWHONS,Law Honours,734A
LAWHONS 734B,Issues in Insurance Law,LAWHONS,Law Honours,734B
LAWHONS 735A,Corruption and Democracy,LAWHONS,Law Honours,735A
LAWHONS 735B,Corruption and Democracy,LAWHONS,Law Honours,735B
LAWHONS 736A,Topics in International Law,LAWHONS,Law Honours,736A
LAWHONS 736B,Topics in International Law,LAWHONS,Law Honours,736B
LAWHONS 737A,Law of Agency,LAWHONS,Law Honours,737A
LAWHONS 737B,Law of Agency,LAWHONS,Law Honours,737B
LAWHONS 738A,Studies in Company Law and Contract Law,LAWHONS,Law Honours,738A
LAWHONS 738B,Studies in Company Law and Contract Law,LAWHONS,Law Honours,738B
LAWHONS 739A,Theoretical Foundations of Private Law,LAWHONS,Law Honours,739A
LAWHONS 739B,Theoretical Foundations of Private Law,LAWHONS,Law Honours,739B
LAWHONS 740A,The History of the Law of Obligations,LAWHONS,Law Honours,740A
LAWHONS 740B,The History of the Law of Obligations,LAWHONS,Law Honours,740B
LAWHONS 741A,Indigenous Peoples and the Law,LAWHONS,Law Honours,741A
LAWHONS 741B,Indigenous Peoples and the Law,LAWHONS,Law Honours,741B
LAWHONS 742A,Public Authority Liability,LAWHONS,Law Honours,742A
LAWHONS 742B,Public Authority Liability,LAWHONS,Law Honours,742B
LAWHONS 743A,Refugee and Immigration Law,LAWHONS,Law Honours,743A
LAWHONS 743B,Refugee and Immigration Law,LAWHONS,Law Honours,743B
LAWHONS 744,Special Topic: Privacy Law,LAWHONS,Law Honours,744
LAWHONS 744A,Special Topic: Privacy Law,LAWHONS,Law Honours,744A
LAWHONS 744B,Special Topic: Privacy Law,LAWHONS,Law Honours,744B
LAWHONS 745,Corporate Governance,LAWHONS,Law Honours,745
LAWHONS 746A,Concepts in Law and Security,LAWHONS,Law Honours,746A
LAWHONS 746B,Concepts in Law and Security,LAWHONS,Law Honours,746B
LAWHONS 747A,Law of Restitution,LAWHONS,Law Honours,747A
LAWHONS 747B,Law of Restitution,LAWHONS,Law Honours,747B
LAWHONS 748A,Special Topic: International Taxation,LAWHONS,Law Honours,748A
LAWHONS 748B,Special Topic: International Taxation,LAWHONS,Law Honours,748B
LAWHONS 749A,Special Topic: Shaping the Law in a Tech Driven Era,LAWHONS,Law Honours,749A
LAWHONS 749B,Special Topic: Shaping the Law in a Tech Driven Era,LAWHONS,Law Honours,749B
LAWHONS 750A,Special Topic: Tax Law and Policy,LAWHONS,Law Honours,750A
LAWHONS 750B,Special Topic: Tax Law and Policy,LAWHONS,Law Honours,750B
LAWHONS 751A,Special Topic: International Peace and Security,LAWHONS,Law Honours,751A
LAWHONS 751B,Special Topic: International Peace and Security,LAWHONS,Law Honours,751B
LAWHONS 752A,Special Topic: Complex Litigation,LAWHONS,Law Honours,752A
LAWHONS 752B,Special Topic: Complex Litigation,LAWHONS,Law Honours,752B
LAWHONS 753A,Special Topic: Restorative and Therapeutic Justice,LAWHONS,Law Honours,753A
LAWHONS 753B,Special Topic: Restorative and Therapeutic Justice,LAWHONS,Law Honours,753B
LAWHONS 754A,Special Topic: Regulation of International Trade,LAWHONS,Law Honours,754A
LAWHONS 754B,Special Topic: Regulation of International Trade,LAWHONS,Law Honours,754B
LAWHONS 755A,Mātauranga Māori and Taonga,LAWHONS,Law Honours,755A
LAWHONS 755B,Mātauranga Māori and Taonga,LAWHONS,Law Honours,755B
LAWHONS 756A,Legal and Political Theory,LAWHONS,Law Honours,756A
LAWHONS 756B,Legal and Political Theory,LAWHONS,Law Honours,756B
LAWHONS 760,Special Topic,LAWHONS,Law Honours,760
LAWHONS 761,Special Topic,LAWHONS,Law Honours,761
LAWHONS 762,Special Topic,LAWHONS,Law Honours,762
LAWHONS 763,Special Topic,LAWHONS,Law Honours,763
LAWHONS 764,Special Topic,LAWHONS,Law Honours,764
LAWHONS 786,"Advanced Legal Research, Writing and Communication - Level 9",LAWHONS,Law Honours,786
LAWHONS 787,Research Project - Level 9,LAWHONS,Law Honours,787
LAWHONS 789,Dissertation,LAWHONS,Law Honours,789
LAWPUBL (409),Special Topic: Human Rights Litigation ** available as of 01/01/2027,LAWPUBL,Law Public,(409)
LAWPUBL 400,Social Justice Lawyering,LAWPUBL,Law Public,400
LAWPUBL 405,Law and Social Justice,LAWPUBL,Law Public,405
LAWPUBL 406,Advanced Criminal Law,LAWPUBL,Law Public,406
LAWPUBL 407,Advanced Employment Law,LAWPUBL,Law Public,407
LAWPUBL 408,International Organisations,LAWPUBL,Law Public,408
LAWPUBL 409,Special Topic: Human Rights Litigation,LAWPUBL,Law Public,409
LAWPUBL 409A,"Social Welfare Law, Policy and Action",LAWPUBL,Law Public,409A
LAWPUBL 409B,"Social Welfare Law, Policy and Action",LAWPUBL,Law Public,409B
LAWPUBL 410,International Law,LAWPUBL,Law Public,410
LAWPUBL 411,Local Government Law,LAWPUBL,Law Public,411
LAWPUBL 413,Protecting Refugees and Forced Displacement in the 21st Century: Contemporary Law and Practice,LAWPUBL,Law Public,413
LAWPUBL 414,Administrative Law,LAWPUBL,Law Public,414
LAWPUBL 417,Special Topic: Comparative Criminal Law: Aotearoa New Zealand and the USA,LAWPUBL,Law Public,417
LAWPUBL 420,Contemporary Issues in Criminal Justice,LAWPUBL,Law Public,420
LAWPUBL 421,Advanced International Law,LAWPUBL,Law Public,421
LAWPUBL 422,Contemporary Tiriti/Treaty Issues,LAWPUBL,Law Public,422
LAWPUBL 425,Employment Law,LAWPUBL,Law Public,425
LAWPUBL 426,Judicial Review,LAWPUBL,Law Public,426
LAWPUBL 427,Māori Land Law,LAWPUBL,Law Public,427
LAWPUBL 428,Rights and Freedoms,LAWPUBL,Law Public,428
LAWPUBL 430,Criminal Procedure,LAWPUBL,Law Public,430
LAWPUBL 431,Advanced Public Law,LAWPUBL,Law Public,431
LAWPUBL 432,International Economic Regulation,LAWPUBL,Law Public,432
LAWPUBL 434,International Criminal Law,LAWPUBL,Law Public,434
LAWPUBL 435,Law of the Sea and Antarctica,LAWPUBL,Law Public,435
LAWPUBL 436,International Human Rights,LAWPUBL,Law Public,436
LAWPUBL 441,Nga Tikanga Māori,LAWPUBL,Law Public,441
LAWPUBL 442,"Researching Indigenous Rights Theory, Law and Practice",LAWPUBL,Law Public,442
LAWPUBL 443,Refugee Law,LAWPUBL,Law Public,443
LAWPUBL 444,Immigration Law,LAWPUBL,Law Public,444
LAWPUBL 445,European Union Law,LAWPUBL,Law Public,445
LAWPUBL 446,Indigenous Peoples in International Law,LAWPUBL,Law Public,446
LAWPUBL 448,Statutory Interpretation: Theory and Practice,LAWPUBL,Law Public,448
LAWPUBL 449,Counterterrorism Law and Policy,LAWPUBL,Law Public,449
LAWPUBL 461,Indigenous Rights Legal Clinic,LAWPUBL,Law Public,461
LAWPUBL 462,Law of the Sea,LAWPUBL,Law Public,462
LAWPUBL 466,Contemporary Issues in Disarmament Law,LAWPUBL,Law Public,466
LAWPUBL 467,Anti-corruption Law and Democracy,LAWPUBL,Law Public,467
LAWPUBL 468,Mātauranga Māori and Taonga/Cultural Property and Indigenous Intellectual Property,LAWPUBL,Law Public,468
LAWPUBL 471,Special Topic: Law and Social Transformation,LAWPUBL,Law Public,471
LAWPUBL 472,Law of Armed Conflict,LAWPUBL,Law Public,472
LAWPUBL 473,International Disputes Settlement,LAWPUBL,Law Public,473
LAWPUBL 477,Comparative Indigenous Law Topics,LAWPUBL,Law Public,477
LAWPUBL 479,Comparative Constitutional Law,LAWPUBL,Law Public,479
LAWPUBL 481,Special Topic: Te Whakapapa o Te Rangatiratanga: The Source of Māori Rights,LAWPUBL,Law Public,481
LAWPUBL 482,International Law in Aotearoa/New Zealand,LAWPUBL,Law Public,482
LAWPUBL 483,Special Topic,LAWPUBL,Law Public,483
LAWPUBL 700,The International Legal System,LAWPUBL,Law Public,700
LAWPUBL 705,Criminal Law and Policy,LAWPUBL,Law Public,705
LAWPUBL 707,Employment Law,LAWPUBL,Law Public,707
LAWPUBL 720,Local Government Law,LAWPUBL,Law Public,720
LAWPUBL 725,Privacy Law,LAWPUBL,Law Public,725
LAWPUBL 726,Public International Law,LAWPUBL,Law Public,726
LAWPUBL 730,Indigenous Peoples’ Rights in National Law,LAWPUBL,Law Public,730
LAWPUBL 732,Comparative Indigenous Rights Law,LAWPUBL,Law Public,732
LAWPUBL 736,Human Rights Litigation,LAWPUBL,Law Public,736
LAWPUBL 740,Special Topic: International Human Rights Law,LAWPUBL,Law Public,740
LAWPUBL 741,Special Topic: Medico-legal Problems - Level 9,LAWPUBL,Law Public,741
LAWPUBL 743,International Criminal Law,LAWPUBL,Law Public,743
LAWPUBL 744,Special Topic: International Humanitarian Law - Level 9,LAWPUBL,Law Public,744
LAWPUBL 745,Special Topic: Constitution and Custom in the South Pacific,LAWPUBL,Law Public,745
LAWPUBL 746,Special Topic: Medico-legal Problems,LAWPUBL,Law Public,746
LAWPUBL 747,Special Topic: Patients' Rights,LAWPUBL,Law Public,747
LAWPUBL 748,Special Topic: South Pacific Legal Studies: Critical Issues,LAWPUBL,Law Public,748
LAWPUBL 749,Special Topic: Indigenous Persons: Law and Policy,LAWPUBL,Law Public,749
LAWPUBL 751,Special Topic: Regional Law and Governance in the Pacific,LAWPUBL,Law Public,751
LAWPUBL 752,Special Topic: Contemporary Issues in International Law,LAWPUBL,Law Public,752
LAWPUBL 753,Special Topic: Comparative Constitutional Law - Level 9,LAWPUBL,Law Public,753
LAWPUBL 754,Special Topic: Comparative Human Rights Law,LAWPUBL,Law Public,754
LAWPUBL 755,Special Topic: Comparative Criminology,LAWPUBL,Law Public,755
LAWPUBL 757,Special Topic: International Refugee Law,LAWPUBL,Law Public,757
LAWPUBL 758,Special Topic: International Disarmament Law,LAWPUBL,Law Public,758
LAWPUBL 760,Selected Issues in Public International Law,LAWPUBL,Law Public,760
LAWPUBL 761,Indigenous Peoples’ Rights in International Law,LAWPUBL,Law Public,761
LAWPUBL 770,Theory and History of Criminal Law and Policy,LAWPUBL,Law Public,770
LAWPUBL 771,Advanced Criminal Procedure: Selected Topics,LAWPUBL,Law Public,771
LAWPUBL 772,Comparative Criminal Procedure,LAWPUBL,Law Public,772
LAWPUBL 773,Advanced Evidence Law in Criminal Cases,LAWPUBL,Law Public,773
LAWPUBL 774,Human Rights,LAWPUBL,Law Public,774
LAWPUBL 775,Human Rights Remedies,LAWPUBL,Law Public,775
LAWPUBL 776,Human Rights: Selected Topics,LAWPUBL,Law Public,776
LAWPUBL 777,Human Rights in Mental Health Law,LAWPUBL,Law Public,777
LAWPUBL 778,Issues in Search and Surveillance,LAWPUBL,Law Public,778
LAWPUBL 779,Special Topic: International Dispute Settlement,LAWPUBL,Law Public,779
LDGOV 701,Effective Governance,LDGOV,Leadership and Governance,701
LDGOV 702,Cross Organisational Leadership,LDGOV,Leadership and Governance,702
LDGOV 703,Leadership in Governance,LDGOV,Leadership and Governance,703
LDGOV 704,Current Issues in New Zealand Governance,LDGOV,Leadership and Governance,704
LDGOV 705,International Developments in Leadership and Governance,LDGOV,Leadership and Governance,705
LDGOV 706,The Aspiring Director,LDGOV,Leadership and Governance,706
LDGOV 710,Special Topic,LDGOV,Leadership and Governance,710
LDGOV 711,Special Topic,LDGOV,Leadership and Governance,711
LINGUIST 100,Introduction to Linguistics,LINGUIST,Linguistics,100
LINGUIST 101,"Language, Mind and Society",LINGUIST,Linguistics,101
LINGUIST 101G,"Language, Mind and Society",LINGUIST,Linguistics,101G
LINGUIST 200,Syntax,LINGUIST,Linguistics,200
LINGUIST 201,Phonetics and Phonology,LINGUIST,Linguistics,201
LINGUIST 203,Applied English Grammar,LINGUIST,Linguistics,203
LINGUIST 206,Semantics and Pragmatics,LINGUIST,Linguistics,206
LINGUIST 207,English Language to 1900,LINGUIST,Linguistics,207
LINGUIST 208,Special Topic,LINGUIST,Linguistics,208
LINGUIST 209,Special Topic,LINGUIST,Linguistics,209
LINGUIST 300,Advanced Syntax,LINGUIST,Linguistics,300
LINGUIST 301,Advanced Phonology,LINGUIST,Linguistics,301
LINGUIST 305,Child Language Acquisition,LINGUIST,Linguistics,305
LINGUIST 308,Language Change,LINGUIST,Linguistics,308
LINGUIST 310,Linguistics Essays Course,LINGUIST,Linguistics,310
LINGUIST 311,Special Topic,LINGUIST,Linguistics,311
LINGUIST 314,Special Topic,LINGUIST,Linguistics,314
LINGUIST 315,Special Topic,LINGUIST,Linguistics,315
LINGUIST 316,Large Language Models,LINGUIST,Linguistics,316
LINGUIST 320,Topics in Pragmatics,LINGUIST,Linguistics,320
LINGUIST 322,Middle English: Language and Change,LINGUIST,Linguistics,322
LINGUIST 324,Morphology,LINGUIST,Linguistics,324
LINGUIST 700,Directed Study,LINGUIST,Linguistics,700
LINGUIST 703,Special Topic,LINGUIST,Linguistics,703
LINGUIST 705,Field Methods: Phonetics and Phonology,LINGUIST,Linguistics,705
LINGUIST 706,Field Methods: Morpho-syntax,LINGUIST,Linguistics,706
LINGUIST 709,Linguistic Research,LINGUIST,Linguistics,709
LINGUIST 712,Field Methods: Phonetics and Phonology,LINGUIST,Linguistics,712
LINGUIST 713,Field Methods: Morpho-syntax,LINGUIST,Linguistics,713
LINGUIST 714,Linguistic Research,LINGUIST,Linguistics,714
LINGUIST 715,Syntax,LINGUIST,Linguistics,715
LINGUIST 716,Phonology,LINGUIST,Linguistics,716
LINGUIST 721,Formal Syntax,LINGUIST,Linguistics,721
LINGUIST 722,Phonology,LINGUIST,Linguistics,722
LINGUIST 724,Semantics and Pragmatics,LINGUIST,Linguistics,724
LINGUIST 736,Issues in Advanced Morphology,LINGUIST,Linguistics,736
LINGUIST 739,Directed Study,LINGUIST,Linguistics,739
LINGUIST 743,Special Topic,LINGUIST,Linguistics,743
LINGUIST 790,Research Project,LINGUIST,Linguistics,790
LINGUIST 790A,Research Project,LINGUIST,Linguistics,790A
LINGUIST 790B,Research Project,LINGUIST,Linguistics,790B
LINGUIST 791,Dissertation,LINGUIST,Linguistics,791
LINGUIST 791A,Dissertation,LINGUIST,Linguistics,791A
LINGUIST 791B,Dissertation,LINGUIST,Linguistics,791B
LINGUIST 792,Dissertation,LINGUIST,Linguistics,792
LINGUIST 792A,Dissertation,LINGUIST,Linguistics,792A
LINGUIST 792B,Dissertation,LINGUIST,Linguistics,792B
LINGUIST 793A,Thesis,LINGUIST,Linguistics,793A
LINGUIST 793B,Thesis,LINGUIST,Linguistics,793B
LINGUIST 796A,Thesis,LINGUIST,Linguistics,796A
LINGUIST 796B,Thesis,LINGUIST,Linguistics,796B
LOGICOMP 201,Special Topic,LOGICOMP,Logic and Computation,201
LOGICOMP 300,Directed Study,LOGICOMP,Logic and Computation,300
LOGICOMP 301,Philosophy and Computation,LOGICOMP,Logic and Computation,301
LOGICOMP 302,Special Topic,LOGICOMP,Logic and Computation,302
LOGICOMP 399,Capstone: Logic and Computation,LOGICOMP,Logic and Computation,399
LOGICOMP 701,Directed Studies,LOGICOMP,Logic and Computation,701
LOGICOMP 702,Special Topic,LOGICOMP,Logic and Computation,702
LOGICOMP 703,Directed Study,LOGICOMP,Logic and Computation,703
LOGICOMP 704,Special Topic,LOGICOMP,Logic and Computation,704
LOGICOMP 705,Special Topic,LOGICOMP,Logic and Computation,705
LOGICOMP 782,Research Project,LOGICOMP,Logic and Computation,782
LOGICOMP 782A,Research Project,LOGICOMP,Logic and Computation,782A
LOGICOMP 782B,Research Project,LOGICOMP,Logic and Computation,782B
LOGICOMP 796A,Thesis,LOGICOMP,Logic and Computation,796A
LOGICOMP 796B,Thesis,LOGICOMP,Logic and Computation,796B
MAORI (394),Kaupapa Hōu: Special Topic ** available as of 01/01/2027,MAORI,Māori Studies,(394)
MAORI 101,Introduction to Written Māori,MAORI,Māori Studies,101
MAORI 101G,Introduction to Written Māori,MAORI,Māori Studies,101G
MAORI 103,Introduction to Spoken Māori,MAORI,Māori Studies,103
MAORI 103G,Introduction to Spoken Māori,MAORI,Māori Studies,103G
MAORI 104,Reo Tuatahi Kōrero 1,MAORI,Māori Studies,104
MAORI 130,Te Ao Māori: The Māori World,MAORI,Māori Studies,130
MAORI 130G,Te Ao Māori: The Māori World,MAORI,Māori Studies,130G
MAORI 131,Te Taumata Ngaio: Te Reo 1,MAORI,Māori Studies,131
MAORI 190,Kapa Haka 1,MAORI,Māori Studies,190
MAORI 200,Māori Health and Wellbeing,MAORI,Māori Studies,200
MAORI 201,Whakatakoto Reo Tuarua / Intermediate Written Māori,MAORI,Māori Studies,201
MAORI 202,Decolonising the Screen in Aotearoa,MAORI,Māori Studies,202
MAORI 203,Intermediate Spoken Māori,MAORI,Māori Studies,203
MAORI 204,Reo Tuarua Kōrero II,MAORI,Māori Studies,204
MAORI 230,Te Ao Hurihuri / Te Tiriti o Waitangi,MAORI,Māori Studies,230
MAORI 233,Tikanga Ancestral Ways,MAORI,Māori Studies,233
MAORI 270,Kaupapa Hōu: Special Topic,MAORI,Māori Studies,270
MAORI 271,Māori and the Media / Te Ao Pāho,MAORI,Māori Studies,271
MAORI 292,Kapa Haka 2,MAORI,Māori Studies,292
MAORI 301,Reo Māori Tuhituhi,MAORI,Māori Studies,301
MAORI 302,Reo Māori Kōrero,MAORI,Māori Studies,302
MAORI 303,Decolonising the Screen in Aotearoa,MAORI,Māori Studies,303
MAORI 304,Kaupapa Hōu: Special Topic: Kaupapa Māori Research Methodologies,MAORI,Māori Studies,304
MAORI 320,Mātauranga: Māori Knowledge,MAORI,Māori Studies,320
MAORI 330,Te Ao Hōu / Contemporary Māori Issues,MAORI,Māori Studies,330
MAORI 335,Mana Taketake / Indigenous Sovereignty and Public Policy,MAORI,Māori Studies,335
MAORI 370,Māori and the Media / Te Ao Pāho,MAORI,Māori Studies,370
MAORI 393,Kapa Haka 3,MAORI,Māori Studies,393
MAORI 394,Kaupapa Hōu: Special Topic: Mana Tinana: Indigenous Body Sovereignty and Coloniality,MAORI,Māori Studies,394
MAORI 396,Tikanga: Ancestral Ways,MAORI,Māori Studies,396
MAORI 700,Reo Māori: Topic in Māori Language,MAORI,Māori Studies,700
MAORI 732,Rangatiratanga,MAORI,Māori Studies,732
MAORI 733,Kaupapa Hōu: Special Topic,MAORI,Māori Studies,733
MAORI 734,Kaupapa Hōu: Special Topic,MAORI,Māori Studies,734
MAORI 740,Kaupapa Hōu: Te Ao Māori: Special Topic,MAORI,Māori Studies,740
MAORI 740A,Kaupapa Hōu: Te Ao Māori: Special Topic,MAORI,Māori Studies,740A
MAORI 740B,Kaupapa Hōu: Te Ao Māori: Special Topic,MAORI,Māori Studies,740B
MAORI 741,Ngā Taonga Hanga: Taonga Māori,MAORI,Māori Studies,741
MAORI 742,Kaupapa Hōu: Special Topic,MAORI,Māori Studies,742
MAORI 742A,Kaupapa Hōu: Special Topic,MAORI,Māori Studies,742A
MAORI 742B,Kaupapa Hōu: Special Topic,MAORI,Māori Studies,742B
MAORI 743,Tōrangapū / Issues in Māori Politics and Policy,MAORI,Māori Studies,743
MAORI 744,Whakaora ai Te Reo Māori - Sociolinguistics,MAORI,Māori Studies,744
MAORI 748,Kaupapa Hōu: Special Topic,MAORI,Māori Studies,748
MAORI 749,Kaupapa Hōu: Special Topic,MAORI,Māori Studies,749
MAORI 750,Kaupapa Motuhake: Special Study in Māori Studies,MAORI,Māori Studies,750
MAORI 785,Dissertation,MAORI,Māori Studies,785
MAORI 785A,Dissertation,MAORI,Māori Studies,785A
MAORI 785B,Dissertation,MAORI,Māori Studies,785B
MAORI 790,Research Project,MAORI,Māori Studies,790
MAORI 790A,Research Project,MAORI,Māori Studies,790A
MAORI 790B,Research Project,MAORI,Māori Studies,790B
MAORI 792A,Dissertation,MAORI,Māori Studies,792A
MAORI 792B,Dissertation,MAORI,Māori Studies,792B
MAORI 793,Dissertation,MAORI,Māori Studies,793
MAORI 796A,Thesis,MAORI,Māori Studies,796A
MAORI 796B,Thesis,MAORI,Māori Studies,796B
MAORI 797A,Research Portfolio,MAORI,Māori Studies,797A
MAORI 797B,Research Portfolio,MAORI,Māori Studies,797B
MAORIDEV 720,Whai Rawa: Māori Economies,MAORIDEV,Māori Development,720
MAORIDEV 721,Te Whakapakari Huanga Māori: Māori Entrepreneurship,MAORIDEV,Māori Development,721
MAORIDEV 722,Tikanga Ture mo ngā Huanga Māori: Legal Studies,MAORIDEV,Māori Development,722
MAORIDEV 731,Te Whakamana Rōpū Māori: Governance and Management,MAORIDEV,Māori Development,731
MAORIDEV 732,Whakatairanga Huanga Māori: Marketing,MAORIDEV,Māori Development,732
MAORIDEV 733,Tātaritanga Huhua: Quantitative Analysis,MAORIDEV,Māori Development,733
MAORIDEV 734,Whakatakinga Tahua Huanga Māori: Accounting and Finance,MAORIDEV,Māori Development,734
MAORIDEV 738,Tikanga Māhere i te Ao Māori: Strategy,MAORIDEV,Māori Development,738
MAORIHTH 201,Introduction to Māori Health,MAORIHTH,Māori Health,201
MAORIHTH 21H,Introduction to Biology,MAORIHTH,Māori Health,21H
MAORIHTH 22H,Introduction to Anatomy and Physiology,MAORIHTH,Māori Health,22H
MAORIHTH 23H,Introduction to Chemistry 1,MAORIHTH,Māori Health,23H
MAORIHTH 24H,Introduction to Chemistry 2,MAORIHTH,Māori Health,24H
MAORIHTH 25H,Introduction to Population Health 1,MAORIHTH,Māori Health,25H
MAORIHTH 26H,Introduction to Population Health 2,MAORIHTH,Māori Health,26H
MAORIHTH 27H,Academic and Professional Development in Māori and Pacific Health 1,MAORIHTH,Māori Health,27H
MAORIHTH 28H,Academic and Professional Development in Māori and Pacific Health 2,MAORIHTH,Māori Health,28H
MAORIHTH 29H,Introduction to Mathematics,MAORIHTH,Māori Health,29H
MAORIHTH 301,Māori Health and Practice,MAORIHTH,Māori Health,301
MAORIHTH 30H,Introduction to Health Psychology,MAORIHTH,Māori Health,30H
MAORIHTH 31H,Introduction to Physics,MAORIHTH,Māori Health,31H
MAORIHTH 32H,Special Topic,MAORIHTH,Māori Health,32H
MAORIHTH 701,Foundations of Māori Health,MAORIHTH,Māori Health,701
MAORIHTH 705,Māori Health Promotion and Early Intervention,MAORIHTH,Māori Health,705
MAORIHTH 706,Māori Health: Policy and Practice,MAORIHTH,Māori Health,706
MAORIHTH 707,Practicum in Māori Health,MAORIHTH,Māori Health,707
MAORIHTH 708,Special Studies,MAORIHTH,Māori Health,708
MAORIHTH 709,Transformational Research for Māori Health,MAORIHTH,Māori Health,709
MAORIHTH 710,Kaupapa Māori Theory,MAORIHTH,Māori Health,710
MAORIHTH 711,Special Topic: Māori Quantitative Methods,MAORIHTH,Māori Health,711
MAORIHTH 792,Dissertation,MAORIHTH,Māori Health,792
MAORIHTH 792A,Dissertation,MAORIHTH,Māori Health,792A
MAORIHTH 792B,Dissertation,MAORIHTH,Māori Health,792B
MAORIHTH 796A,Thesis,MAORIHTH,Māori Health,796A
MAORIHTH 796B,Thesis,MAORIHTH,Māori Health,796B
MARINE 100,The Oceans Around Us,MARINE,Marine Science,100
MARINE 100G,The Oceans Around Us,MARINE,Marine Science,100G
MARINE 202,Principles of Marine Science,MARINE,Marine Science,202
MARINE 203,Special Topic,MARINE,Marine Science,203
MARINE 302,Marine Ecosystems,MARINE,Marine Science,302
MARINE 303,Freshwater and Estuarine Ecosystems,MARINE,Marine Science,303
MARINE 304,Advanced Concepts in Marine Science,MARINE,Marine Science,304
MARINE 306,Special Topic,MARINE,Marine Science,306
MARINE 307,Directed Study,MARINE,Marine Science,307
MARINE 308,Fisheries and Aquaculture,MARINE,Marine Science,308
MARINE 399,Capstone: Marine Science,MARINE,Marine Science,399
MARINE 701,Current Issues in Marine Science,MARINE,Marine Science,701
MARINE 702,Field Techniques in Marine Science,MARINE,Marine Science,702
MARINE 703,Marine Protected Areas,MARINE,Marine Science,703
MARINE 704,Special Topic,MARINE,Marine Science,704
MARINE 705,Ocean Management and Planning,MARINE,Marine Science,705
MARINE 706,Special Topic,MARINE,Marine Science,706
MARINE 707,Applied Estuarine Ecology,MARINE,Marine Science,707
MARINE 708,Aquaculture,MARINE,Marine Science,708
MARINE 780,Dissertation,MARINE,Marine Science,780
MARINE 780A,Dissertation,MARINE,Marine Science,780A
MARINE 780B,Dissertation,MARINE,Marine Science,780B
MARINE 790,Research Project,MARINE,Marine Science,790
MARINE 790A,Research Project,MARINE,Marine Science,790A
MARINE 790B,Research Project,MARINE,Marine Science,790B
MARINE 792,Dissertation,MARINE,Marine Science,792
MARINE 792A,Dissertation,MARINE,Marine Science,792A
MARINE 792B,Dissertation,MARINE,Marine Science,792B
MARINE 794A,Thesis in Marine Studies,MARINE,Marine Science,794A
MARINE 794B,Thesis in Marine Studies,MARINE,Marine Science,794B
MARINE 795A,Thesis in Marine Conservation,MARINE,Marine Science,795A
MARINE 795B,Thesis in Marine Conservation,MARINE,Marine Science,795B
MARINE 796A,MSc Thesis in Marine Science,MARINE,Marine Science,796A
MARINE 796B,MSc Thesis in Marine Science,MARINE,Marine Science,796B
MARINE 797A,Thesis in Marine Studies - Level 9,MARINE,Marine Science,797A
MARINE 797B,Thesis in Marine Studies - Level 9,MARINE,Marine Science,797B
MARINE 798A,Thesis in Marine Conservation - Level 9,MARINE,Marine Science,798A
MARINE 798B,Thesis in Marine Conservation - Level 9,MARINE,Marine Science,798B
MATAU 101,Language Planning and Policy: New Zealand,MATAU,Mātauranga,101
MATAU 102,Rangatahi-led Political Action,MATAU,Mātauranga,102
MATAU 201,Indigenising STEM Learning,MATAU,Mātauranga,201
MATAU 202,Amplifying Indigenous Voices,MATAU,Mātauranga,202
MATAU 302,Inspiring Māori-led Change,MATAU,Mātauranga,302
MATAU 601,Poipoia ngā Pou Matua,MATAU,Mātauranga,601
MATAU 602,Te Katātaki,MATAU,Mātauranga,602
MATAU 603,Ngā Marautanga Tahi,MATAU,Mātauranga,603
MATAU 604,Ngā Marautanga Rua,MATAU,Mātauranga,604
MATAU 605,Noho-ā-kura Tahi,MATAU,Mātauranga,605
MATAU 606,Noho-ā-kura Rua,MATAU,Mātauranga,606
MATAU 607,Rukuhia Rarangahia,MATAU,Mātauranga,607
MATAU 608,Te Reo Rangatira,MATAU,Mātauranga,608
MATAU 609,Pāngarau,MATAU,Mātauranga,609
MATHS 102,Functioning in Mathematics,MATHS,Mathematics,102
MATHS 108,General Mathematics 1,MATHS,Mathematics,108
MATHS 110,Mathematics for Natural Sciences,MATHS,Mathematics,110
MATHS 120,Algebra,MATHS,Mathematics,120
MATHS 130,Calculus,MATHS,Mathematics,130
MATHS 162,Computational Mathematics,MATHS,Mathematics,162
MATHS 190,Great Ideas Shaping our World,MATHS,Mathematics,190
MATHS 199,Advancing in Mathematics,MATHS,Mathematics,199
MATHS 200,Special Topic,MATHS,Mathematics,200
MATHS 208,General Mathematics 2,MATHS,Mathematics,208
MATHS 221,Algebra 2,MATHS,Mathematics,221
MATHS 231,Calculus 2,MATHS,Mathematics,231
MATHS 260,Differential Equations,MATHS,Mathematics,260
MATHS 270,Numerical Computation,MATHS,Mathematics,270
MATHS 302,Perspectives in Mathematics Education,MATHS,Mathematics,302
MATHS 307,Special Topic,MATHS,Mathematics,307
MATHS 308,Special Topic,MATHS,Mathematics,308
MATHS 315,Mathematical Logic,MATHS,Mathematics,315
MATHS 320,Algebraic Structures,MATHS,Mathematics,320
MATHS 326,Combinatorics,MATHS,Mathematics,326
MATHS 328,Algebra and Applications,MATHS,Mathematics,328
MATHS 332,Real Analysis,MATHS,Mathematics,332
MATHS 333,Analysis in Higher Dimensions,MATHS,Mathematics,333
MATHS 334,Algebraic Geometry,MATHS,Mathematics,334
MATHS 340,Real and Complex Calculus,MATHS,Mathematics,340
MATHS 341,Complex Analysis,MATHS,Mathematics,341
MATHS 350,Topology,MATHS,Mathematics,350
MATHS 361,Partial Differential Equations,MATHS,Mathematics,361
MATHS 362,Methods in Applied Mathematics,MATHS,Mathematics,362
MATHS 363,Advanced Computational Mathematics,MATHS,Mathematics,363
MATHS 381,Directed Study,MATHS,Mathematics,381
MATHS 382,Directed Study,MATHS,Mathematics,382
MATHS 382A,Directed Study,MATHS,Mathematics,382A
MATHS 382B,Directed Study,MATHS,Mathematics,382B
MATHS 383,Special Topic,MATHS,Mathematics,383
MATHS 384,Special Topic,MATHS,Mathematics,384
MATHS 386,Directed Study,MATHS,Mathematics,386
MATHS 386A,Directed Study,MATHS,Mathematics,386A
MATHS 386B,Directed Study,MATHS,Mathematics,386B
MATHS 387,Directed Study,MATHS,Mathematics,387
MATHS 388,Special Topic,MATHS,Mathematics,388
MATHS 389,Special Topic,MATHS,Mathematics,389
MATHS 399,Capstone: Mathematics,MATHS,Mathematics,399
MATHS 701,Introduction to Research in Mathematics Education,MATHS,Mathematics,701
MATHS 702,Mathematical Processes in the Curriculum,MATHS,Mathematics,702
MATHS 703,What Can Be More Practical Than a Good Theory?,MATHS,Mathematics,703
MATHS 705,Contemporary Issues in Mathematics Education,MATHS,Mathematics,705
MATHS 706,Technology and Mathematics Education,MATHS,Mathematics,706
MATHS 707,Special Topic,MATHS,Mathematics,707
MATHS 708,Special Topic,MATHS,Mathematics,708
MATHS 709,Special Topic,MATHS,Mathematics,709
MATHS 710,Directed Study in Mathematics Education,MATHS,Mathematics,710
MATHS 711,Directed Study in Mathematics Education,MATHS,Mathematics,711
MATHS 711A,Directed Study in Mathematics Education,MATHS,Mathematics,711A
MATHS 711B,Directed Study in Mathematics Education,MATHS,Mathematics,711B
MATHS 712,Teaching and Learning in Algebra,MATHS,Mathematics,712
MATHS 713,Logic and Set Theory,MATHS,Mathematics,713
MATHS 714,Number Theory,MATHS,Mathematics,714
MATHS 715,Graph Theory and Combinatorics,MATHS,Mathematics,715
MATHS 720,Group Theory,MATHS,Mathematics,720
MATHS 721,Representations and Structure of Algebras and Groups,MATHS,Mathematics,721
MATHS 725,Lie Groups and Lie Algebras,MATHS,Mathematics,725
MATHS 730,Measure Theory and Integration,MATHS,Mathematics,730
MATHS 731,Functional Analysis,MATHS,Mathematics,731
MATHS 734,Algebraic Geometry,MATHS,Mathematics,734
MATHS 735,Analysis on Manifolds and Differential Geometry,MATHS,Mathematics,735
MATHS 740,Complex Analysis,MATHS,Mathematics,740
MATHS 750,Topology,MATHS,Mathematics,750
MATHS 761,Dynamical Systems,MATHS,Mathematics,761
MATHS 763,Advanced Partial Differential Equations,MATHS,Mathematics,763
MATHS 764,Mathematical Biology,MATHS,Mathematics,764
MATHS 765,Mathematical Modelling,MATHS,Mathematics,765
MATHS 766,Inverse Problems,MATHS,Mathematics,766
MATHS 767,Inverse Problems and Stochastic Differential Equations,MATHS,Mathematics,767
MATHS 769,Stochastic Differential and Difference Equations,MATHS,Mathematics,769
MATHS 770,Advanced Numerical Analysis,MATHS,Mathematics,770
MATHS 776,Honours Research Project - Level 9,MATHS,Mathematics,776
MATHS 776A,Honours Research Project - Level 9,MATHS,Mathematics,776A
MATHS 776B,Honours Research Project - Level 9,MATHS,Mathematics,776B
MATHS 777,Project in Mathematics 1 - Level 9,MATHS,Mathematics,777
MATHS 779,Dissertation in Mathematics Education - Level 9,MATHS,Mathematics,779
MATHS 779A,Dissertation in Mathematics Education - Level 9,MATHS,Mathematics,779A
MATHS 779B,Dissertation in Mathematics Education - Level 9,MATHS,Mathematics,779B
MATHS 781,Special Topic,MATHS,Mathematics,781
MATHS 782,Special Topic,MATHS,Mathematics,782
MATHS 783,Special Topic,MATHS,Mathematics,783
MATHS 784,Special Topic,MATHS,Mathematics,784
MATHS 785,Dissertation in Mathematics Education - Level 9,MATHS,Mathematics,785
MATHS 785A,Dissertation in Mathematics Education - Level 9,MATHS,Mathematics,785A
MATHS 785B,Dissertation in Mathematics Education - Level 9,MATHS,Mathematics,785B
MATHS 786,Special Topic,MATHS,Mathematics,786
MATHS 787,Special Topic,MATHS,Mathematics,787
MATHS 788,Special Topic,MATHS,Mathematics,788
MATHS 789,Special Topic,MATHS,Mathematics,789
MATHS 793,Project in Mathematics 2 - Level 9,MATHS,Mathematics,793
MATHS 794,Project in Mathematics 3 - Level 9,MATHS,Mathematics,794
MATHS 795A,MSc Thesis in Applied Mathematics - Level 9,MATHS,Mathematics,795A
MATHS 795B,MSc Thesis in Applied Mathematics - Level 9,MATHS,Mathematics,795B
MATHS 796A,Masters Thesis Mathematics - Level 9,MATHS,Mathematics,796A
MATHS 796B,Masters Thesis Mathematics - Level 9,MATHS,Mathematics,796B
MATHS 798A,Research Portfolio in Mathematics - Level 9,MATHS,Mathematics,798A
MATHS 798B,Research Portfolio in Mathematics - Level 9,MATHS,Mathematics,798B
MBCHB 221A,MBChB Part II,MBCHB,MBChB,221A
MBCHB 221B,MBChB Part II,MBCHB,MBChB,221B
MBCHB 311A,Medical Humanities,MBCHB,MBChB,311A
MBCHB 311B,Medical Humanities,MBCHB,MBChB,311B
MBCHB 321A,MBCHB Part III,MBCHB,MBChB,321A
MBCHB 321B,MBCHB Part III,MBCHB,MBChB,321B
MBCHB 401A,MBChB Part IV,MBCHB,MBChB,401A
MBCHB 401B,MBChB Part IV,MBCHB,MBChB,401B
MBCHB 501A,MBChB Part V,MBCHB,MBChB,501A
MBCHB 501B,MBChB Part V,MBCHB,MBChB,501B
MBCHB 551A,MBChB Part VI,MBCHB,MBChB,551A
MBCHB 551B,MBChB Part VI,MBCHB,MBChB,551B
MECHENG 201,Introduction to Mechatronics,MECHENG,Mechanical Engineering,201
MECHENG 211,Thermofluids,MECHENG,Mechanical Engineering,211
MECHENG 222,Dynamics,MECHENG,Mechanical Engineering,222
MECHENG 235,Design and Manufacture 1,MECHENG,Mechanical Engineering,235
MECHENG 236,Design and Manufacture 2,MECHENG,Mechanical Engineering,236
MECHENG 242,Mechanics of Materials 1,MECHENG,Mechanical Engineering,242
MECHENG 270,Software Design,MECHENG,Mechanical Engineering,270
MECHENG 299,Workshop Practice,MECHENG,Mechanical Engineering,299
MECHENG 306,Design of Sensing and Actuating Systems,MECHENG,Mechanical Engineering,306
MECHENG 311,Thermal Engineering,MECHENG,Mechanical Engineering,311
MECHENG 313,Design of Real-Time Software,MECHENG,Mechanical Engineering,313
MECHENG 322,Control Systems,MECHENG,Mechanical Engineering,322
MECHENG 325,Dynamics of Fluids and Structures,MECHENG,Mechanical Engineering,325
MECHENG 334,Design and Manufacture 3,MECHENG,Mechanical Engineering,334
MECHENG 340,Mechanics of Materials 2,MECHENG,Mechanical Engineering,340
MECHENG 352,Manufacturing Systems,MECHENG,Mechanical Engineering,352
MECHENG 370,Electronics and Signal Processing,MECHENG,Mechanical Engineering,370
MECHENG 371,Digital Circuit Design,MECHENG,Mechanical Engineering,371
MECHENG 700A,Research Project,MECHENG,Mechanical Engineering,700A
MECHENG 700B,Research Project,MECHENG,Mechanical Engineering,700B
MECHENG 701,Directed Study,MECHENG,Mechanical Engineering,701
MECHENG 705,Mechatronics Systems,MECHENG,Mechanical Engineering,705
MECHENG 706,Mechatronics Design Projects,MECHENG,Mechanical Engineering,706
MECHENG 707,Special Topic,MECHENG,Mechanical Engineering,707
MECHENG 708,Special Topic,MECHENG,Mechanical Engineering,708
MECHENG 709,Industrial Automation,MECHENG,Mechanical Engineering,709
MECHENG 710,Advanced Industrial Automation,MECHENG,Mechanical Engineering,710
MECHENG 711,Advanced Computational Fluid Dynamics.,MECHENG,Mechanical Engineering,711
MECHENG 712,Aerohydrodynamics,MECHENG,Mechanical Engineering,712
MECHENG 713,Energy Technology,MECHENG,Mechanical Engineering,713
MECHENG 714,Wind Engineering,MECHENG,Mechanical Engineering,714
MECHENG 715,Building Services,MECHENG,Mechanical Engineering,715
MECHENG 718,Computational Fluid Dynamics,MECHENG,Mechanical Engineering,718
MECHENG 719,Advanced Engineering Vibrations - Level 9,MECHENG,Mechanical Engineering,719
MECHENG 720,Advanced Multivariable Control Systems - Level 9,MECHENG,Mechanical Engineering,720
MECHENG 722,Engineering Vibrations,MECHENG,Mechanical Engineering,722
MECHENG 724,Multivariable Control Systems,MECHENG,Mechanical Engineering,724
MECHENG 726,Acoustics for Engineers,MECHENG,Mechanical Engineering,726
MECHENG 728,Advanced MEMS and Microsystems,MECHENG,Mechanical Engineering,728
MECHENG 730,Advanced Biomechatronic Systems - Level 9,MECHENG,Mechanical Engineering,730
MECHENG 731,Mechanical Design Projects,MECHENG,Mechanical Engineering,731
MECHENG 735,MEMS and Microsystems,MECHENG,Mechanical Engineering,735
MECHENG 736,Biomechatronic Systems,MECHENG,Mechanical Engineering,736
MECHENG 742,Advanced Materials Manufacturing,MECHENG,Mechanical Engineering,742
MECHENG 743,Composite Materials,MECHENG,Mechanical Engineering,743
MECHENG 747,Manufacturing and Industrial Processes,MECHENG,Mechanical Engineering,747
MECHENG 751,Advanced CAD/CAM/CNC,MECHENG,Mechanical Engineering,751
MECHENG 752,Technology Management,MECHENG,Mechanical Engineering,752
MECHENG 753,Advanced Industry 4.0 Smart Manufacturing,MECHENG,Mechanical Engineering,753
MECHENG 754,Industry 4.0 Smart Manufacturing,MECHENG,Mechanical Engineering,754
MECHENG 755,Design for Additive Manufacturing,MECHENG,Mechanical Engineering,755
MECHENG 787,Project X,MECHENG,Mechanical Engineering,787
MECHENG 788,Research Project,MECHENG,Mechanical Engineering,788
MECHENG 788A,Research Project,MECHENG,Mechanical Engineering,788A
MECHENG 788B,Research Project,MECHENG,Mechanical Engineering,788B
MECHENG 789,Project Z,MECHENG,Mechanical Engineering,789
MECHENG 795,Research Project (Mechanical),MECHENG,Mechanical Engineering,795
MECHENG 795A,Research Project (Mechanical),MECHENG,Mechanical Engineering,795A
MECHENG 795B,Research Project (Mechanical),MECHENG,Mechanical Engineering,795B
MECHENG 796A,ME Thesis (Mechanical),MECHENG,Mechanical Engineering,796A
MECHENG 796B,ME Thesis (Mechanical),MECHENG,Mechanical Engineering,796B
MECHTRON 299,Workshop Practice,MECHTRON,Mechatronics Engineering,299
MECHTRON 796A,ME Thesis (Mechatronics),MECHTRON,Mechatronics Engineering,796A
MECHTRON 796B,ME Thesis (Mechatronics),MECHTRON,Mechatronics Engineering,796B
MEDIA 101,Film Studies,MEDIA,Media and Screen Studies,101
MEDIA 102,Media and Culture,MEDIA,Media and Screen Studies,102
MEDIA 202,Hollywood and its Others,MEDIA,Media and Screen Studies,202
MEDIA 212,Video Games: Theory and Culture,MEDIA,Media and Screen Studies,212
MEDIA 213,Cinema of Aotearoa New Zealand,MEDIA,Media and Screen Studies,213
MEDIA 214,Social Media,MEDIA,Media and Screen Studies,214
MEDIA 216,Special Topic,MEDIA,Media and Screen Studies,216
MEDIA 217,Special Topic,MEDIA,Media and Screen Studies,217
MEDIA 218,Popular Music on Screens,MEDIA,Media and Screen Studies,218
MEDIA 220,Mockumentary and Docu-Genres,MEDIA,Media and Screen Studies,220
MEDIA 221,Action Films,MEDIA,Media and Screen Studies,221
MEDIA 222,Comics and Graphic Storytelling,MEDIA,Media and Screen Studies,222
MEDIA 227,Special Topic,MEDIA,Media and Screen Studies,227
MEDIA 229,Recorded Music and Media Formats,MEDIA,Media and Screen Studies,229
MEDIA 231,Eco/media,MEDIA,Media and Screen Studies,231
MEDIA 233,Special Topic,MEDIA,Media and Screen Studies,233
MEDIA 235,Visual Culture,MEDIA,Media and Screen Studies,235
MEDIA 236,Horror Media,MEDIA,Media and Screen Studies,236
MEDIA 237,Visualising Screen Stories,MEDIA,Media and Screen Studies,237
MEDIA 238,"Creating Advertising: Text, Image, Story",MEDIA,Media and Screen Studies,238
MEDIA 241,Writing Screen Stories,MEDIA,Media and Screen Studies,241
MEDIA 307,Hollywood and its Others,MEDIA,Media and Screen Studies,307
MEDIA 313,Cinema of Aotearoa New Zealand,MEDIA,Media and Screen Studies,313
MEDIA 314,Social Media,MEDIA,Media and Screen Studies,314
MEDIA 315,Action Films,MEDIA,Media and Screen Studies,315
MEDIA 316,Mockumentary and Docu-Genres,MEDIA,Media and Screen Studies,316
MEDIA 323,Popular Music on Screens,MEDIA,Media and Screen Studies,323
MEDIA 327,Comics and Graphic Storytelling,MEDIA,Media and Screen Studies,327
MEDIA 328,Video Games: Theory and Culture,MEDIA,Media and Screen Studies,328
MEDIA 331,Recorded Music and Media Formats,MEDIA,Media and Screen Studies,331
MEDIA 332,Eco/media,MEDIA,Media and Screen Studies,332
MEDIA 333,Special Topic,MEDIA,Media and Screen Studies,333
MEDIA 334,Special Topic,MEDIA,Media and Screen Studies,334
MEDIA 335,Visual Culture,MEDIA,Media and Screen Studies,335
MEDIA 336,Horror Media,MEDIA,Media and Screen Studies,336
MEDIA 337,Visualising Screen Stories,MEDIA,Media and Screen Studies,337
MEDIA 338,"Creating Advertising: Text, Image, Story",MEDIA,Media and Screen Studies,338
MEDIA 340,Filmmaking,MEDIA,Media and Screen Studies,340
MEDIA 341,Writing Screen Stories,MEDIA,Media and Screen Studies,341
MEDIA 713,"Media, Sound and Music",MEDIA,Media and Screen Studies,713
MEDIA 715,Visualising Difference,MEDIA,Media and Screen Studies,715
MEDIA 716,Love in/Loving the Cinema,MEDIA,Media and Screen Studies,716
MEDIA 717,Ubiquitous Media,MEDIA,Media and Screen Studies,717
MEDIA 726,Directed Study,MEDIA,Media and Screen Studies,726
MEDIA 729,Film Evil,MEDIA,Media and Screen Studies,729
MEDIA 741,Time and the Moving Image,MEDIA,Media and Screen Studies,741
MEDIA 742,Directed Study,MEDIA,Media and Screen Studies,742
MEDIA 743,Chinese Film Genres,MEDIA,Media and Screen Studies,743
MEDIA 746,Special Topic,MEDIA,Media and Screen Studies,746
MEDIA 781,Research Project,MEDIA,Media and Screen Studies,781
MEDIA 792,Dissertation,MEDIA,Media and Screen Studies,792
MEDIA 792A,Dissertation,MEDIA,Media and Screen Studies,792A
MEDIA 792B,Dissertation,MEDIA,Media and Screen Studies,792B
MEDIA 793,Dissertation,MEDIA,Media and Screen Studies,793
MEDIA 793A,Dissertation,MEDIA,Media and Screen Studies,793A
MEDIA 793B,Dissertation,MEDIA,Media and Screen Studies,793B
MEDIA 796A,Thesis,MEDIA,Media and Screen Studies,796A
MEDIA 796B,Thesis,MEDIA,Media and Screen Studies,796B
MEDIA 797A,Research Portfolio,MEDIA,Media and Screen Studies,797A
MEDIA 797B,Research Portfolio,MEDIA,Media and Screen Studies,797B
MEDICINE 700,Designing Safer Systems,MEDICINE,Medicine,700
MEDICINE 702,Understanding Complex Clinical Systems,MEDICINE,Medicine,702
MEDICINE 703,Special Studies in Medicine,MEDICINE,Medicine,703
MEDICINE 740,Special Topic,MEDICINE,Medicine,740
MEDICINE 741,Special Topic,MEDICINE,Medicine,741
MEDICINE 742,Special Topic,MEDICINE,Medicine,742
MEDIMAGE 199,English Language Competency,MEDIMAGE,Medical Imaging,199
MEDIMAGE 201,Fundamentals of Medical Imaging,MEDIMAGE,Medical Imaging,201
MEDIMAGE 202,Medical Imaging Science,MEDIMAGE,Medical Imaging,202
MEDIMAGE 203,Radiographic Imaging I,MEDIMAGE,Medical Imaging,203
MEDIMAGE 300,Medical Imaging for Biomedical Science,MEDIMAGE,Medical Imaging,300
MEDIMAGE 301,Radiographic Imaging II,MEDIMAGE,Medical Imaging,301
MEDIMAGE 302,Sectional Imaging Anatomy and Pathology,MEDIMAGE,Medical Imaging,302
MEDIMAGE 304,Advanced Radiographic Imaging,MEDIMAGE,Medical Imaging,304
MEDIMAGE 305,Professional Practice in Medical Imaging,MEDIMAGE,Medical Imaging,305
MEDIMAGE 306,Specialised Medical Imaging,MEDIMAGE,Medical Imaging,306
MEDIMAGE 307,Research Methods,MEDIMAGE,Medical Imaging,307
MEDIMAGE 701,Imaging Anatomy and Pathology,MEDIMAGE,Medical Imaging,701
MEDIMAGE 702,Professional Issues in Medical Imaging,MEDIMAGE,Medical Imaging,702
MEDIMAGE 708,Nuclear Medicine Technology,MEDIMAGE,Medical Imaging,708
MEDIMAGE 711,Musculoskeletal Trauma Image Evaluation,MEDIMAGE,Medical Imaging,711
MEDIMAGE 712,Musculoskeletal Pathology Image Evaluation,MEDIMAGE,Medical Imaging,712
MEDIMAGE 713,Special Studies,MEDIMAGE,Medical Imaging,713
MEDIMAGE 714,Fundamentals of Clinical MRI,MEDIMAGE,Medical Imaging,714
MEDIMAGE 715,MRI Technology,MEDIMAGE,Medical Imaging,715
MEDIMAGE 716,Fundamentals of Clinical Ultrasound,MEDIMAGE,Medical Imaging,716
MEDIMAGE 717,Ultrasound Imaging Technology,MEDIMAGE,Medical Imaging,717
MEDIMAGE 718,Acute Chest Image Evaluation,MEDIMAGE,Medical Imaging,718
MEDIMAGE 719,Paediatric Image Evaluation,MEDIMAGE,Medical Imaging,719
MEDIMAGE 720,Fundamentals of Clinical Nuclear Medicine,MEDIMAGE,Medical Imaging,720
MEDIMAGE 721,MRI Safety,MEDIMAGE,Medical Imaging,721
MEDIMAGE 722,Introduction to Cardiac Ultrasound,MEDIMAGE,Medical Imaging,722
MEDIMAGE 724,Ultrasound Assessment of Heart Disease 1,MEDIMAGE,Medical Imaging,724
MEDIMAGE 726,Ultrasound Assessment of Heart Disease 2,MEDIMAGE,Medical Imaging,726
MEDIMAGE 727,Introduction to Congenital Heart Disease,MEDIMAGE,Medical Imaging,727
MEDIMAGE 728,Advanced Concepts in Cardiac Ultrasound,MEDIMAGE,Medical Imaging,728
MEDIMAGE 729,Theranostics,MEDIMAGE,Medical Imaging,729
MEDIMAGE 740,Research Project,MEDIMAGE,Medical Imaging,740
MEDIMAGE 740A,Research Project - Level 9,MEDIMAGE,Medical Imaging,740A
MEDIMAGE 740B,Research Project - Level 9,MEDIMAGE,Medical Imaging,740B
MEDSCI (207),Nutrition Fundamentals ** available as of 01/11/2026,MEDSCI,Medical Science,(207)
MEDSCI (322),Diet and Chronic Disease ** available as of 01/11/2026,MEDSCI,Medical Science,(322)
MEDSCI 100G,Human Mind and Body Relationships,MEDSCI,Medical Science,100G
MEDSCI 101G,Environmental Threats to Human Health,MEDSCI,Medical Science,101G
MEDSCI 142,Biology for Biomedical Science: Organ Systems,MEDSCI,Medical Science,142
MEDSCI 201,Human Structure and Function,MEDSCI,Medical Science,201
MEDSCI 202,Microbiology and Immunology,MEDSCI,Medical Science,202
MEDSCI 203,Mechanisms of Disease,MEDSCI,Medical Science,203
MEDSCI 204,Pharmacology and Toxicology,MEDSCI,Medical Science,204
MEDSCI 205,The Physiology of Human Organ Systems,MEDSCI,Medical Science,205
MEDSCI 206,Principles of Neuroscience,MEDSCI,Medical Science,206
MEDSCI 300,Analytical Anatomy and Visualisation,MEDSCI,Medical Science,300
MEDSCI 301,Molecular Basis of Disease,MEDSCI,Medical Science,301
MEDSCI 302,Cancer Biology,MEDSCI,Medical Science,302
MEDSCI 309,Biophysics of Nerve and Muscle,MEDSCI,Medical Science,309
MEDSCI 311,Cardiovascular Biology,MEDSCI,Medical Science,311
MEDSCI 312,Neuroendocrinology of Growth and Metabolism,MEDSCI,Medical Science,312
MEDSCI 313,Reproductive Biology,MEDSCI,Medical Science,313
MEDSCI 314,Immunology,MEDSCI,Medical Science,314
MEDSCI 315,"Nutrition, Diet and Gene Interactions",MEDSCI,Medical Science,315
MEDSCI 316,Sensory Neuroscience: From Molecules to Disease,MEDSCI,Medical Science,316
MEDSCI 317,Integrative Neuroscience: From Fetus to Adult,MEDSCI,Medical Science,317
MEDSCI 318,Pharmacokinetics and Drug Toxicity,MEDSCI,Medical Science,318
MEDSCI 319,Molecular Pharmacology,MEDSCI,Medical Science,319
MEDSCI 320,Pharmacology of the Brain and Body,MEDSCI,Medical Science,320
MEDSCI 321,Special Topic,MEDSCI,Medical Science,321
MEDSCI 399,Capstone: Medical Sciences,MEDSCI,Medical Science,399
MEDSCI 700,Drug Discovery Biology,MEDSCI,Medical Science,700
MEDSCI 703,Advanced Biomedical Imaging,MEDSCI,Medical Science,703
MEDSCI 704,Stem Cells and Development,MEDSCI,Medical Science,704
MEDSCI 705,"Infection, Immunity and Disease",MEDSCI,Medical Science,705
MEDSCI 706,Genomic Medicine,MEDSCI,Medical Science,706
MEDSCI 707,Antimicrobials and Resistance,MEDSCI,Medical Science,707
MEDSCI 708,Advanced Immunology and Immunotherapy,MEDSCI,Medical Science,708
MEDSCI 709,Nutrition in Health and Disease,MEDSCI,Medical Science,709
MEDSCI 710,Nutrition Mechanisms,MEDSCI,Medical Science,710
MEDSCI 711,Clinical Nutrition,MEDSCI,Medical Science,711
MEDSCI 712,Critical Evaluation of Nutritional Therapies,MEDSCI,Medical Science,712
MEDSCI 713,Principles of Cancer Therapy,MEDSCI,Medical Science,713
MEDSCI 714,Advanced Cancer Biology,MEDSCI,Medical Science,714
MEDSCI 715,Molecular Toxicology,MEDSCI,Medical Science,715
MEDSCI 716,Advanced Drug Disposition and Kinetics,MEDSCI,Medical Science,716
MEDSCI 717,Advanced Neuroscience: Neuropharmacology,MEDSCI,Medical Science,717
MEDSCI 718,Pharmacology of Anaesthetics and Analgesics,MEDSCI,Medical Science,718
MEDSCI 719,Pharmacometrics,MEDSCI,Medical Science,719
MEDSCI 720,Biomedical Research Techniques,MEDSCI,Medical Science,720
MEDSCI 722,Clinical Pharmacology,MEDSCI,Medical Science,722
MEDSCI 723,Cancer Pharmacology,MEDSCI,Medical Science,723
MEDSCI 727,Advanced Neuroscience: Neurophysiology,MEDSCI,Medical Science,727
MEDSCI 729,Perinatal Physiology and Medicine,MEDSCI,Medical Science,729
MEDSCI 730,Reproductive Science,MEDSCI,Medical Science,730
MEDSCI 731,Advanced Reproductive Biology,MEDSCI,Medical Science,731
MEDSCI 732,Molecular Aspects of Endocrinology and Metabolism,MEDSCI,Medical Science,732
MEDSCI 733,Advanced Methods in Cell Physiology,MEDSCI,Medical Science,733
MEDSCI 734,Advanced Cardiovascular Science,MEDSCI,Medical Science,734
MEDSCI 735,Concepts in Pharmacology,MEDSCI,Medical Science,735
MEDSCI 737,Biomedical MRI,MEDSCI,Medical Science,737
MEDSCI 738,Biological Clocks,MEDSCI,Medical Science,738
MEDSCI 739,Advanced Sensory Neuroscience,MEDSCI,Medical Science,739
MEDSCI 741,Medical Imaging Technology,MEDSCI,Medical Science,741
MEDSCI 742,Anatomy for Medical Imaging,MEDSCI,Medical Science,742
MEDSCI 743,Design and Analysis in Biomedical Research,MEDSCI,Medical Science,743
MEDSCI 744,Project Design in Biomedical Science,MEDSCI,Medical Science,744
MEDSCI 745,Drug Development,MEDSCI,Medical Science,745
MEDSCI 746,Special Topic,MEDSCI,Medical Science,746
MEDSCI 747,Special Topic,MEDSCI,Medical Science,747
MEDSCI 748,Special Topic,MEDSCI,Medical Science,748
MEDSCI 760,"Early Life Nutrition, Lifelong Health",MEDSCI,Medical Science,760
MEDSCI 784A,Thesis,MEDSCI,Medical Science,784A
MEDSCI 784B,Thesis,MEDSCI,Medical Science,784B
MEDSCI 785A,Thesis,MEDSCI,Medical Science,785A
MEDSCI 785B,Thesis,MEDSCI,Medical Science,785B
MEDSCI 786A,Thesis,MEDSCI,Medical Science,786A
MEDSCI 786B,Thesis,MEDSCI,Medical Science,786B
MEDSCI 796A,Thesis,MEDSCI,Medical Science,796A
MEDSCI 796B,Thesis,MEDSCI,Medical Science,796B
MGMT 211,Understanding Organisations,MGMT,Management,211
MGMT 223,Understanding Work and People,MGMT,Management,223
MGMT 300,Management in Dynamic Contexts,MGMT,Management,300
MGMT 302,Strategic Management,MGMT,Management,302
MGMT 304,HR Policy and Practice,MGMT,Management,304
MGMT 309,Organisational Ethics and Sustainability,MGMT,Management,309
MGMT 314,Critical Issues in Organisations,MGMT,Management,314
MGMT 320,Special Topic: Management and Games: Integrative Capstone,MGMT,Management,320
MGMT 325,Directed Study,MGMT,Management,325
MKTG (759),Applied Research Consultancy Project ** available as of 01/01/2027,MKTG,Marketing,(759)
MKTG 151,Essential Marketing,MKTG,Marketing,151
MKTG 151G,Essential Marketing,MKTG,Marketing,151G
MKTG 202,Marketing Research,MKTG,Marketing,202
MKTG 203,Strategic Marketing,MKTG,Marketing,203
MKTG 300,Directed Study,MKTG,Marketing,300
MKTG 301,Advanced Marketing Strategy,MKTG,Marketing,301
MKTG 302,Advanced Marketing Research,MKTG,Marketing,302
MKTG 303,Consumer Behaviour,MKTG,Marketing,303
MKTG 304,Digital Marketing,MKTG,Marketing,304
MKTG 306,Advertising and Branding,MKTG,Marketing,306
MKTG 308,Customer Insights,MKTG,Marketing,308
MKTG 309,Social and Sustainable Marketing,MKTG,Marketing,309
MKTG 312,Special Topic,MKTG,Marketing,312
MKTG 314,Customer Value Management,MKTG,Marketing,314
MKTG 701,Foundations of Marketing Thought,MKTG,Marketing,701
MKTG 705,Advanced Consumer Research,MKTG,Marketing,705
MKTG 707,Directed Study,MKTG,Marketing,707
MKTG 710,Digital Advertising Dynamics,MKTG,Marketing,710
MKTG 712,Digital Marketing Strategy,MKTG,Marketing,712
MKTG 713,Business-to-Business Marketing Dynamics,MKTG,Marketing,713
MKTG 714,Contemporary Issues in Marketing Research - Level 9,MKTG,Marketing,714
MKTG 715,Future of Marketing Work,MKTG,Marketing,715
MKTG 717,Special Topic,MKTG,Marketing,717
MKTG 718,Special Topic,MKTG,Marketing,718
MKTG 759,Applied Research Consultancy Project - Level 9,MKTG,Marketing,759
MKTG 788,Research Project,MKTG,Marketing,788
MKTG 791,Dissertation,MKTG,Marketing,791
MKTG 791A,Dissertation,MKTG,Marketing,791A
MKTG 791B,Dissertation,MKTG,Marketing,791B
MKTG 792,Research Project,MKTG,Marketing,792
MKTG 794A,Thesis,MKTG,Marketing,794A
MKTG 794B,Thesis,MKTG,Marketing,794B
MKTG 796A,Thesis,MKTG,Marketing,796A
MKTG 796B,Thesis,MKTG,Marketing,796B
MUS 103,Music Fundamentals,MUS,Music,103
MUS 104,Music Literacies,MUS,Music,104
MUS 104A,Music Literacies,MUS,Music,104A
MUS 104B,Music Literacies,MUS,Music,104B
MUS 110,Composition Studio 1,MUS,Music,110
MUS 111,Composition Studio 2,MUS,Music,111
MUS 120,Performance Studio 1,MUS,Music,120
MUS 121,Performance Studio 2,MUS,Music,121
MUS 125,Music in Aotearoa New Zealand,MUS,Music,125
MUS 130,Introduction to Musical Phenomena,MUS,Music,130
MUS 144G,Turning-points in Western Music,MUS,Music,144G
MUS 145,Western Music Across the Centuries,MUS,Music,145
MUS 149,Rock to Reggae: Tracking Popular Music in New Zealand,MUS,Music,149
MUS 149G,Rock to Reggae: Tracking Popular Music in New Zealand,MUS,Music,149G
MUS 162,Introduction to Music Teaching and Learning,MUS,Music,162
MUS 170,Jazz Studio 1,MUS,Music,170
MUS 171,Jazz Studio 2,MUS,Music,171
MUS 180,Songcraft and Production Studio 1,MUS,Music,180
MUS 181,Songcraft and Production Studio 2,MUS,Music,181
MUS 199,Musicking,MUS,Music,199
MUS 199A,Musicking,MUS,Music,199A
MUS 199B,Musicking,MUS,Music,199B
MUS 203,Classical Theory and Musicianship 1,MUS,Music,203
MUS 204,Classical Theory and Musicianship 2,MUS,Music,204
MUS 205,Classical Theory and Musicianship 3,MUS,Music,205
MUS 206,Conducting 1,MUS,Music,206
MUS 207,Conducting 2,MUS,Music,207
MUS 210,Composition Studio 3,MUS,Music,210
MUS 211,Composition Studio 4,MUS,Music,211
MUS 214,Instrumentation,MUS,Music,214
MUS 220,Performance Studio 3,MUS,Music,220
MUS 221,Performance Studio 4,MUS,Music,221
MUS 224,Interpreting Music Performance,MUS,Music,224
MUS 225,Music in Society,MUS,Music,225
MUS 230,Music Production Studio 3,MUS,Music,230
MUS 231,Music Production Studio 4,MUS,Music,231
MUS 245,"History, Music and Ideas: Rethinking the Classical Canon",MUS,Music,245
MUS 246,Experimental Music in the 20th and 21st Centuries,MUS,Music,246
MUS 247,Genre and Convention in Instrumental Music,MUS,Music,247
MUS 248,Music on Stage and Screen,MUS,Music,248
MUS 258,Composing with Computers,MUS,Music,258
MUS 259,Special Topic,MUS,Music,259
MUS 262,Music Psychology and Development,MUS,Music,262
MUS 270,Jazz Performance 3,MUS,Music,270
MUS 271,Jazz Performance 4,MUS,Music,271
MUS 274,Jazz Theory and Musicianship,MUS,Music,274
MUS 275,Jazz Composition and Arranging 1,MUS,Music,275
MUS 276,Jazz History,MUS,Music,276
MUS 277,Jazz Project 2,MUS,Music,277
MUS 280,Songcraft Studio 3,MUS,Music,280
MUS 281,Songcraft Studio 4,MUS,Music,281
MUS 282,Popular Music Vocal Performance,MUS,Music,282
MUS 283,Popular Music Performance 2,MUS,Music,283
MUS 284,Songcraft and Production Theory and Musicianship 1,MUS,Music,284
MUS 287,Songcraft and Production Theory and Musicianship 2,MUS,Music,287
MUS 299,Musicking 2,MUS,Music,299
MUS 299A,Musicking 2,MUS,Music,299A
MUS 299B,Musicking 2,MUS,Music,299B
MUS 301,Classical Theory and Musicianship 3,MUS,Music,301
MUS 306,Conducting 3,MUS,Music,306
MUS 310,Composition Studio 5,MUS,Music,310
MUS 311,Composition Studio 6,MUS,Music,311
MUS 314,Orchestration,MUS,Music,314
MUS 315,Sonic Arts,MUS,Music,315
MUS 320,Performance Studio 5,MUS,Music,320
MUS 321,Performance Studio 6,MUS,Music,321
MUS 325,Music as History,MUS,Music,325
MUS 330,Music Production Studio 5,MUS,Music,330
MUS 331,Music Production Studio 6,MUS,Music,331
MUS 332,Songcraft and Music Production Project 1,MUS,Music,332
MUS 333,Music Production Project 2,MUS,Music,333
MUS 334,Sound Design for Film and Video Games,MUS,Music,334
MUS 340,Analytical Methods,MUS,Music,340
MUS 345,"History, Music and Ideas: Rethinking the Classical Canon",MUS,Music,345
MUS 346,Experimental Music in the 20th and 21st Centuries,MUS,Music,346
MUS 347,Genre and Convention in Instrumental Music,MUS,Music,347
MUS 348,Music on Stage and Screen,MUS,Music,348
MUS 349,Topic in World Music,MUS,Music,349
MUS 355,Special Topic: Music Futures,MUS,Music,355
MUS 356,Special Topic: Ragas of India,MUS,Music,356
MUS 357,Special Topic,MUS,Music,357
MUS 358,Musical Interface Design,MUS,Music,358
MUS 359,Special Topic,MUS,Music,359
MUS 362,Pedagogical Approaches for the School and Studio,MUS,Music,362
MUS 363,Music and Community Engagement,MUS,Music,363
MUS 364,Studio Pedagogy,MUS,Music,364
MUS 365,Music Industry and Business,MUS,Music,365
MUS 370,Jazz Performance 5,MUS,Music,370
MUS 371,Jazz Performance 6,MUS,Music,371
MUS 375,Jazz Composition and Arranging 2,MUS,Music,375
MUS 377,Jazz Project,MUS,Music,377
MUS 380,Songcraft Studio 5,MUS,Music,380
MUS 381,Songcraft Studio 6,MUS,Music,381
MUS 382,Popular Music Performance 3,MUS,Music,382
MUS 384,Songcraft and Production Theory and Musicianship 3,MUS,Music,384
MUS 399,Advanced Musicking,MUS,Music,399
MUS 399A,Advanced Musicking,MUS,Music,399A
MUS 399B,Advanced Musicking,MUS,Music,399B
MUS 701,Advanced Analysis,MUS,Music,701
MUS 702,Music Internship,MUS,Music,702
MUS 707,Research and Practice in Conducting,MUS,Music,707
MUS 710,Composition Research Portfolio,MUS,Music,710
MUS 711,Composition Research Project,MUS,Music,711
MUS 714,Advanced Orchestration,MUS,Music,714
MUS 715,Advanced Sonic Arts,MUS,Music,715
MUS 720,Classical Performance Research,MUS,Music,720
MUS 722,Advanced Ensemble Performance 1,MUS,Music,722
MUS 723,Advanced Ensemble Performance 2,MUS,Music,723
MUS 726,Aspects of Performance Practice,MUS,Music,726
MUS 727,Advanced Auxiliary Performance,MUS,Music,727
MUS 729,Music Performance Research Project,MUS,Music,729
MUS 730,Studio Pedagogy Research and Practice,MUS,Music,730
MUS 735,Advanced Studies in Music Production and Technology,MUS,Music,735
MUS 736,Creative Studies in Music Production,MUS,Music,736
MUS 737,Music Production Research,MUS,Music,737
MUS 738,Creative Practice Research Project,MUS,Music,738
MUS 742,Research Project,MUS,Music,742
MUS 743,Advanced Music Research,MUS,Music,743
MUS 744,Musicians’ Health and Well-being,MUS,Music,744
MUS 747,Research in Musicology,MUS,Music,747
MUS 748,Conducting Repertoire and Pedagogy,MUS,Music,748
MUS 749,Topic in World Music,MUS,Music,749
MUS 750,Performance Research Project,MUS,Music,750
MUS 752,Research Project,MUS,Music,752
MUS 754,Directed Study in Historical Musicology,MUS,Music,754
MUS 755,Directed Study in Contemporary Musicology,MUS,Music,755
MUS 756,Directed Study in Music Studies,MUS,Music,756
MUS 757,Special Topic: Studies in Historical Musicology,MUS,Music,757
MUS 758,Special Topic,MUS,Music,758
MUS 759,Special Topic: Critical Theory and Music Technology,MUS,Music,759
MUS 760,Themes in Music Education Research,MUS,Music,760
MUS 762,Approaches to Music Education 1,MUS,Music,762
MUS 763,Approaches to Music Education 2,MUS,Music,763
MUS 767,Music Education Research and Practice,MUS,Music,767
MUS 768,Community Music Research Project,MUS,Music,768
MUS 770,Jazz Performance Research,MUS,Music,770
MUS 772,Jazz Composition and Arranging I,MUS,Music,772
MUS 773,Jazz Composition and Arranging II,MUS,Music,773
MUS 774,Jazz Collaborative Project,MUS,Music,774
MUS 780,Popular Music Research,MUS,Music,780
MUS 785A,Research Portfolio,MUS,Music,785A
MUS 785B,Research Portfolio,MUS,Music,785B
MUS 786A,Thesis,MUS,Music,786A
MUS 786B,Thesis,MUS,Music,786B
MUS 790A,Research Project,MUS,Music,790A
MUS 790B,Research Project,MUS,Music,790B
MUS 796A,Thesis,MUS,Music,796A
MUS 796B,Thesis,MUS,Music,796B
MUSEUMS 700,Exhibiting Cultures: International,MUSEUMS,Museums and Cultural Heritage,700
MUSEUMS 702,Inside the Museum,MUSEUMS,Museums and Cultural Heritage,702
MUSEUMS 704,"Reimagining Museums: Māori, Indigenous and Global Perspectives",MUSEUMS,Museums and Cultural Heritage,704
MUSEUMS 704A,"Reimagining Museums: Māori, Indigenous and Global Perspectives",MUSEUMS,Museums and Cultural Heritage,704A
MUSEUMS 704B,"Reimagining Museums: Māori, Indigenous and Global Perspectives",MUSEUMS,Museums and Cultural Heritage,704B
MUSEUMS 705,Exhibiting Cultures: Māori and Indigenous,MUSEUMS,Museums and Cultural Heritage,705
MUSEUMS 706,Special Topic,MUSEUMS,Museums and Cultural Heritage,706
MUSEUMS 751,Special Topic,MUSEUMS,Museums and Cultural Heritage,751
MUSEUMS 760,Directed Study,MUSEUMS,Museums and Cultural Heritage,760
MUSEUMS 761,Directed Study,MUSEUMS,Museums and Cultural Heritage,761
MUSEUMS 761A,Directed Study,MUSEUMS,Museums and Cultural Heritage,761A
MUSEUMS 761B,Directed Study,MUSEUMS,Museums and Cultural Heritage,761B
MUSEUMS 780,Research Project,MUSEUMS,Museums and Cultural Heritage,780
MUSEUMS 780A,Research Project,MUSEUMS,Museums and Cultural Heritage,780A
MUSEUMS 780B,Research Project,MUSEUMS,Museums and Cultural Heritage,780B
MUSEUMS 792,Dissertation,MUSEUMS,Museums and Cultural Heritage,792
MUSEUMS 792A,Dissertation,MUSEUMS,Museums and Cultural Heritage,792A
MUSEUMS 792B,Dissertation,MUSEUMS,Museums and Cultural Heritage,792B
MUSEUMS 793,Dissertation,MUSEUMS,Museums and Cultural Heritage,793
MUSEUMS 793A,Dissertation,MUSEUMS,Museums and Cultural Heritage,793A
MUSEUMS 793B,Dissertation,MUSEUMS,Museums and Cultural Heritage,793B
MUSEUMS 796A,Thesis,MUSEUMS,Museums and Cultural Heritage,796A
MUSEUMS 796B,Thesis,MUSEUMS,Museums and Cultural Heritage,796B
MUSEUMS 797A,Research Portfolio,MUSEUMS,Museums and Cultural Heritage,797A
MUSEUMS 797B,Research Portfolio,MUSEUMS,Museums and Cultural Heritage,797B
NURSING 104,Applied Science for Nurses,NURSING,Nursing,104
NURSING 105,Nursing in Practice,NURSING,Nursing,105
NURSING 199,English Language Competency,NURSING,Nursing,199
NURSING 201,Nursing Clients with a Pathophysiological Problem,NURSING,Nursing,201
NURSING 202,"Mental Health, Addiction, (Dis)Ability and Enablement",NURSING,Nursing,202
NURSING 301,Community Health and Wellbeing,NURSING,Nursing,301
NURSING 302,Professional Nursing Practice,NURSING,Nursing,302
NURSING 700,Special Topic,NURSING,Nursing,700
NURSING 701,Research Project - Level 9,NURSING,Nursing,701
NURSING 732,Leading and Managing Changes in Healthcare,NURSING,Nursing,732
NURSING 735,Clinical Education Practicum,NURSING,Nursing,735
NURSING 740,Nurse Practitioner Prescribing Practicum - Level 9,NURSING,Nursing,740
NURSING 741,Education for Clinical Practice,NURSING,Nursing,741
NURSING 742,Biological Science for Practice,NURSING,Nursing,742
NURSING 743,Nurse Practitioner Advanced Practicum,NURSING,Nursing,743
NURSING 744,Critical Care Specialty Nursing Practicum,NURSING,Nursing,744
NURSING 745,Principles of Medication Management,NURSING,Nursing,745
NURSING 746,Evidence-based Practice and Implementation - Level 9,NURSING,Nursing,746
NURSING 749,Special Topic: Whānau Ora – Tahi,NURSING,Nursing,749
NURSING 773,Advancing Assessment and Clinical Reasoning,NURSING,Nursing,773
NURSING 774,Nursing People in Acute Mental Health Crisis,NURSING,Nursing,774
NURSING 775,Leadership and Management for Quality Health Care,NURSING,Nursing,775
NURSING 779,Special Studies,NURSING,Nursing,779
NURSING 780,Mental Health and Addiction Nursing,NURSING,Nursing,780
NURSING 782,Research Methods in Nursing and Health - Level 9,NURSING,Nursing,782
NURSING 783,Special Topic: Pae Ora,NURSING,Nursing,783
NURSING 784,Advanced Emergency Nursing Practicum,NURSING,Nursing,784
NURSING 785,Clinical Reasoning in Pharmacotherapeutics,NURSING,Nursing,785
NURSING 787,Fundamentals of Nursing Care,NURSING,Nursing,787
NURSING 789,Research Project,NURSING,Nursing,789
NURSING 790A,Research Portfolio,NURSING,Nursing,790A
NURSING 790B,Research Portfolio,NURSING,Nursing,790B
NURSING 795,Dissertation - Level 9,NURSING,Nursing,795
NURSING 795A,Dissertation - Level 9,NURSING,Nursing,795A
NURSING 795B,Dissertation,NURSING,Nursing,795B
NURSING 796A,Thesis,NURSING,Nursing,796A
NURSING 796B,Thesis,NURSING,Nursing,796B
NURSING 797A,Research Portfolio,NURSING,Nursing,797A
NURSING 797B,Research Portfolio,NURSING,Nursing,797B
NURSPRAC 701,Cardiac Specialty Nursing,NURSPRAC,Nursing Practice,701
NURSPRAC 702,Critical Care Specialty Nursing,NURSPRAC,Nursing Practice,702
NURSPRAC 703,Paediatric Cardiac Specialty Nursing,NURSPRAC,Nursing Practice,703
NURSPRAC 703A,Paediatric Cardiac Specialty Nursing,NURSPRAC,Nursing Practice,703A
NURSPRAC 703B,Paediatric Cardiac Specialty Nursing,NURSPRAC,Nursing Practice,703B
NURSPRAC 704,Cancer Specialty Nursing,NURSPRAC,Nursing Practice,704
NURSPRAC 707,Registered Nurse First Surgical Assist,NURSPRAC,Nursing Practice,707
NURSPRAC 708,Emergency Specialty Nursing,NURSPRAC,Nursing Practice,708
NURSPRAC 710,Palliative Care Specialty Nursing,NURSPRAC,Nursing Practice,710
NURSPRAC 711,Pain Nursing Specialty Nursing,NURSPRAC,Nursing Practice,711
NURSPRAC 712,Diabetes Specialty Nursing,NURSPRAC,Nursing Practice,712
NURSPRAC 713,Paediatric Intensive Care Nursing,NURSPRAC,Nursing Practice,713
NURSPRAC 715,Endoscopy Specialty Nursing,NURSPRAC,Nursing Practice,715
NURSPRAC 716,Ophthalmology Specialty Nursing,NURSPRAC,Nursing Practice,716
NURSPRAC 717,Practicum for RN Designated Prescribers,NURSPRAC,Nursing Practice,717
NURSPRAC 718,Contemporary Mental Health and Addictions Nursing Practice,NURSPRAC,Nursing Practice,718
NURSPRAC 719,Clinical Practice in Mental Health and Addictions,NURSPRAC,Nursing Practice,719
NURSPRAC 720,Advanced Mental Health Assessment,NURSPRAC,Nursing Practice,720
NURSPRAC 721,Integrative Nursing Practice,NURSPRAC,Nursing Practice,721
NURSPRAC 722,Transition to Professional Nursing Practice,NURSPRAC,Nursing Practice,722
NURSPRAC 723,Paediatric Intensive Care Nursing Practicum,NURSPRAC,Nursing Practice,723
NURSPRAC 724,Special Topic: RN First Surgical Assist Practicum,NURSPRAC,Nursing Practice,724
NURSPRAC 725,Special Topic: Endoscopy Nursing Practicum,NURSPRAC,Nursing Practice,725
NURSPRAC 726,Mental Health Nursing Practicum,NURSPRAC,Nursing Practice,726
NURSPRAC 727,Perioperative Nursing Specialty,NURSPRAC,Nursing Practice,727
NURSPRAC 728,Frailty in Aged Care Nursing,NURSPRAC,Nursing Practice,728
NURSPRAC 729,Special Topic,NURSPRAC,Nursing Practice,729
NURSPRAC 730,Special Topic,NURSPRAC,Nursing Practice,730
NURSPRAC 731,Special Topic,NURSPRAC,Nursing Practice,731
NURSPRAC 732,Special Topic,NURSPRAC,Nursing Practice,732
OBSTGYN 705,Special Topic in Obstetrics and Gynaecology,OBSTGYN,Obstetrics and Gynaecology,705
OBSTGYN 712,Contraception and Pre and Early Pregnancy,OBSTGYN,Obstetrics and Gynaecology,712
OBSTGYN 713,Pregnancy and Postnatal Care in the Community,OBSTGYN,Obstetrics and Gynaecology,713
OBSTGYN 715,Medical Gynaecology 1,OBSTGYN,Obstetrics and Gynaecology,715
OBSTGYN 716,Medical Gynaecology 2,OBSTGYN,Obstetrics and Gynaecology,716
OBSTGYN 717,Practical Obstetrics and Gynaecology,OBSTGYN,Obstetrics and Gynaecology,717
OBSTGYN 717A,Practical Obstetrics and Gynaecology,OBSTGYN,Obstetrics and Gynaecology,717A
OBSTGYN 717B,Practical Obstetrics and Gynaecology,OBSTGYN,Obstetrics and Gynaecology,717B
OBSTGYN 723,Special Studies,OBSTGYN,Obstetrics and Gynaecology,723
OBSTGYN 724,Obstetrics Residential,OBSTGYN,Obstetrics and Gynaecology,724
OBSTGYN 725,Gynaecology Residential,OBSTGYN,Obstetrics and Gynaecology,725
OPHTHAL 703,Special Topic: Research Methods and Skills for Eye Research,OPHTHAL,Ophthalmology,703
OPHTHAL 704,Special Topic: Ophthalmic Technology,OPHTHAL,Ophthalmology,704
OPHTHAL 705,Special Topic: Management of Acute Eye Disease,OPHTHAL,Ophthalmology,705
OPHTHAL 706,Special Study in Ophthalmology,OPHTHAL,Ophthalmology,706
OPSMGT 255,Introduction to Operations and Supply Chain Management,OPSMGT,Ops and Supply Chain Mmgt,255
OPSMGT 258,Business Process Design,OPSMGT,Ops and Supply Chain Mmgt,258
OPSMGT 300,Directed Study,OPSMGT,Ops and Supply Chain Mmgt,300
OPSMGT 357,Project Management,OPSMGT,Ops and Supply Chain Mmgt,357
OPSMGT 370,Operations and Supply Chain Strategy,OPSMGT,Ops and Supply Chain Mmgt,370
OPSMGT 371,Business Logistics,OPSMGT,Ops and Supply Chain Mmgt,371
OPSMGT 376,Strategic Procurement,OPSMGT,Ops and Supply Chain Mmgt,376
OPSMGT 384,Special Topic,OPSMGT,Ops and Supply Chain Mmgt,384
OPSMGT 385,Special Topic,OPSMGT,Ops and Supply Chain Mmgt,385
OPSMGT 700,Healthcare Analytics and Operations,OPSMGT,Ops and Supply Chain Mmgt,700
OPSMGT 701,Directed Study,OPSMGT,Ops and Supply Chain Mmgt,701
OPSMGT 702,Contemporary Issues in OSCM Practice - Level 9,OPSMGT,Ops and Supply Chain Mmgt,702
OPSMGT 741,System Dynamics and Complex Modelling,OPSMGT,Ops and Supply Chain Mmgt,741
OPSMGT 752,Modelling Methods in Operations Management,OPSMGT,Ops and Supply Chain Mmgt,752
OPSMGT 759,Applied Research Consultancy Project - Level 9,OPSMGT,Ops and Supply Chain Mmgt,759
OPSMGT 760,Advanced Operations Systems - Level 9,OPSMGT,Ops and Supply Chain Mmgt,760
OPSMGT 766,Fundamentals of Supply Chain Coordination,OPSMGT,Ops and Supply Chain Mmgt,766
OPSMGT 780,Sustainable Transformation,OPSMGT,Ops and Supply Chain Mmgt,780
OPSMGT 788,Research Project,OPSMGT,Ops and Supply Chain Mmgt,788
OPSMGT 790,Research Project,OPSMGT,Ops and Supply Chain Mmgt,790
OPSMGT 791,Dissertation,OPSMGT,Ops and Supply Chain Mmgt,791
OPSMGT 791A,Dissertation,OPSMGT,Ops and Supply Chain Mmgt,791A
OPSMGT 791B,Dissertation,OPSMGT,Ops and Supply Chain Mmgt,791B
OPSMGT 796A,Thesis,OPSMGT,Ops and Supply Chain Mmgt,796A
OPSMGT 796B,Thesis,OPSMGT,Ops and Supply Chain Mmgt,796B
OPTOM 216A,Introduction to Optometry,OPTOM,Optometry and Vision Science,216A
OPTOM 216B,Introduction to Optometry,OPTOM,Optometry and Vision Science,216B
OPTOM 263A,Essential Optics,OPTOM,Optometry and Vision Science,263A
OPTOM 263B,Essential Optics,OPTOM,Optometry and Vision Science,263B
OPTOM 272A,Visual Science 1: Structure and Function of the Visual System,OPTOM,Optometry and Vision Science,272A
OPTOM 272B,Visual Science 1: Structure and Function of the Visual System,OPTOM,Optometry and Vision Science,272B
OPTOM 292A,Issues in Optometry,OPTOM,Optometry and Vision Science,292A
OPTOM 292B,Issues in Optometry,OPTOM,Optometry and Vision Science,292B
OPTOM 316A,Optometry,OPTOM,Optometry and Vision Science,316A
OPTOM 316B,Optometry,OPTOM,Optometry and Vision Science,316B
OPTOM 345A,Principles of Ocular Pharmacology,OPTOM,Optometry and Vision Science,345A
OPTOM 345B,Principles of Ocular Pharmacology,OPTOM,Optometry and Vision Science,345B
OPTOM 353A,Ocular Pathology,OPTOM,Optometry and Vision Science,353A
OPTOM 353B,Ocular Pathology,OPTOM,Optometry and Vision Science,353B
OPTOM 375A,Visual Science 2,OPTOM,Optometry and Vision Science,375A
OPTOM 375B,Visual Science 2,OPTOM,Optometry and Vision Science,375B
OPTOM 392A,Issues in Optometry 2,OPTOM,Optometry and Vision Science,392A
OPTOM 392B,Issues in Optometry 2,OPTOM,Optometry and Vision Science,392B
OPTOM 416A,Clinical Optometry,OPTOM,Optometry and Vision Science,416A
OPTOM 416B,Clinical Optometry,OPTOM,Optometry and Vision Science,416B
OPTOM 430A,Contact Lens Practice,OPTOM,Optometry and Vision Science,430A
OPTOM 430B,Contact Lens Practice,OPTOM,Optometry and Vision Science,430B
OPTOM 442A,Optometry for Special Populations,OPTOM,Optometry and Vision Science,442A
OPTOM 442B,Optometry for Special Populations,OPTOM,Optometry and Vision Science,442B
OPTOM 450A,Diseases of the Eye and Visual System: Diagnosis and Management,OPTOM,Optometry and Vision Science,450A
OPTOM 450B,Diseases of the Eye and Visual System: Diagnosis and Management,OPTOM,Optometry and Vision Science,450B
OPTOM 492A,Issues in Optometry 3,OPTOM,Optometry and Vision Science,492A
OPTOM 492B,Issues in Optometry 3,OPTOM,Optometry and Vision Science,492B
OPTOM 510A,Advanced Clinical Optometry 1,OPTOM,Optometry and Vision Science,510A
OPTOM 510B,Advanced Clinical Optometry 1,OPTOM,Optometry and Vision Science,510B
OPTOM 520A,Advanced Clinical Optometry 2,OPTOM,Optometry and Vision Science,520A
OPTOM 520B,Advanced Clinical Optometry 2,OPTOM,Optometry and Vision Science,520B
OPTOM 560A,Optometry in Practice,OPTOM,Optometry and Vision Science,560A
OPTOM 560B,Optometry in Practice,OPTOM,Optometry and Vision Science,560B
OPTOM 561A,Optometry in Practice,OPTOM,Optometry and Vision Science,561A
OPTOM 561B,Optometry in Practice,OPTOM,Optometry and Vision Science,561B
OPTOM 570A,Research in Advanced Optometric Science,OPTOM,Optometry and Vision Science,570A
OPTOM 570B,Research in Advanced Optometric Science,OPTOM,Optometry and Vision Science,570B
OPTOM 592A,Issues in Optometry 4,OPTOM,Optometry and Vision Science,592A
OPTOM 592B,Issues in Optometry 4,OPTOM,Optometry and Vision Science,592B
OPTOM 757A,Special Study in Optometry,OPTOM,Optometry and Vision Science,757A
OPTOM 757B,Special Study in Optometry,OPTOM,Optometry and Vision Science,757B
OPTOM 759A,Special Study,OPTOM,Optometry and Vision Science,759A
OPTOM 759B,Special Study,OPTOM,Optometry and Vision Science,759B
OPTOM 783A,Research Project in Vision Science - Level 9,OPTOM,Optometry and Vision Science,783A
OPTOM 783B,Research Project in Vision Science - Level 9,OPTOM,Optometry and Vision Science,783B
OPTOM 791A,Research Portfolio in Clinical Optometry - Level 9,OPTOM,Optometry and Vision Science,791A
OPTOM 791B,Research Portfolio in Clinical Optometry - Level 9,OPTOM,Optometry and Vision Science,791B
PACIFIC 100,Te Moana-nui-a-Kiwa/Pacific Worlds,PACIFIC,Pacific Studies,100
PACIFIC 100G,Te Moana-nui-a-Kiwa/Pacific Worlds,PACIFIC,Pacific Studies,100G
PACIFIC 105,The Contemporary Pacific,PACIFIC,Pacific Studies,105
PACIFIC 110,Pacific Embodied Practices,PACIFIC,Pacific Studies,110
PACIFIC 200,Theorising Pacific Studies,PACIFIC,Pacific Studies,200
PACIFIC 205,Pacific Innovation and Sustainability,PACIFIC,Pacific Studies,205
PACIFIC 206,Pacific Youth: Contemporary Realities in the Pacific Region,PACIFIC,Pacific Studies,206
PACIFIC 207,Topics in Pacific Arts,PACIFIC,Pacific Studies,207
PACIFIC 208,Gender and the Pacific in a Globalising World,PACIFIC,Pacific Studies,208
PACIFIC 209,Pacific Leadership: Navigators of Change,PACIFIC,Pacific Studies,209
PACIFIC 210,Pacific Embodied Practices 2,PACIFIC,Pacific Studies,210
PACIFIC 211,Polynesian Warriors: Sport and Pacific Cultures,PACIFIC,Pacific Studies,211
PACIFIC 212,Pacific Indigenous Literatures and Knowledges,PACIFIC,Pacific Studies,212
PACIFIC 213,Pacific Wellbeing: Empowering Dimensions,PACIFIC,Pacific Studies,213
PACIFIC 214,Pacific History: New Zealand in the Pacific from 1900,PACIFIC,Pacific Studies,214
PACIFIC 215,Special Topic,PACIFIC,Pacific Studies,215
PACIFIC 216,Special Topic,PACIFIC,Pacific Studies,216
PACIFIC 217,Pacific Language Studies: Issues and Resolutions,PACIFIC,Pacific Studies,217
PACIFIC 300,NZ-Born Pacific Identities,PACIFIC,Pacific Studies,300
PACIFIC 304,Advanced Pacific Studies,PACIFIC,Pacific Studies,304
PACIFIC 305,Pacific Innovation and Sustainability,PACIFIC,Pacific Studies,305
PACIFIC 306,Pacific Youth: Contemporary Realities in the Pacific Region,PACIFIC,Pacific Studies,306
PACIFIC 307,Gender and the Pacific in a Globalising World,PACIFIC,Pacific Studies,307
PACIFIC 308,Topics in Pacific Arts,PACIFIC,Pacific Studies,308
PACIFIC 310,Pacific Embodied Practices 3,PACIFIC,Pacific Studies,310
PACIFIC 311,Polynesian Warriors: Sport and Pacific Cultures,PACIFIC,Pacific Studies,311
PACIFIC 312,Pacific Indigenous Literatures and Knowledges,PACIFIC,Pacific Studies,312
PACIFIC 313,Pacific Wellbeing: Empowering Dimensions,PACIFIC,Pacific Studies,313
PACIFIC 314,Pacific History: New Zealand in the Pacific from 1900,PACIFIC,Pacific Studies,314
PACIFIC 315,Special Topic,PACIFIC,Pacific Studies,315
PACIFIC 316,Special Topic,PACIFIC,Pacific Studies,316
PACIFIC 317,Pacific Language Studies: Issues and Resolutions,PACIFIC,Pacific Studies,317
PACIFIC 700,The Pacific: Interdisciplinary Studies,PACIFIC,Pacific Studies,700
PACIFIC 701,Pacific Language Studies,PACIFIC,Pacific Studies,701
PACIFIC 705,Special Topic,PACIFIC,Pacific Studies,705
PACIFIC 707,Special Topic,PACIFIC,Pacific Studies,707
PACIFIC 708,Special Study,PACIFIC,Pacific Studies,708
PACIFIC 708A,Special Study,PACIFIC,Pacific Studies,708A
PACIFIC 708B,Special Study,PACIFIC,Pacific Studies,708B
PACIFIC 710,Special Study,PACIFIC,Pacific Studies,710
PACIFIC 711,"Intervention, Prevention and Promotion of Pacific Wellbeing",PACIFIC,Pacific Studies,711
PACIFIC 712,Pacific Indigenous Thought,PACIFIC,Pacific Studies,712
PACIFIC 713,Special Topic: Teu le va and Pacific Research,PACIFIC,Pacific Studies,713
PACIFIC 714,Pacific Research Methodologies and Practices,PACIFIC,Pacific Studies,714
PACIFIC 715,The Global Pacific,PACIFIC,Pacific Studies,715
PACIFIC 716,The Pacific: Interdisciplinary Studies,PACIFIC,Pacific Studies,716
PACIFIC 717,"Pacific Policies, Pacific Peoples",PACIFIC,Pacific Studies,717
PACIFIC 718,"Pacific Policies, Pacific Peoples",PACIFIC,Pacific Studies,718
PACIFIC 785,Research Project,PACIFIC,Pacific Studies,785
PACIFIC 785A,Research Project,PACIFIC,Pacific Studies,785A
PACIFIC 785B,Research Project,PACIFIC,Pacific Studies,785B
PACIFIC 792,Dissertation,PACIFIC,Pacific Studies,792
PACIFIC 792A,Dissertation,PACIFIC,Pacific Studies,792A
PACIFIC 792B,Dissertation,PACIFIC,Pacific Studies,792B
PACIFIC 793,Dissertation,PACIFIC,Pacific Studies,793
PACIFIC 793A,Dissertation,PACIFIC,Pacific Studies,793A
PACIFIC 793B,Dissertation,PACIFIC,Pacific Studies,793B
PACIFIC 796A,Thesis,PACIFIC,Pacific Studies,796A
PACIFIC 796B,Thesis,PACIFIC,Pacific Studies,796B
PACIFIC 797A,Research Portfolio,PACIFIC,Pacific Studies,797A
PACIFIC 797B,Research Portfolio,PACIFIC,Pacific Studies,797B
PAEDS 700,Special Topic,PAEDS,Paediatrics,700
PAEDS 704,Special Studies in Paediatrics,PAEDS,Paediatrics,704
PAEDS 705,Neonate and Infant Health,PAEDS,Paediatrics,705
PAEDS 706,Paediatric Care (Toddler-Adolescent),PAEDS,Paediatrics,706
PAEDS 706A,Paediatric Care (Toddler-Adolescent),PAEDS,Paediatrics,706A
PAEDS 706B,Paediatric Care (Toddler-Adolescent),PAEDS,Paediatrics,706B
PAEDS 707A,Clinical Portfolio,PAEDS,Paediatrics,707A
PAEDS 707B,Clinical Portfolio,PAEDS,Paediatrics,707B
PAEDS 708,Population Youth Health,PAEDS,Paediatrics,708
PAEDS 710,Clinical Care of Gender Diverse Youth,PAEDS,Paediatrics,710
PAEDS 712,Youth Health Clinical Skills,PAEDS,Paediatrics,712
PAEDS 714,Emergency Paediatrics,PAEDS,Paediatrics,714
PAEDS 719,"Health, Education and Youth Development",PAEDS,Paediatrics,719
PAEDS 720,Advanced Youth Health,PAEDS,Paediatrics,720
PAEDS 721,Clinical Care of Adolescents and Young Adults with Cancer,PAEDS,Paediatrics,721
PAEDS 722,Youth Health Practicum,PAEDS,Paediatrics,722
PAEDS 723,Research Methods in Child Health and Paediatrics - Level 9,PAEDS,Paediatrics,723
PAEDS 790A,Research Project - Level 9,PAEDS,Paediatrics,790A
PAEDS 790B,Research Project - Level 9,PAEDS,Paediatrics,790B
PAEDS 791A,Dissertation - Level 9,PAEDS,Paediatrics,791A
PAEDS 791B,Dissertation - Level 9,PAEDS,Paediatrics,791B
PHARMACY 111G,Drugs and Society,PHARMACY,Pharmacy,111G
PHARMACY 199,English Language Competency,PHARMACY,Pharmacy,199
PHARMACY 211,Applied Science for Pharmacy,PHARMACY,Pharmacy,211
PHARMACY 212,Pharmaceutical Science and Practice,PHARMACY,Pharmacy,212
PHARMACY 213,Pharmacy 1,PHARMACY,Pharmacy,213
PHARMACY 311,Pharmacy 2,PHARMACY,Pharmacy,311
PHARMACY 312,Pharmacy 3,PHARMACY,Pharmacy,312
PHARMACY 413A,Research Inquiry in Pharmacy,PHARMACY,Pharmacy,413A
PHARMACY 413B,Research Inquiry in Pharmacy,PHARMACY,Pharmacy,413B
PHARMACY 701,Medicine Optimisation 1,PHARMACY,Pharmacy,701
PHARMACY 702,Medicine Optimisation 2,PHARMACY,Pharmacy,702
PHARMACY 750,Pharmaceutical Formulation,PHARMACY,Pharmacy,750
PHARMACY 751,Pharmaceutical Techniques,PHARMACY,Pharmacy,751
PHARMACY 752,Pharmaceutical Quality Assurance,PHARMACY,Pharmacy,752
PHARMACY 753,Pharmaceutical Regulatory Affairs,PHARMACY,Pharmacy,753
PHARMACY 754,Pharmaceutical Science Research Proposal,PHARMACY,Pharmacy,754
PHARMACY 760,Literature Review in Pharmaceutical Sciences,PHARMACY,Pharmacy,760
PHARMACY 762,Literature Review in Pharmacy Practice,PHARMACY,Pharmacy,762
PHARMACY 763,Case Studies in Pharmacy Practice,PHARMACY,Pharmacy,763
PHARMACY 764,Advanced Clinical Pharmacy I,PHARMACY,Pharmacy,764
PHARMACY 765,Advanced Clinical Pharmacy II,PHARMACY,Pharmacy,765
PHARMACY 766,Applied Pharmacotherapy,PHARMACY,Pharmacy,766
PHARMACY 767,Advanced Pharmacotherapy,PHARMACY,Pharmacy,767
PHARMACY 769,Principles of Prescribing,PHARMACY,Pharmacy,769
PHARMACY 770,Prescribing Practicum,PHARMACY,Pharmacy,770
PHARMACY 771,Special Studies,PHARMACY,Pharmacy,771
PHARMACY 772,Special Studies,PHARMACY,Pharmacy,772
PHARMACY 773,Special Topic,PHARMACY,Pharmacy,773
PHARMACY 774,Special Topic,PHARMACY,Pharmacy,774
PHARMACY 789A,Research Project,PHARMACY,Pharmacy,789A
PHARMACY 789B,Research Project,PHARMACY,Pharmacy,789B
PHARMACY 796A,Thesis,PHARMACY,Pharmacy,796A
PHARMACY 796B,Thesis,PHARMACY,Pharmacy,796B
PHARMACY 797A,Research Portfolio,PHARMACY,Pharmacy,797A
PHARMACY 797B,Research Portfolio,PHARMACY,Pharmacy,797B
PHARMCOL 399,Capstone: Integrated Pharmacology,PHARMCOL,Pharmacology,399
PHARMCOL 787,Dissertation,PHARMCOL,Pharmacology,787
PHARMCOL 787A,Dissertation,PHARMCOL,Pharmacology,787A
PHARMCOL 787B,Dissertation,PHARMCOL,Pharmacology,787B
PHARMCOL 796A,MSc Thesis in Pharmacology,PHARMCOL,Pharmacology,796A
PHARMCOL 796B,MSc Thesis in Pharmacology,PHARMCOL,Pharmacology,796B
PHIL (261),Metaphysics ** available as of 01/01/2027,PHIL,Philosophy,(261)
PHIL (361),Metaphysical Structures of the World ** available as of 01/01/2027,PHIL,Philosophy,(361)
PHIL (704),Ancient/Medieval Philosophy ** available as of 01/01/2027,PHIL,Philosophy,(704)
PHIL (706),Logic ** available as of 01/01/2027,PHIL,Philosophy,(706)
PHIL (707),Political Philosophy ** available as of 01/01/2027,PHIL,Philosophy,(707)
PHIL (708),European Continental Philosophy ** available as of 01/01/2027,PHIL,Philosophy,(708)
PHIL (765),Directed Study ** available as of 01/01/2027,PHIL,Philosophy,(765)
PHIL 100,"Mind, Knowledge, and Reality",PHIL,Philosophy,100
PHIL 101,Introduction to Logic,PHIL,Philosophy,101
PHIL 104,Ethics and Justice,PHIL,Philosophy,104
PHIL 105,Critical Thinking,PHIL,Philosophy,105
PHIL 105G,Critical Thinking,PHIL,Philosophy,105G
PHIL 200,Philosophy of Mind,PHIL,Philosophy,200
PHIL 204,Greek Philosophy,PHIL,Philosophy,204
PHIL 206,"Language, Truth and Meaning",PHIL,Philosophy,206
PHIL 207,Philosophy and Religion,PHIL,Philosophy,207
PHIL 209,19th-Century European Philosophy,PHIL,Philosophy,209
PHIL 216,Modal Logic,PHIL,Philosophy,216
PHIL 218,Problems in Epistemology,PHIL,Philosophy,218
PHIL 222,Intermediate Logic,PHIL,Philosophy,222
PHIL 225,"Power, Critique and Emancipation",PHIL,Philosophy,225
PHIL 226,Special Topic,PHIL,Philosophy,226
PHIL 228,Special Topic: Political Philosophy: Resistance and Reconciliation,PHIL,Philosophy,228
PHIL 231,Indigenous Philosophy,PHIL,Philosophy,231
PHIL 232,Medieval Philosophy,PHIL,Philosophy,232
PHIL 233,Philosophy of Logic,PHIL,Philosophy,233
PHIL 234,Chinese Philosophy,PHIL,Philosophy,234
PHIL 250,Philosophy and the Environment,PHIL,Philosophy,250
PHIL 260,Philosophy of Science,PHIL,Philosophy,260
PHIL 261,Metaphysical Structures of the World,PHIL,Philosophy,261
PHIL 263,Philosophy of Biology,PHIL,Philosophy,263
PHIL 268,Ethical Theory,PHIL,Philosophy,268
PHIL 300,Directed Study,PHIL,Philosophy,300
PHIL 302,Medieval Philosophy,PHIL,Philosophy,302
PHIL 306,"Language, Truth and Meaning",PHIL,Philosophy,306
PHIL 307,Special Topic,PHIL,Philosophy,307
PHIL 308,Special Topic: Political Philosophy: Resistance and Reconciliation,PHIL,Philosophy,308
PHIL 315,Modal Logic,PHIL,Philosophy,315
PHIL 319,Greek Philosophy,PHIL,Philosophy,319
PHIL 320,Philosophy of Mind,PHIL,Philosophy,320
PHIL 321,Chinese Philosophy,PHIL,Philosophy,321
PHIL 323,Philosophy of Logic,PHIL,Philosophy,323
PHIL 327,Philosophy and Religion,PHIL,Philosophy,327
PHIL 331,Indigenous Philosophy,PHIL,Philosophy,331
PHIL 338,Problems in Epistemology,PHIL,Philosophy,338
PHIL 340,Kant and Hegel,PHIL,Philosophy,340
PHIL 341,20th-Century European Philosophy,PHIL,Philosophy,341
PHIL 345,"Power, Critique and Emancipation",PHIL,Philosophy,345
PHIL 351,Philosophy and the Environment,PHIL,Philosophy,351
PHIL 360,Philosophy of Science,PHIL,Philosophy,360
PHIL 361,Metaphysics,PHIL,Philosophy,361
PHIL 363,Philosophy of Biology,PHIL,Philosophy,363
PHIL 368,Ethical Theory,PHIL,Philosophy,368
PHIL 703,Philosophy of Religion,PHIL,Philosophy,703
PHIL 704,Ancient/Medieval Philosophy 1,PHIL,Philosophy,704
PHIL 705,Ancient/Medieval Philosophy 2,PHIL,Philosophy,705
PHIL 706,Logic 2,PHIL,Philosophy,706
PHIL 707,Political Philosophy 2,PHIL,Philosophy,707
PHIL 708,European Continental Philosophy 2,PHIL,Philosophy,708
PHIL 720,Special Studies,PHIL,Philosophy,720
PHIL 720A,Special Studies,PHIL,Philosophy,720A
PHIL 720B,Special Studies,PHIL,Philosophy,720B
PHIL 722,Special Topic,PHIL,Philosophy,722
PHIL 723,Special Topic,PHIL,Philosophy,723
PHIL 724,Special Topic,PHIL,Philosophy,724
PHIL 726,Ethics 1,PHIL,Philosophy,726
PHIL 727,Ethics 2,PHIL,Philosophy,727
PHIL 728,Political Philosophy 1,PHIL,Philosophy,728
PHIL 736,Logic 1,PHIL,Philosophy,736
PHIL 739,Philosophy of Language,PHIL,Philosophy,739
PHIL 749,Philosophy of Science 1,PHIL,Philosophy,749
PHIL 750,Philosophy of Science 2,PHIL,Philosophy,750
PHIL 757,European Continental Philosophy 1,PHIL,Philosophy,757
PHIL 759,European Continental Philosophy 3,PHIL,Philosophy,759
PHIL 765,Special Topic,PHIL,Philosophy,765
PHIL 782,Research Project,PHIL,Philosophy,782
PHIL 782A,Research Project,PHIL,Philosophy,782A
PHIL 782B,Research Project,PHIL,Philosophy,782B
PHIL 792,Dissertation,PHIL,Philosophy,792
PHIL 792A,Dissertation,PHIL,Philosophy,792A
PHIL 792B,Dissertation,PHIL,Philosophy,792B
PHIL 793,Dissertation,PHIL,Philosophy,793
PHIL 793A,Dissertation,PHIL,Philosophy,793A
PHIL 793B,Dissertation,PHIL,Philosophy,793B
PHIL 796A,Thesis,PHIL,Philosophy,796A
PHIL 796B,Thesis,PHIL,Philosophy,796B
PHIL 797A,Research Portfolio,PHIL,Philosophy,797A
PHIL 797B,Research Portfolio,PHIL,Philosophy,797B
PHYSED 101,Games and Sport Education,PHYSED,Physical Education,101
PHYSED 102,Alternative Sport and Play,PHYSED,Physical Education,102
PHYSED 104,Aquatics and Water Safety,PHYSED,Physical Education,104
PHYSICS 102,Basic Concepts of Physics,PHYSICS,Physics,102
PHYSICS 120,Advancing Physics 1,PHYSICS,Physics,120
PHYSICS 121,Advancing Physics 2,PHYSICS,Physics,121
PHYSICS 140,Digital Fundamentals,PHYSICS,Physics,140
PHYSICS 160,Physics for the Life Sciences,PHYSICS,Physics,160
PHYSICS 201,Classical and Thermal Physics,PHYSICS,Physics,201
PHYSICS 202,Electromagnetism,PHYSICS,Physics,202
PHYSICS 203,Relativity and Quantum Physics,PHYSICS,Physics,203
PHYSICS 244,Electronics and Imaging,PHYSICS,Physics,244
PHYSICS 309,Special Study,PHYSICS,Physics,309
PHYSICS 331,Classical Mechanics and Electrodynamics,PHYSICS,Physics,331
PHYSICS 332,Fluid Mechanics,PHYSICS,Physics,332
PHYSICS 333,Lasers and Electromagnetic Waves,PHYSICS,Physics,333
PHYSICS 334,Statistical Physics and Condensed Matter,PHYSICS,Physics,334
PHYSICS 335,Quantum Mechanics,PHYSICS,Physics,335
PHYSICS 340,Electronics and Signal Processing,PHYSICS,Physics,340
PHYSICS 356,Particle Physics and Astrophysics,PHYSICS,Physics,356
PHYSICS 371,Special Topic,PHYSICS,Physics,371
PHYSICS 390,Experimental Physics,PHYSICS,Physics,390
PHYSICS 399,Capstone: Physics,PHYSICS,Physics,399
PHYSICS 624,Mechanics and Electrodynamics,PHYSICS,Physics,624
PHYSICS 625,Lasers and Electromagnetic Waves,PHYSICS,Physics,625
PHYSICS 626,Quantum Physics,PHYSICS,Physics,626
PHYSICS 681,Directed Study,PHYSICS,Physics,681
PHYSICS 690A,Graduate Diploma Research Project,PHYSICS,Physics,690A
PHYSICS 690B,Graduate Diploma Research Project,PHYSICS,Physics,690B
PHYSICS 691,Postgraduate Diploma Research Project,PHYSICS,Physics,691
PHYSICS 691A,Postgraduate Diploma Research Project,PHYSICS,Physics,691A
PHYSICS 691B,Postgraduate Diploma Research Project,PHYSICS,Physics,691B
PHYSICS 703,Advanced Quantum Mechanics,PHYSICS,Physics,703
PHYSICS 715,Directed Study,PHYSICS,Physics,715
PHYSICS 741,Advanced Classical Mechanics and Electrodynamics,PHYSICS,Physics,741
PHYSICS 742,Advanced Statistical Mechanics and Condensed Matter,PHYSICS,Physics,742
PHYSICS 743,Waves and Potentials,PHYSICS,Physics,743
PHYSICS 746,Relativistic Quantum Mechanics and Field Theory,PHYSICS,Physics,746
PHYSICS 748,General Relativity,PHYSICS,Physics,748
PHYSICS 751,Special Topic.,PHYSICS,Physics,751
PHYSICS 752,Photonics,PHYSICS,Physics,752
PHYSICS 753,The Dynamic Universe,PHYSICS,Physics,753
PHYSICS 754,Condensed Matter Physics,PHYSICS,Physics,754
PHYSICS 757,Quantum Optics and Quantum Information,PHYSICS,Physics,757
PHYSICS 780,Advanced Imaging Technologies,PHYSICS,Physics,780
PHYSICS 786,BAdvSci(Hons) Dissertation in Physics,PHYSICS,Physics,786
PHYSICS 786A,BAdvSci(Hons) Dissertation in Physics,PHYSICS,Physics,786A
PHYSICS 786B,BAdvSci(Hons) Dissertation in Physics,PHYSICS,Physics,786B
PHYSICS 787,Dissertation,PHYSICS,Physics,787
PHYSICS 787A,Dissertation,PHYSICS,Physics,787A
PHYSICS 787B,Dissertation,PHYSICS,Physics,787B
PHYSICS 788,Project in Physics,PHYSICS,Physics,788
PHYSICS 789,Honours Research Project,PHYSICS,Physics,789
PHYSICS 789A,Honours Research Project,PHYSICS,Physics,789A
PHYSICS 789B,Honours Research Project,PHYSICS,Physics,789B
PHYSICS 791,Special Topic,PHYSICS,Physics,791
PHYSICS 792,Special Topic,PHYSICS,Physics,792
PHYSICS 796A,MSc Thesis in Physics,PHYSICS,Physics,796A
PHYSICS 796B,MSc Thesis in Physics,PHYSICS,Physics,796B
PHYSIOL 399,Capstone: Physiology,PHYSIOL,Physiology,399
PHYSIOL 787,Dissertation,PHYSIOL,Physiology,787
PHYSIOL 787A,Dissertation,PHYSIOL,Physiology,787A
PHYSIOL 787B,Dissertation,PHYSIOL,Physiology,787B
PHYSIOL 796A,MSc Thesis in Physiology,PHYSIOL,Physiology,796A
PHYSIOL 796B,MSc Thesis in Physiology,PHYSIOL,Physiology,796B
POLICY 700,Special Topic: Statistics and Data Analysis,POLICY,Public Policy,700
POLICY 701,Policy Analysis and Evaluation,POLICY,Public Policy,701
POLICY 702,Economics of Policy,POLICY,Public Policy,702
POLICY 703,Quantitative Methods and Analysis for Public Policy,POLICY,Public Policy,703
POLICY 737,Applied Policy Project,POLICY,Public Policy,737
POLICY 740,"Policy Design, Analysis and Implementation",POLICY,Public Policy,740
POLICY 741,Government and Policy: New Zealand Compared,POLICY,Public Policy,741
POLICY 742,Statistics and Data Analysis for Policy,POLICY,Public Policy,742
POLICY 743,"Economics, Budgets and Bureaucrats",POLICY,Public Policy,743
POLICY 744,Policy in Practice,POLICY,Public Policy,744
POLICY 745,"Policy Research, Evaluation and Practice - Level 9",POLICY,Public Policy,745
POLICY 790,Research Project,POLICY,Public Policy,790
POLICY 790A,Research Project,POLICY,Public Policy,790A
POLICY 790B,Research Project,POLICY,Public Policy,790B
POLICY 792,Dissertation,POLICY,Public Policy,792
POLICY 792A,Dissertation,POLICY,Public Policy,792A
POLICY 792B,Dissertation,POLICY,Public Policy,792B
POLICY 793,Dissertation,POLICY,Public Policy,793
POLICY 793A,Dissertation,POLICY,Public Policy,793A
POLICY 793B,Dissertation,POLICY,Public Policy,793B
POLICY 794A,Thesis,POLICY,Public Policy,794A
POLICY 794B,Thesis,POLICY,Public Policy,794B
POLICY 795,Dissertation - Level 9,POLICY,Public Policy,795
POLICY 795A,Dissertation - Level 9,POLICY,Public Policy,795A
POLICY 795B,Dissertation - Level 9,POLICY,Public Policy,795B
POLICY 796,Research Project - Level 9,POLICY,Public Policy,796
POLITICS (320),Theories of Justice ** available as of 01/01/2027,POLITICS,Politics & International Rels,(320)
POLITICS 106,Global Politics,POLITICS,Politics & International Rels,106
POLITICS 107,New Zealand Politics,POLITICS,Politics & International Rels,107
POLITICS 109,Foundations of Western Politics and Law,POLITICS,Politics & International Rels,109
POLITICS 201,Globalisation and International Organisations,POLITICS,Politics & International Rels,201
POLITICS 202,Democrats and Dictators,POLITICS,Politics & International Rels,202
POLITICS 203,Special Topic,POLITICS,Politics & International Rels,203
POLITICS 207,"Media, Conflict and Peace",POLITICS,Politics & International Rels,207
POLITICS 209,Modern Political Thought,POLITICS,Politics & International Rels,209
POLITICS 210,Special Topic,POLITICS,Politics & International Rels,210
POLITICS 211,Politics of China,POLITICS,Politics & International Rels,211
POLITICS 216,Special Topic,POLITICS,Politics & International Rels,216
POLITICS 218,American Politics and Public Policy,POLITICS,Politics & International Rels,218
POLITICS 222,"Public Policy: Actors, Processes and Politics",POLITICS,Politics & International Rels,222
POLITICS 229,Mana Māori Motuhake / Māori Politics and Public Policy,POLITICS,Politics & International Rels,229
POLITICS 233,"Politics, Media and Public Sphere",POLITICS,Politics & International Rels,233
POLITICS 236,Special Topic: Aotearoa New Zealand Compared,POLITICS,Politics & International Rels,236
POLITICS 254,China and the World,POLITICS,Politics & International Rels,254
POLITICS 256,Critical Security Studies,POLITICS,Politics & International Rels,256
POLITICS 301,Toleration and Censorship,POLITICS,Politics & International Rels,301
POLITICS 303,War and Political Violence,POLITICS,Politics & International Rels,303
POLITICS 304,Special Topic,POLITICS,Politics & International Rels,304
POLITICS 311,Gender and Global Politics,POLITICS,Politics & International Rels,311
POLITICS 313,Governing Planet Earth,POLITICS,Politics & International Rels,313
POLITICS 314,Democracy in Theory and Practice,POLITICS,Politics & International Rels,314
POLITICS 315,The Practice of Politics,POLITICS,Politics & International Rels,315
POLITICS 316,Capitalism and its Critics,POLITICS,Politics & International Rels,316
POLITICS 320,Social Justice,POLITICS,Politics & International Rels,320
POLITICS 345,Political Marketing,POLITICS,Politics & International Rels,345
POLITICS 346,Terrorism,POLITICS,Politics & International Rels,346
POLITICS 347,American Politics and Public Policy,POLITICS,Politics & International Rels,347
POLITICS 356,Ethno-Political Violence: Hate Crimes to Genocide,POLITICS,Politics & International Rels,356
POLITICS 358,Special Topic,POLITICS,Politics & International Rels,358
POLITICS 701,Research Design in Empirical Political Inquiry,POLITICS,Politics & International Rels,701
POLITICS 702,Transitional Justice: From Retribution to Reconciliation,POLITICS,Politics & International Rels,702
POLITICS 704,Political Management in Government,POLITICS,Politics & International Rels,704
POLITICS 706,International Relations in Asia,POLITICS,Politics & International Rels,706
POLITICS 708,Theorising International Relations,POLITICS,Politics & International Rels,708
POLITICS 709,Political Extremism,POLITICS,Politics & International Rels,709
POLITICS 710,The Security-Development Nexus,POLITICS,Politics & International Rels,710
POLITICS 711,Bodies in/at War,POLITICS,Politics & International Rels,711
POLITICS 722,Special Topic,POLITICS,Politics & International Rels,722
POLITICS 724,Identity and the Politics of Multiculturalism,POLITICS,Politics & International Rels,724
POLITICS 731,The Engendering of Global Conflict,POLITICS,Politics & International Rels,731
POLITICS 733,Special Topic,POLITICS,Politics & International Rels,733
POLITICS 737,Directed Research,POLITICS,Politics & International Rels,737
POLITICS 737A,Directed Research,POLITICS,Politics & International Rels,737A
POLITICS 737B,Directed Research,POLITICS,Politics & International Rels,737B
POLITICS 740,"Revolutions, Ideas and Media",POLITICS,Politics & International Rels,740
POLITICS 741,Ethics and Health Policy,POLITICS,Politics & International Rels,741
POLITICS 750,International Relations and Human Rights,POLITICS,Politics & International Rels,750
POLITICS 756,New Zealand Government,POLITICS,Politics & International Rels,756
POLITICS 757,Comparative Public Policy,POLITICS,Politics & International Rels,757
POLITICS 770,Ethnic Conflict and Civil War,POLITICS,Politics & International Rels,770
POLITICS 774,Politics-Policy Internship,POLITICS,Politics & International Rels,774
POLITICS 775,Special Topic,POLITICS,Politics & International Rels,775
POLITICS 776,Media and Politics in an Age of Globalisation,POLITICS,Politics & International Rels,776
POLITICS 777,Politics of Terrorism and Counterterrorism,POLITICS,Politics & International Rels,777
POLITICS 780,Research Project,POLITICS,Politics & International Rels,780
POLITICS 780A,Research Project,POLITICS,Politics & International Rels,780A
POLITICS 780B,Research Project,POLITICS,Politics & International Rels,780B
POLITICS 789,Dissertation in International Relations and Human Rights,POLITICS,Politics & International Rels,789
POLITICS 789A,Dissertation in International Relations and Human Rights,POLITICS,Politics & International Rels,789A
POLITICS 789B,Dissertation in International Relations and Human Rights,POLITICS,Politics & International Rels,789B
POLITICS 792,Dissertation,POLITICS,Politics & International Rels,792
POLITICS 792A,Dissertation,POLITICS,Politics & International Rels,792A
POLITICS 792B,Dissertation,POLITICS,Politics & International Rels,792B
POLITICS 793,Dissertation,POLITICS,Politics & International Rels,793
POLITICS 793A,Dissertation,POLITICS,Politics & International Rels,793A
POLITICS 793B,Dissertation,POLITICS,Politics & International Rels,793B
POLITICS 794A,Thesis,POLITICS,Politics & International Rels,794A
POLITICS 794B,Thesis,POLITICS,Politics & International Rels,794B
POLITICS 796A,Thesis,POLITICS,Politics & International Rels,796A
POLITICS 796B,Thesis,POLITICS,Politics & International Rels,796B
POLYMER 700,Polymer Materials Engineering,POLYMER,Polymer Engineering,700
POLYMER 704,Advanced Polymer Processing,POLYMER,Polymer Engineering,704
POLYMER 705,Polymer Process and Product Design,POLYMER,Polymer Engineering,705
POLYMER 706,Polymer Testing and Characterisation,POLYMER,Polymer Engineering,706
POPLHLTH (112),Introduction to Health Systems and Data Analytics ** available as of 01/11/2026,POPLHLTH,Population Health,(112)
POPLHLTH (113),Introduction to Community Health ** available as of 01/11/2026,POPLHLTH,Population Health,(113)
POPLHLTH (217),Health Data Science ** available as of 01/11/2026,POPLHLTH,Population Health,(217)
POPLHLTH (218),Understanding Health Systems ** available as of 01/11/2026,POPLHLTH,Population Health,(218)
POPLHLTH (219),Health Promotion and Community Development ** available as of 01/11/2026,POPLHLTH,Population Health,(219)
POPLHLTH (220),Evidence and Community Health ** available as of 01/11/2026,POPLHLTH,Population Health,(220)
POPLHLTH (299),"Exploring Population Health Challenges: Research, Ethics and Equity ** available as of 01/11/2026",POPLHLTH,Population Health,(299)
POPLHLTH (318),Epidemiology and Health Data Science ** available as of 01/11/2026,POPLHLTH,Population Health,(318)
POPLHLTH (319),Improving Health Systems ** available as of 01/11/2026,POPLHLTH,Population Health,(319)
POPLHLTH (320),Digital Health ** available as of 01/11/2026,POPLHLTH,Population Health,(320)
POPLHLTH (321),Health Policy and Power ** available as of 01/11/2026,POPLHLTH,Population Health,(321)
POPLHLTH (322),Praxis and Practice in Health Promotion and Community Development ** available as of 01/11/2026,POPLHLTH,Population Health,(322)
POPLHLTH (323),Mental Health and Addictions ** available as of 01/11/2026,POPLHLTH,Population Health,(323)
POPLHLTH (324),Global Health and Sustainable Development ** available as of 01/11/2026,POPLHLTH,Population Health,(324)
POPLHLTH (325),Health Economics ** available as of 01/11/2026,POPLHLTH,Population Health,(325)
POPLHLTH (398),Capstone: Population Health in Practice ** available as of 01/11/2026,POPLHLTH,Population Health,(398)
POPLHLTH (399),Capstone: Workplace Placement in Population Health ** available as of 01/11/2026,POPLHLTH,Population Health,(399)
POPLHLTH 101,Introduction to Health Systems,POPLHLTH,Population Health,101
POPLHLTH 102,Social Determinants of Health,POPLHLTH,Population Health,102
POPLHLTH 103G,Epidemics: Black Death to Bioterrorism,POPLHLTH,Population Health,103G
POPLHLTH 111,Population Health,POPLHLTH,Population Health,111
POPLHLTH 202,Research Methods in Health,POPLHLTH,Population Health,202
POPLHLTH 203,Health Promotion: Philosophy and Practice,POPLHLTH,Population Health,203
POPLHLTH 204,Health Care Ethics,POPLHLTH,Population Health,204
POPLHLTH 206,Life Cycle Nutrition,POPLHLTH,Population Health,206
POPLHLTH 207,Community and Cultural Development,POPLHLTH,Population Health,207
POPLHLTH 208,Mental Health Development,POPLHLTH,Population Health,208
POPLHLTH 210,Equity and Inequalities in Health,POPLHLTH,Population Health,210
POPLHLTH 211,Introduction to Environmental Health,POPLHLTH,Population Health,211
POPLHLTH 212,Bio-behavioural Aspects of Drug Use,POPLHLTH,Population Health,212
POPLHLTH 213,Positioning Pacific Health,POPLHLTH,Population Health,213
POPLHLTH 214,Special Topic,POPLHLTH,Population Health,214
POPLHLTH 215,Dynamics of Health Systems,POPLHLTH,Population Health,215
POPLHLTH 216,Quantitative Methods in Health,POPLHLTH,Population Health,216
POPLHLTH 300,Health Sector Professional Competencies,POPLHLTH,Population Health,300
POPLHLTH 301,Strengthening Health Systems,POPLHLTH,Population Health,301
POPLHLTH 302,Health Services Placement,POPLHLTH,Population Health,302
POPLHLTH 303,Health Informatics,POPLHLTH,Population Health,303
POPLHLTH 304,Principles of Applied Epidemiology,POPLHLTH,Population Health,304
POPLHLTH 305,Community Nutrition,POPLHLTH,Population Health,305
POPLHLTH 306,Health Promotion 2,POPLHLTH,Population Health,306
POPLHLTH 307,Communities and Addictions,POPLHLTH,Population Health,307
POPLHLTH 311,Shaping Health Policy,POPLHLTH,Population Health,311
POPLHLTH 312,Health and Pacific People in NZ,POPLHLTH,Population Health,312
POPLHLTH 313,Health in Asian Communities,POPLHLTH,Population Health,313
POPLHLTH 315,Special Topic: Systematic Reviews and Meta-analysis,POPLHLTH,Population Health,315
POPLHLTH 316,Translating Health Information,POPLHLTH,Population Health,316
POPLHLTH 701,Research Methods in Health,POPLHLTH,Population Health,701
POPLHLTH 704,Undertaking Qualitative Health Research,POPLHLTH,Population Health,704
POPLHLTH 705,Health Programme Evaluation,POPLHLTH,Population Health,705
POPLHLTH 706,Statistics in Health Science,POPLHLTH,Population Health,706
POPLHLTH 708,Epidemiology,POPLHLTH,Population Health,708
POPLHLTH 709,Evidence for Best Practice,POPLHLTH,Population Health,709
POPLHLTH 711,Systematic Reviews and Meta-analysis,POPLHLTH,Population Health,711
POPLHLTH 715,Global Public Health,POPLHLTH,Population Health,715
POPLHLTH 718,Health and Public Policy,POPLHLTH,Population Health,718
POPLHLTH 719,Health Economics,POPLHLTH,Population Health,719
POPLHLTH 720,Cost Effectiveness Evaluation,POPLHLTH,Population Health,720
POPLHLTH 722,Organisation of Health Systems,POPLHLTH,Population Health,722
POPLHLTH 724,Quality in Health Care,POPLHLTH,Population Health,724
POPLHLTH 725,Environmental Health,POPLHLTH,Population Health,725
POPLHLTH 726,Health Protection,POPLHLTH,Population Health,726
POPLHLTH 733,Health Promotion Theory and Models,POPLHLTH,Population Health,733
POPLHLTH 734,Health Promotion Strategies,POPLHLTH,Population Health,734
POPLHLTH 735,Mental Health Development: Theory and Principles,POPLHLTH,Population Health,735
POPLHLTH 736,Mental Health Promotion,POPLHLTH,Population Health,736
POPLHLTH 737,"Alcohol, Tobacco and Other Drug Studies",POPLHLTH,Population Health,737
POPLHLTH 738,Biology of Addiction,POPLHLTH,Population Health,738
POPLHLTH 739,Pacific Health,POPLHLTH,Population Health,739
POPLHLTH 751,Special Studies,POPLHLTH,Population Health,751
POPLHLTH 758,Theoretical Concepts of Health,POPLHLTH,Population Health,758
POPLHLTH 760,Principles of Public Health,POPLHLTH,Population Health,760
POPLHLTH 763,Human Vaccinology,POPLHLTH,Population Health,763
POPLHLTH 765,Nutrition Interventions in Public Health,POPLHLTH,Population Health,765
POPLHLTH 766,Special Topic,POPLHLTH,Population Health,766
POPLHLTH 767,Health Services Research Methods,POPLHLTH,Population Health,767
POPLHLTH 768,Special Studies in Addiction and Mental Health,POPLHLTH,Population Health,768
POPLHLTH 769,Interpersonal and Family Violence,POPLHLTH,Population Health,769
POPLHLTH 770,Special Topic,POPLHLTH,Population Health,770
POPLHLTH 774,Addictive Consumptions and Public Health,POPLHLTH,Population Health,774
POPLHLTH 776,Public Health in Practice,POPLHLTH,Population Health,776
POPLHLTH 777,"Ethics, Culture and Societal Approaches to Death and Dying",POPLHLTH,Population Health,777
POPLHLTH 780,Dissertation,POPLHLTH,Population Health,780
POPLHLTH 780A,Dissertation,POPLHLTH,Population Health,780A
POPLHLTH 780B,Dissertation,POPLHLTH,Population Health,780B
POPLHLTH 790,Dissertation,POPLHLTH,Population Health,790
POPLHLTH 790A,Dissertation,POPLHLTH,Population Health,790A
POPLHLTH 790B,Dissertation,POPLHLTH,Population Health,790B
POPLHLTH 796A,Thesis,POPLHLTH,Population Health,796A
POPLHLTH 796B,Thesis,POPLHLTH,Population Health,796B
POPLPRAC 702,Adult Mental Health and CBT Skills for Primary Care,POPLPRAC,Population Health Practice,702
POPLPRAC 707,Theory and Skills in Counselling Practice,POPLPRAC,Population Health Practice,707
POPLPRAC 708A,Assessment and Intervention with Addiction,POPLPRAC,Population Health Practice,708A
POPLPRAC 708B,Assessment and Intervention with Addiction,POPLPRAC,Population Health Practice,708B
POPLPRAC 712,Project Planning for Lifestyle Change,POPLPRAC,Population Health Practice,712
POPLPRAC 756,Adult Rehabilitation Studies,POPLPRAC,Population Health Practice,756
POPLPRAC 758,Biology of Ageing,POPLPRAC,Population Health Practice,758
POPLPRAC 759,Engaging Pasifika Communities in Health,POPLPRAC,Population Health Practice,759
POPLPRAC 761,Mental Health in Old Age,POPLPRAC,Population Health Practice,761
POPLPRAC 765,Coexisting Problems: Theory and Principles,POPLPRAC,Population Health Practice,765
POPLPRAC 766,Special Topic in Palliative Care,POPLPRAC,Population Health Practice,766
POPLPRAC 767,Dementia Care,POPLPRAC,Population Health Practice,767
POPLPRAC 770,Special Topic,POPLPRAC,Population Health Practice,770
POPLPRAC 771,Special Topic: Multimorbidity and Complexity of Medicines Use in Older People,POPLPRAC,Population Health Practice,771
POPLPRAC 772,Symptom Management in Palliative Care,POPLPRAC,Population Health Practice,772
POPLPRAC 773,Challenges in Symptom Management in Palliative Care,POPLPRAC,Population Health Practice,773
POPLPRAC 774,Psychosocial Issues in Palliative Care,POPLPRAC,Population Health Practice,774
PROFCOUN 700,Counselling In Youth Mentoring,PROFCOUN,Professional Counselling,700
PROFCOUN 701A,Counselling Laboratory,PROFCOUN,Professional Counselling,701A
PROFCOUN 701B,Counselling Laboratory,PROFCOUN,Professional Counselling,701B
PROFCOUN 702,Special Topic,PROFCOUN,Professional Counselling,702
PROFCOUN 703,Special Study,PROFCOUN,Professional Counselling,703
PROFCOUN 705A,The Counselling Process,PROFCOUN,Professional Counselling,705A
PROFCOUN 705B,The Counselling Process,PROFCOUN,Professional Counselling,705B
PROFCOUN 706,Cultural Issues in Counselling,PROFCOUN,Professional Counselling,706
PROFCOUN 707,Specialist Counselling Skills and Approaches,PROFCOUN,Professional Counselling,707
PROFCOUN 708,Professional Issues in Counselling,PROFCOUN,Professional Counselling,708
PROFCOUN 711,Counselling Practicum,PROFCOUN,Professional Counselling,711
PROFCOUN 711A,Counselling Practicum,PROFCOUN,Professional Counselling,711A
PROFCOUN 711B,Counselling Practicum,PROFCOUN,Professional Counselling,711B
PROFCOUN 730,Advanced Counselling Practicum,PROFCOUN,Professional Counselling,730
PROFCOUN 730A,Advanced Counselling Practicum,PROFCOUN,Professional Counselling,730A
PROFCOUN 730B,Advanced Counselling Practicum,PROFCOUN,Professional Counselling,730B
PROFCOUN 732,Professional Counselling Capstone Project,PROFCOUN,Professional Counselling,732
PROFCOUN 732A,Professional Counselling Capstone Project,PROFCOUN,Professional Counselling,732A
PROFCOUN 732B,Professional Counselling Capstone Project,PROFCOUN,Professional Counselling,732B
PROFCOUN 795A,Research Portfolio,PROFCOUN,Professional Counselling,795A
PROFCOUN 795B,Research Portfolio,PROFCOUN,Professional Counselling,795B
PROFCOUN 796A,Thesis,PROFCOUN,Professional Counselling,796A
PROFCOUN 796B,Thesis,PROFCOUN,Professional Counselling,796B
PROFSUPV 700,The Practice of Professional Supervision,PROFSUPV,Professional Supervision,700
PROFSUPV 701,Advanced Approaches in Professional Supervision - Level 9,PROFSUPV,Professional Supervision,701
PROFSUPV 707,Supervision Folio,PROFSUPV,Professional Supervision,707
PROFSUPV 710,Stress and Trauma in Health and Human Services,PROFSUPV,Professional Supervision,710
PROFSUPV 712,Critical Approaches in Reflective Supervision,PROFSUPV,Professional Supervision,712
PROFSUPV 714,Managing and Developing People in Human Services,PROFSUPV,Professional Supervision,714
PROFSUPV 715,Practice Teaching and Learning,PROFSUPV,Professional Supervision,715
PROFSUPV 716,Group Supervision,PROFSUPV,Professional Supervision,716
PROFSUPV 717,Special Study,PROFSUPV,Professional Supervision,717
PROFSUPV 718,Special Topic,PROFSUPV,Professional Supervision,718
PROFSUPV 720,Professional Supervision Capstone Project,PROFSUPV,Professional Supervision,720
PROFSUPV 793,Dissertation,PROFSUPV,Professional Supervision,793
PROFSUPV 793A,Dissertation,PROFSUPV,Professional Supervision,793A
PROFSUPV 793B,Dissertation,PROFSUPV,Professional Supervision,793B
PROFSUPV 794A,Thesis,PROFSUPV,Professional Supervision,794A
PROFSUPV 794B,Thesis,PROFSUPV,Professional Supervision,794B
PROPERTY 102,Introduction to Property,PROPERTY,Property,102
PROPERTY 211,Property Valuation,PROPERTY,Property,211
PROPERTY 221,Property Marketing,PROPERTY,Property,221
PROPERTY 231,Property Management,PROPERTY,Property,231
PROPERTY 241,Planning and Development,PROPERTY,Property,241
PROPERTY 251,Property Finance and Investment,PROPERTY,Property,251
PROPERTY 261,Property Economics,PROPERTY,Property,261
PROPERTY 271,Property Law,PROPERTY,Property,271
PROPERTY 281,Building Construction,PROPERTY,Property,281
PROPERTY 300,Directed Study,PROPERTY,Property,300
PROPERTY 311,Advanced Valuation,PROPERTY,Property,311
PROPERTY 331,Advanced Property Management,PROPERTY,Property,331
PROPERTY 342,Property Development,PROPERTY,Property,342
PROPERTY 351,Advanced Property Finance and Investment,PROPERTY,Property,351
PROPERTY 360,Property Simulation,PROPERTY,Property,360
PROPERTY 361,Property Industry Case,PROPERTY,Property,361
PROPERTY 362,Property Industry Project,PROPERTY,Property,362
PROPERTY 363,Internship and Report,PROPERTY,Property,363
PROPERTY 364,Research Project,PROPERTY,Property,364
PROPERTY 370,Building Surveying,PROPERTY,Property,370
PROPERTY 371,Property Project,PROPERTY,Property,371
PROPERTY 380,Property Issues and Trends,PROPERTY,Property,380
PROPERTY 382,Māori Land Issues,PROPERTY,Property,382
PROPERTY 384,Property Technology,PROPERTY,Property,384
PROPERTY 385,"Special Topic: Money, Land and Housing",PROPERTY,Property,385
PROPERTY 700,Directed Study,PROPERTY,Property,700
PROPERTY 713,Property Valuation and Analysis,PROPERTY,Property,713
PROPERTY 720,Property Professional Practice and Consulting,PROPERTY,Property,720
PROPERTY 730,Property Innovation and Technology,PROPERTY,Property,730
PROPERTY 743,Property Economics and Sustainable Development,PROPERTY,Property,743
PROPERTY 753,Property Finance and Management,PROPERTY,Property,753
PROPERTY 785,Special Topic,PROPERTY,Property,785
PROPERTY 786,"Special Topic: Money, Land and Housing",PROPERTY,Property,786
PROPERTY 789,Research Project,PROPERTY,Property,789
PROPERTY 790,Research Essay,PROPERTY,Property,790
PROPERTY 791,Dissertation,PROPERTY,Property,791
PROPERTY 791A,Dissertation,PROPERTY,Property,791A
PROPERTY 791B,Dissertation,PROPERTY,Property,791B
PROPERTY 794A,Thesis,PROPERTY,Property,794A
PROPERTY 794B,Thesis,PROPERTY,Property,794B
PROPERTY 796A,Thesis for MProp,PROPERTY,Property,796A
PROPERTY 796B,Thesis for MProp,PROPERTY,Property,796B
PROPPRAC 700,Management and Marketing,PROPPRAC,Property Practice,700
PROPPRAC 701,Sustainable Construction,PROPPRAC,Property Practice,701
PROPPRAC 702,Planning and Development,PROPPRAC,Property Practice,702
PROPPRAC 703,Law and Governance,PROPPRAC,Property Practice,703
PROPPRAC 704,Property Market Dynamics,PROPPRAC,Property Practice,704
PROPPRAC 705,Investment and Finance,PROPPRAC,Property Practice,705
PROPPRAC 706,Valuation,PROPPRAC,Property Practice,706
PROPPRAC 707,Property Technology,PROPPRAC,Property Practice,707
PROPPRAC 708,Advanced Valuation,PROPPRAC,Property Practice,708
PROPPRAC 709,Advanced Property Analytics,PROPPRAC,Property Practice,709
PROPPRAC 778,Capstone Project,PROPPRAC,Property Practice,778
PROPPRAC 778A,Capstone Project,PROPPRAC,Property Practice,778A
PROPPRAC 778B,Capstone Project,PROPPRAC,Property Practice,778B
PROPPRAC 779,Capstone Project,PROPPRAC,Property Practice,779
PROPPRAC 779A,Capstone Project,PROPPRAC,Property Practice,779A
PROPPRAC 779B,Capstone Project,PROPPRAC,Property Practice,779B
PSYCH (200),Developmental Psychology in Context ** available as of 01/01/2027,PSYCH,Psychology,(200)
PSYCH (202),Biopsychology and Perception ** available as of 01/01/2027,PSYCH,Psychology,(202)
PSYCH (203),Behaving and Thinking ** available as of 01/01/2027,PSYCH,Psychology,(203)
PSYCH (204),Social Psychology and Culture ** available as of 01/01/2027,PSYCH,Psychology,(204)
PSYCH 108,"Individual, Social and Applied Psychology",PSYCH,Psychology,108
PSYCH 109,"Mind, Brain and Behaviour",PSYCH,Psychology,109
PSYCH 109G,"Mind, Brain and Behaviour",PSYCH,Psychology,109G
PSYCH 200,Foundations of Developmental Psychology,PSYCH,Psychology,200
PSYCH 201,Perception and Cognition,PSYCH,Psychology,201
PSYCH 202,Biopsychology,PSYCH,Psychology,202
PSYCH 203,Behavioural Psychology,PSYCH,Psychology,203
PSYCH 204,Social Psychology,PSYCH,Psychology,204
PSYCH 207,Theories of Personality and Development,PSYCH,Psychology,207
PSYCH 208,Producing Psychological Knowledge,PSYCH,Psychology,208
PSYCH 209,Special Topic,PSYCH,Psychology,209
PSYCH 211,Psychology for Society,PSYCH,Psychology,211
PSYCH 212,Special Topic,PSYCH,Psychology,212
PSYCH 300,Applied Psychology,PSYCH,Psychology,300
PSYCH 302,Special Topic,PSYCH,Psychology,302
PSYCH 303,Cognitive Science,PSYCH,Psychology,303
PSYCH 304,Special Topic,PSYCH,Psychology,304
PSYCH 305,Human Neuroscience,PSYCH,Psychology,305
PSYCH 306,Research Methods in Psychology,PSYCH,Psychology,306
PSYCH 308,Directed Study,PSYCH,Psychology,308
PSYCH 308A,Directed Study,PSYCH,Psychology,308A
PSYCH 308B,Directed Study,PSYCH,Psychology,308B
PSYCH 309,Learning,PSYCH,Psychology,309
PSYCH 310,Introduction to Clinical Psychology,PSYCH,Psychology,310
PSYCH 311,Advanced Topics in Social Psychology,PSYCH,Psychology,311
PSYCH 313,Psychology of Communication,PSYCH,Psychology,313
PSYCH 315,Special Topic,PSYCH,Psychology,315
PSYCH 317,"Evolution, Behaviour and Cognition",PSYCH,Psychology,317
PSYCH 319,Psychology and Gender,PSYCH,Psychology,319
PSYCH 320,Culture and Psychology,PSYCH,Psychology,320
PSYCH 323,Changes across the Lifespan,PSYCH,Psychology,323
PSYCH 324,The Behaving Brain,PSYCH,Psychology,324
PSYCH 325,Social Processes,PSYCH,Psychology,325
PSYCH 326,Life Span Development,PSYCH,Psychology,326
PSYCH 327,Special Topic,PSYCH,Psychology,327
PSYCH 328,Special Topic,PSYCH,Psychology,328
PSYCH 370,Research Project,PSYCH,Psychology,370
PSYCH 370A,Research Project,PSYCH,Psychology,370A
PSYCH 370B,Research Project,PSYCH,Psychology,370B
PSYCH 399,Capstone: Communicating Psychology,PSYCH,Psychology,399
PSYCH 651A,Practicum,PSYCH,Psychology,651A
PSYCH 651B,Practicum,PSYCH,Psychology,651B
PSYCH 690A,Graduate Diploma Research Project,PSYCH,Psychology,690A
PSYCH 690B,Graduate Diploma Research Project,PSYCH,Psychology,690B
PSYCH 691A,Postgraduate Diploma Research Project,PSYCH,Psychology,691A
PSYCH 691B,Postgraduate Diploma Research Project,PSYCH,Psychology,691B
PSYCH 700,Political Psychology,PSYCH,Psychology,700
PSYCH 707,Psychology of Offending,PSYCH,Psychology,707
PSYCH 708A,Clinical Neuropsychology,PSYCH,Psychology,708A
PSYCH 708B,Clinical Neuropsychology,PSYCH,Psychology,708B
PSYCH 714,Cognitive Neuroscience,PSYCH,Psychology,714
PSYCH 715,Psychology and Sustainability,PSYCH,Psychology,715
PSYCH 716,Social Psychology and Interpersonal Processes,PSYCH,Psychology,716
PSYCH 717,Community Psychology,PSYCH,Psychology,717
PSYCH 718,Psychotherapeutic Assessment and Formulation,PSYCH,Psychology,718
PSYCH 720,Directed Study,PSYCH,Psychology,720
PSYCH 720A,Directed Study,PSYCH,Psychology,720A
PSYCH 720B,Directed Study,PSYCH,Psychology,720B
PSYCH 721,Consciousness and Cognition,PSYCH,Psychology,721
PSYCH 722,Human Learning and Development,PSYCH,Psychology,722
PSYCH 723,Mental Health Problems: Aetiology and Assessment,PSYCH,Psychology,723
PSYCH 725,Evolution and Human Behaviour,PSYCH,Psychology,725
PSYCH 726,Emotion and Identity,PSYCH,Psychology,726
PSYCH 727,Functional MRI,PSYCH,Psychology,727
PSYCH 728,Portfolio in ABA,PSYCH,Psychology,728
PSYCH 728A,Portfolio in ABA,PSYCH,Psychology,728A
PSYCH 728B,Portfolio in ABA,PSYCH,Psychology,728B
PSYCH 730,Professional Psychology Practice in New Zealand,PSYCH,Psychology,730
PSYCH 731,Social Psychology and Intergroup Processes,PSYCH,Psychology,731
PSYCH 733,Critical Health Psychology,PSYCH,Psychology,733
PSYCH 736,Human Brain Mapping,PSYCH,Psychology,736
PSYCH 737,Work and Well-Being,PSYCH,Psychology,737
PSYCH 741,ABA: Communicating Behaviourally,PSYCH,Psychology,741
PSYCH 742,Neuroscience of Awareness,PSYCH,Psychology,742
PSYCH 743,Critical Qualitative Research in Aotearoa,PSYCH,Psychology,743
PSYCH 744,Experimental Design and Quantitative Methods for Psychology,PSYCH,Psychology,744
PSYCH 746,"Perception, Cognition, Action",PSYCH,Psychology,746
PSYCH 749,Applied Behaviour Analysis Ethics,PSYCH,Psychology,749
PSYCH 754,Developmental and Intellectual Disabilities,PSYCH,Psychology,754
PSYCH 755,"Gender, Power, and Sexuality",PSYCH,Psychology,755
PSYCH 756,Dynamics of Brain and Behaviour,PSYCH,Psychology,756
PSYCH 757,Advanced Applied Behaviour Analysis,PSYCH,Psychology,757
PSYCH 757A,Advanced Applied Behaviour Analysis,PSYCH,Psychology,757A
PSYCH 757B,Advanced Applied Behaviour Analysis,PSYCH,Psychology,757B
PSYCH 758,"Ethnicity, Identity and Culture",PSYCH,Psychology,758
PSYCH 759,Advanced Behavioural Psychology,PSYCH,Psychology,759
PSYCH 761,Organisational Psychology,PSYCH,Psychology,761
PSYCH 763,Portfolio of Professional Practice Reports,PSYCH,Psychology,763
PSYCH 763A,Portfolio of Professional Practice Reports,PSYCH,Psychology,763A
PSYCH 763B,Portfolio of Professional Practice Reports,PSYCH,Psychology,763B
PSYCH 764,Dual Process Theories of Human Cognition,PSYCH,Psychology,764
PSYCH 765,Special Topic: Pacific Psychologies,PSYCH,Psychology,765
PSYCH 766,Occupational Health Psychology,PSYCH,Psychology,766
PSYCH 767,Gender Violence,PSYCH,Psychology,767
PSYCH 768,Special Topic: Sex and Well-Being,PSYCH,Psychology,768
PSYCH 769,Special Topic: Developmental Psychology: A Critical Lens,PSYCH,Psychology,769
PSYCH 770,Behavioural Insights,PSYCH,Psychology,770
PSYCH 771A,Clinical Practice 1 and Professional Issues,PSYCH,Psychology,771A
PSYCH 771B,Clinical Practice 1 and Professional Issues,PSYCH,Psychology,771B
PSYCH 772A,Clinical Practice 2,PSYCH,Psychology,772A
PSYCH 772B,Clinical Practice 2,PSYCH,Psychology,772B
PSYCH 773A,Clinical Internship,PSYCH,Psychology,773A
PSYCH 773B,Clinical Internship,PSYCH,Psychology,773B
PSYCH 775,Special Topic: Visual Perception in Brains and Machines,PSYCH,Psychology,775
PSYCH 776,Special Topic: Psychology of Music,PSYCH,Psychology,776
PSYCH 777,Special Topic: Illusory Line Motion,PSYCH,Psychology,777
PSYCH 778,Topics in Sensation and Perception,PSYCH,Psychology,778
PSYCH 779A,Research and Communication Skills,PSYCH,Psychology,779A
PSYCH 779B,Research and Communication Skills,PSYCH,Psychology,779B
PSYCH 780A,Honours Research Project,PSYCH,Psychology,780A
PSYCH 780B,Honours Research Project,PSYCH,Psychology,780B
PSYCH 788A,Honours Dissertation in Psychology,PSYCH,Psychology,788A
PSYCH 788B,Honours Dissertation in Psychology,PSYCH,Psychology,788B
PSYCH 790,Dissertation in Organisational Psychology,PSYCH,Psychology,790
PSYCH 790A,Dissertation in Organisational Psychology,PSYCH,Psychology,790A
PSYCH 790B,Dissertation in Organisational Psychology,PSYCH,Psychology,790B
PSYCH 793,Dissertation,PSYCH,Psychology,793
PSYCH 793A,Dissertation,PSYCH,Psychology,793A
PSYCH 793B,Dissertation,PSYCH,Psychology,793B
PSYCH 794A,Thesis in Organisational Psychology,PSYCH,Psychology,794A
PSYCH 794B,Thesis in Organisational Psychology,PSYCH,Psychology,794B
PSYCH 796A,Masters Thesis in Psychology,PSYCH,Psychology,796A
PSYCH 796B,Masters Thesis in Psychology,PSYCH,Psychology,796B
PSYCH 800,Scientist-practitioner Model,PSYCH,Psychology,800
PSYCH 801,Scientist-practitioner Model 1,PSYCH,Psychology,801
PSYCH 802,Scientist-practitioner Model 2,PSYCH,Psychology,802
PSYCH 803,Internship,PSYCH,Psychology,803
PSYCH 897,Portfolio of Clinical Research,PSYCH,Psychology,897
PSYCH 899,Thesis,PSYCH,Psychology,899
PSYCHIAT 713,Special Study in Mental Health,PSYCHIAT,Psychiatry,713
PSYCHIAT 721,Special Topic,PSYCHIAT,Psychiatry,721
PSYCHIAT 722,Special Topic,PSYCHIAT,Psychiatry,722
PSYCHIAT 730,Early Childhood Mental Health,PSYCHIAT,Psychiatry,730
PSYCHIAT 730A,Early Childhood Mental Health,PSYCHIAT,Psychiatry,730A
PSYCHIAT 730B,Early Childhood Mental Health,PSYCHIAT,Psychiatry,730B
PSYCHIAT 740,Child and Adolescent Psychopathology,PSYCHIAT,Psychiatry,740
PSYCHIAT 741,Therapy in Child and Adolescent Mental Health – Theory,PSYCHIAT,Psychiatry,741
PSYCHIAT 747,Child and Adolescent Development,PSYCHIAT,Psychiatry,747
PSYCHIAT 766,Youth Addiction and Co-existing Problems,PSYCHIAT,Psychiatry,766
PSYCHIAT 767,Special Studies,PSYCHIAT,Psychiatry,767
PSYCHIAT 768,"Assessment, Formulation and Treatment Planning in ICAMH",PSYCHIAT,Psychiatry,768
PSYCHIAT 768A,"Assessment, Formulation and Treatment Planning in ICAMH",PSYCHIAT,Psychiatry,768A
PSYCHIAT 768B,"Assessment, Formulation and Treatment Planning in ICAMH",PSYCHIAT,Psychiatry,768B
PSYCHIAT 769,"CBT with Children, Adolescents and their Families 1",PSYCHIAT,Psychiatry,769
PSYCHIAT 770,"CBT with Children, Adolescents and their Families 2",PSYCHIAT,Psychiatry,770
PSYCHIAT 773,Youth Forensic Psychiatry,PSYCHIAT,Psychiatry,773
PSYCHIAT 773A,Youth Forensic Psychiatry,PSYCHIAT,Psychiatry,773A
PSYCHIAT 773B,Youth Forensic Psychiatry,PSYCHIAT,Psychiatry,773B
PSYCHIAT 774,Special Topic,PSYCHIAT,Psychiatry,774
PSYCHIAT 774A,Special Topic,PSYCHIAT,Psychiatry,774A
PSYCHIAT 774B,Special Topic,PSYCHIAT,Psychiatry,774B
PSYCHOL 700,"Special Topic: Wairua, Wellbeing and Cultural Considerations",PSYCHOL,Psychology,700
PSYCHOL 701,Special Topic,PSYCHOL,Psychology,701
PSYCHOL 702,The Science of Behaviour Analysis,PSYCHOL,Psychology,702
PSYCHOL 703,Clinical Behaviour Analysis,PSYCHOL,Psychology,703
PSYCHOL 793,Dissertation in Organisational Psychology,PSYCHOL,Psychology,793
PSYCHOL 793A,Dissertation in Organisational Psychology,PSYCHOL,Psychology,793A
PSYCHOL 793B,Dissertation in Organisational Psychology,PSYCHOL,Psychology,793B
PUTAIAO 200,Mātauranga and Kaupapa Māori Science,PUTAIAO,Pūtaiao,200
REGDEV 701,Regional Futures,REGDEV,Regional Development,701
REGDEV 702,Regional Regeneration and Wellbeing,REGDEV,Regional Development,702
RUSSIAN 100,Beginners' Russian 1,RUSSIAN,Russian,100
RUSSIAN 100G,Beginners' Russian 1,RUSSIAN,Russian,100G
RUSSIAN 101,Beginners' Russian 2,RUSSIAN,Russian,101
RUSSIAN 200,Intermediate Russian 1,RUSSIAN,Russian,200
RUSSIAN 201,Intermediate Russian 2,RUSSIAN,Russian,201
RUSSIAN 277,Russian Study Abroad 2A,RUSSIAN,Russian,277
RUSSIAN 278,Russian Study Abroad 2B,RUSSIAN,Russian,278
SAMOAN 101,Samoan Language 1,SAMOAN,Samoan,101
SAMOAN 101G,Samoan Language 1,SAMOAN,Samoan,101G
SAMOAN 201,Samoan Language 2,SAMOAN,Samoan,201
SAMOAN 203,Special Topic: Samoan Studies,SAMOAN,Samoan,203
SAMOAN 301,Samoan Language 3,SAMOAN,Samoan,301
SAMOAN 303,Special Topic,SAMOAN,Samoan,303
SCIENT 701,Accounting and Finance for Scientists,SCIENT,Science Enterprise,701
SCIENT 702,Marketing for Scientific and Technical Personnel,SCIENT,Science Enterprise,702
SCIENT 703,Frontiers in Biotechnology - Level 9,SCIENT,Science Enterprise,703
SCIENT 704,Law and Intellectual Property,SCIENT,Science Enterprise,704
SCIENT 705,Research Commercialisation,SCIENT,Science Enterprise,705
SCIENT 706,Commercialisation Project,SCIENT,Science Enterprise,706
SCIENT 707,Special Topic,SCIENT,Science Enterprise,707
SCIENT 720,Science Enterprise Research Methods,SCIENT,Science Enterprise,720
SCIENT 721,Product Development and Regulatory Environments,SCIENT,Science Enterprise,721
SCIENT 722,Current Issues in Bioscience Enterprise,SCIENT,Science Enterprise,722
SCIENT 794A,Thesis,SCIENT,Science Enterprise,794A
SCIENT 794B,Thesis,SCIENT,Science Enterprise,794B
SCIENT 795A,Thesis,SCIENT,Science Enterprise,795A
SCIENT 795B,Thesis,SCIENT,Science Enterprise,795B
SCIGEN 101,Communicating in a Knowledge Society,SCIGEN,Science General,101
SCIGEN 101G,Communicating in a Knowledge Society,SCIGEN,Science General,101G
SCIGEN 102,Contemporary Science in Aotearoa New Zealand,SCIGEN,Science General,102
SCIGEN 102G,Contemporary Science in Aotearoa New Zealand,SCIGEN,Science General,102G
SCIGEN 189,Special Topic,SCIGEN,Science General,189
SCIGEN 201,Innovating in a Knowledge Society,SCIGEN,Science General,201
SCIGEN 301,Engaging in a Knowledge Society,SCIGEN,Science General,301
SCIGEN 310,Directed Study,SCIGEN,Science General,310
SCIGEN 311,Scholarship Research Project,SCIGEN,Science General,311
SCIGEN 399,Capstone: Science,SCIGEN,Science General,399
SCISCHOL 100,Science in Action,SCISCHOL,Science Scholars,100
SCISCHOL 100A,Science in Action,SCISCHOL,Science Scholars,100A
SCISCHOL 100B,Science in Action,SCISCHOL,Science Scholars,100B
SCISCHOL 101,Science in Action 1,SCISCHOL,Science Scholars,101
SCISCHOL 102,Science in Action 2,SCISCHOL,Science Scholars,102
SCISCHOL 201,Introduction to Science and Innovation,SCISCHOL,Science Scholars,201
SCISCHOL 202,Research and Discovery,SCISCHOL,Science Scholars,202
SCISCHOL 202A,Research and Discovery,SCISCHOL,Science Scholars,202A
SCISCHOL 202B,Research and Discovery,SCISCHOL,Science Scholars,202B
SCISCHOL 301,Advanced Science and Innovation,SCISCHOL,Science Scholars,301
SCISCHOL 302,Science Scholars Project,SCISCHOL,Science Scholars,302
SCISCHOL 302A,Science Scholars Project,SCISCHOL,Science Scholars,302A
SCISCHOL 302B,Science Scholars Project,SCISCHOL,Science Scholars,302B
SCREEN 700,Screenwriting Project,SCREEN,Screen Production,700
SCREEN 701,Introduction to Directing,SCREEN,Screen Production,701
SCREEN 712,Advanced Drama Directing,SCREEN,Screen Production,712
SCREEN 714,Screenplay Writing and Development,SCREEN,Screen Production,714
SCREEN 715,Directed Study,SCREEN,Screen Production,715
SCREEN 716,Special Topic,SCREEN,Screen Production,716
SCREEN 780,Research Project,SCREEN,Screen Production,780
SCREEN 792,Dissertation,SCREEN,Screen Production,792
SCREEN 797A,Production Project,SCREEN,Screen Production,797A
SCREEN 797B,Production Project,SCREEN,Screen Production,797B
SOCCHFAM 332,Working with Children and Whanau,SOCCHFAM,Social Work Child Family Prac,332
SOCCHFAM 382,Special Topic,SOCCHFAM,Social Work Child Family Prac,382
SOCCHFAM 431,Child and Adolescent Mental Health Issues,SOCCHFAM,Social Work Child Family Prac,431
SOCCHFAM 482,Special Topic,SOCCHFAM,Social Work Child Family Prac,482
SOCCHFAM 700,Domestic Violence: Challenges and Responses,SOCCHFAM,Social Work Child Family Prac,700
SOCCHFAM 710,Special Topic,SOCCHFAM,Social Work Child Family Prac,710
SOCCHFAM 731,Child and Adolescent Mental Health Issues,SOCCHFAM,Social Work Child Family Prac,731
SOCCHFAM 734,Issues in Child Welfare and Protection,SOCCHFAM,Social Work Child Family Prac,734
SOCCHFAM 735,Intimate Partner Violence,SOCCHFAM,Social Work Child Family Prac,735
SOCCHFAM 736,Special Topic,SOCCHFAM,Social Work Child Family Prac,736
SOCCLEAD 700,Leadership: Ethics and Actions,SOCCLEAD,Social and Community Leadershi,700
SOCCLEAD 701,Leading Social Innovation,SOCCLEAD,Social and Community Leadershi,701
SOCCLEAD 702,Special Topic,SOCCLEAD,Social and Community Leadershi,702
SOCCLEAD 703,"Leadership, Ethics, Systems",SOCCLEAD,Social and Community Leadershi,703
SOCCLEAD 704,Special Study,SOCCLEAD,Social and Community Leadershi,704
SOCCLEAD 706,"Innovation, Design, Evaluation",SOCCLEAD,Social and Community Leadershi,706
SOCCLEAD 707,Programme Evaluation,SOCCLEAD,Social and Community Leadershi,707
SOCCLEAD 708,Enacting Social Change - Level 9,SOCCLEAD,Social and Community Leadershi,708
SOCCLEAD 794A,Thesis,SOCCLEAD,Social and Community Leadershi,794A
SOCCLEAD 794B,Thesis,SOCCLEAD,Social and Community Leadershi,794B
SOCCLEAD 795A,Thesis,SOCCLEAD,Social and Community Leadershi,795A
SOCCLEAD 795B,Thesis,SOCCLEAD,Social and Community Leadershi,795B
SOCHLTH 313,Mental Health in Social Practice,SOCHLTH,Social Work Health Practice,313
SOCHLTH 334,Effective Social Work in Health and Disability Services,SOCHLTH,Social Work Health Practice,334
SOCHLTH 381,Special Topic,SOCHLTH,Social Work Health Practice,381
SOCHLTH 432,Working with Grief and Loss,SOCHLTH,Social Work Health Practice,432
SOCHLTH 481,Special Topic,SOCHLTH,Social Work Health Practice,481
SOCHLTH 700,"Health, Social Justice and Social Work",SOCHLTH,Social Work Health Practice,700
SOCHLTH 732,Working with Grief and Loss - Level 9,SOCHLTH,Social Work Health Practice,732
SOCHLTH 736,"Health, Social Justice and Practice",SOCHLTH,Social Work Health Practice,736
SOCHLTH 756,Special Topic,SOCHLTH,Social Work Health Practice,756
SOCHLTH 756A,Special Topic,SOCHLTH,Social Work Health Practice,756A
SOCHLTH 756B,Special Topic,SOCHLTH,Social Work Health Practice,756B
SOCHLTH 757,Special Study,SOCHLTH,Social Work Health Practice,757
SOCIOL (100),Thinking Sociologically ** available as of 01/01/2027,SOCIOL,Sociology,(100)
SOCIOL (105),Sociology of Popular Culture ** available as of 01/01/2027,SOCIOL,Sociology,(105)
SOCIOL (211),Culture in Crisis Times ** available as of 01/01/2027,SOCIOL,Sociology,(211)
SOCIOL (315),Inequality and Social Justice in Law and Society ** available as of 01/01/2027,SOCIOL,Sociology,(315)
SOCIOL (706),Critical Disaster Studies ** available as of 01/01/2027,SOCIOL,Sociology,(706)
SOCIOL 100,Issues and Themes in Sociology,SOCIOL,Sociology,100
SOCIOL 101,Understanding Aotearoa New Zealand,SOCIOL,Sociology,101
SOCIOL 101G,Understanding Aotearoa New Zealand,SOCIOL,Sociology,101G
SOCIOL 103,Aotearoa New Zealand Social Policy and Social Justice,SOCIOL,Sociology,103
SOCIOL 105,Cultural Studies and Society,SOCIOL,Sociology,105
SOCIOL 200,Sociological Theory,SOCIOL,Sociology,200
SOCIOL 203,Social Reality and Ideology,SOCIOL,Sociology,203
SOCIOL 204,Social Control,SOCIOL,Sociology,204
SOCIOL 205,Sociology of Subcultures,SOCIOL,Sociology,205
SOCIOL 207,Sociology of Gender and Families,SOCIOL,Sociology,207
SOCIOL 208,Economy and Society,SOCIOL,Sociology,208
SOCIOL 210,"Colonisation, Globalisation and Social Justice",SOCIOL,Sociology,210
SOCIOL 211,Sociology of Popular Culture,SOCIOL,Sociology,211
SOCIOL 213,Ethnicity and Identity,SOCIOL,Sociology,213
SOCIOL 217,Social Movements,SOCIOL,Sociology,217
SOCIOL 218,Critical Theories of Capitalism,SOCIOL,Sociology,218
SOCIOL 219,Special Topic,SOCIOL,Sociology,219
SOCIOL 228,Special Topic: Power and Knowledge,SOCIOL,Sociology,228
SOCIOL 229,Environmental Sociology,SOCIOL,Sociology,229
SOCIOL 300,"Feminist, Anti-Colonial and Post-Capitalist Technofutures",SOCIOL,Sociology,300
SOCIOL 301,Critical Theories of Capitalism,SOCIOL,Sociology,301
SOCIOL 305,Special Topic,SOCIOL,Sociology,305
SOCIOL 307,The Pacific in the World,SOCIOL,Sociology,307
SOCIOL 309,"Migration, Borders and Displacement",SOCIOL,Sociology,309
SOCIOL 310,Sociological Research in Practice,SOCIOL,Sociology,310
SOCIOL 312,Urban Futures,SOCIOL,Sociology,312
SOCIOL 315,"Law, Inequality and the State",SOCIOL,Sociology,315
SOCIOL 316,Critical Theories of Schooling,SOCIOL,Sociology,316
SOCIOL 318,Sociology of the Media,SOCIOL,Sociology,318
SOCIOL 322,A Sociology of Relational Life,SOCIOL,Sociology,322
SOCIOL 326,Sociology of Violence and Death,SOCIOL,Sociology,326
SOCIOL 330,Special Topic,SOCIOL,Sociology,330
SOCIOL 333,"Sociology of Health, Illness, and Medicine",SOCIOL,Sociology,333
SOCIOL 339,Special Topic,SOCIOL,Sociology,339
SOCIOL 340,Special Topic,SOCIOL,Sociology,340
SOCIOL 700,"Capitalism, Ideology, and Desire",SOCIOL,Sociology,700
SOCIOL 701,Advanced Skills in Research,SOCIOL,Sociology,701
SOCIOL 703,Sociology of Mental Health,SOCIOL,Sociology,703
SOCIOL 706,The Sociology of Disasters,SOCIOL,Sociology,706
SOCIOL 707,Governing Population and Society,SOCIOL,Sociology,707
SOCIOL 709,Special Topic: Sociology of Universities,SOCIOL,Sociology,709
SOCIOL 710,Environmental Crimes and Environmental Justice,SOCIOL,Sociology,710
SOCIOL 711,Special Topic,SOCIOL,Sociology,711
SOCIOL 716,Critical Climate Justice,SOCIOL,Sociology,716
SOCIOL 718,Research Projects: Design and Practice,SOCIOL,Sociology,718
SOCIOL 728,"Family, Gender and the State",SOCIOL,Sociology,728
SOCIOL 735,Current Debates in Gender and Sexuality,SOCIOL,Sociology,735
SOCIOL 737,Special Topic,SOCIOL,Sociology,737
SOCIOL 738,Directed Study,SOCIOL,Sociology,738
SOCIOL 739,Directed Study,SOCIOL,Sociology,739
SOCIOL 743,Special Topic,SOCIOL,Sociology,743
SOCIOL 746,Settler Societies and Indigenous Peoples,SOCIOL,Sociology,746
SOCIOL 748,Critical Theory and Social Change,SOCIOL,Sociology,748
SOCIOL 790,Research Project - Level 9,SOCIOL,Sociology,790
SOCIOL 790A,Research Project,SOCIOL,Sociology,790A
SOCIOL 790B,Research Project,SOCIOL,Sociology,790B
SOCIOL 792,Dissertation,SOCIOL,Sociology,792
SOCIOL 792A,Dissertation,SOCIOL,Sociology,792A
SOCIOL 792B,Dissertation,SOCIOL,Sociology,792B
SOCIOL 794,Dissertation,SOCIOL,Sociology,794
SOCIOL 794A,Dissertation,SOCIOL,Sociology,794A
SOCIOL 794B,Dissertation,SOCIOL,Sociology,794B
SOCIOL 796A,Thesis,SOCIOL,Sociology,796A
SOCIOL 796B,Thesis,SOCIOL,Sociology,796B
SOCIOL 797A,Research Portfolio,SOCIOL,Sociology,797A
SOCIOL 797B,Research Portfolio,SOCIOL,Sociology,797B
SOCJUS 101,Social Justice in Aotearoa,SOCJUS,Social Justice,101
SOCJUS 102,Ko Wai Au; Ko Wai Tātou?,SOCJUS,Social Justice,102
SOCJUS 103,Rethinking Oceania Connections,SOCJUS,Social Justice,103
SOCJUS 201,Social Justice Movements,SOCJUS,Social Justice,201
SOCJUS 202,Tools for Change,SOCJUS,Social Justice,202
SOCJUS 211,Engaging with Communities,SOCJUS,Social Justice,211
SOCJUS 221,Generations and Justice,SOCJUS,Social Justice,221
SOCJUS 301,Structural (In)Justice,SOCJUS,Social Justice,301
SOCJUS 311,Change-Making in Communities,SOCJUS,Social Justice,311
SOCJUS 331,Just Global Futures,SOCJUS,Social Justice,331
SOCJUS 399,Capstone: Design for Change,SOCJUS,Social Justice,399
SOCWORK 100,"Ko Wai Au, Ko Wai Koe, Ko Wai Tātou?",SOCWORK,Social Work,100
SOCWORK 100A,"Ko Wai Au, Ko Wai Koe, Ko Wai Tātou?",SOCWORK,Social Work,100A
SOCWORK 100B,"Ko Wai Au, Ko Wai Koe, Ko Wai Tātou?",SOCWORK,Social Work,100B
SOCWORK 101,Social Work and Social Justice,SOCWORK,Social Work,101
SOCWORK 101A,Social Work and Social Justice,SOCWORK,Social Work,101A
SOCWORK 101B,Social Work and Social Justice,SOCWORK,Social Work,101B
SOCWORK 102,He Tangata: People in Context,SOCWORK,Social Work,102
SOCWORK 102A,He Tangata: People in Context,SOCWORK,Social Work,102A
SOCWORK 102B,He Tangata: People in Context,SOCWORK,Social Work,102B
SOCWORK 111,Professional Communication Skills,SOCWORK,Social Work,111
SOCWORK 180,Special Study,SOCWORK,Social Work,180
SOCWORK 181,Special Study,SOCWORK,Social Work,181
SOCWORK 182,Special Study,SOCWORK,Social Work,182
SOCWORK 183,Special Study,SOCWORK,Social Work,183
SOCWORK 200,Ngā Pou for Mana-enhancing Practice,SOCWORK,Social Work,200
SOCWORK 200A,Ngā Pou for Mana-enhancing Practice,SOCWORK,Social Work,200A
SOCWORK 200B,Ngā Pou for Mana-enhancing Practice,SOCWORK,Social Work,200B
SOCWORK 201,Culturally Responsive Practice,SOCWORK,Social Work,201
SOCWORK 201A,Culturally Responsive Practice,SOCWORK,Social Work,201A
SOCWORK 201B,Culturally Responsive Practice,SOCWORK,Social Work,201B
SOCWORK 202,"Law, Policy and Social Action",SOCWORK,Social Work,202
SOCWORK 202A,"Law, Policy and Social Action",SOCWORK,Social Work,202A
SOCWORK 202B,"Law, Policy and Social Action",SOCWORK,Social Work,202B
SOCWORK 221,Social Work Theories and Skills,SOCWORK,Social Work,221
SOCWORK 221A,Social Work Theories and Skills,SOCWORK,Social Work,221A
SOCWORK 221B,Social Work Theories and Skills,SOCWORK,Social Work,221B
SOCWORK 280,Special Study,SOCWORK,Social Work,280
SOCWORK 281,Special Study,SOCWORK,Social Work,281
SOCWORK 282,Special Study,SOCWORK,Social Work,282
SOCWORK 283,Special Study,SOCWORK,Social Work,283
SOCWORK 310,Special Topic,SOCWORK,Social Work,310
SOCWORK 311,Social Work Process and Practice,SOCWORK,Social Work,311
SOCWORK 312,Applied Social Research,SOCWORK,Social Work,312
SOCWORK 315,Organisations and Management,SOCWORK,Social Work,315
SOCWORK 317,Supervised Field Practice and Professional Development 1,SOCWORK,Social Work,317
SOCWORK 383,Special Topic,SOCWORK,Social Work,383
SOCWORK 401,Statutory Social Work,SOCWORK,Social Work,401
SOCWORK 411,Social Work Interventions for Best Practice,SOCWORK,Social Work,411
SOCWORK 413,The Social Work Discourse,SOCWORK,Social Work,413
SOCWORK 416,Professional Practice Project,SOCWORK,Social Work,416
SOCWORK 426,Practice with Communities,SOCWORK,Social Work,426
SOCWORK 427,Field Education 2,SOCWORK,Social Work,427
SOCWORK 484,Special Topic,SOCWORK,Social Work,484
SOCWORK 700,Clinical Social Work,SOCWORK,Social Work,700
SOCWORK 701,Statutory Social Work,SOCWORK,Social Work,701
SOCWORK 702,Social Work with Older People,SOCWORK,Social Work,702
SOCWORK 711,Social Work Interventions for Best Practice,SOCWORK,Social Work,711
SOCWORK 712,Social Work in Statutory Settings,SOCWORK,Social Work,712
SOCWORK 713,The Social Work Discourse,SOCWORK,Social Work,713
SOCWORK 718,Applied Research in Social Services,SOCWORK,Social Work,718
SOCWORK 719,Special Study,SOCWORK,Social Work,719
SOCWORK 721A,Theories and Skills in Social Work Practice,SOCWORK,Social Work,721A
SOCWORK 721B,Theories and Skills in Social Work Practice,SOCWORK,Social Work,721B
SOCWORK 722,Developing Social Work Professional Identity,SOCWORK,Social Work,722
SOCWORK 723,Social Work in the New Zealand Context,SOCWORK,Social Work,723
SOCWORK 724,Applied Social Work Research Methods,SOCWORK,Social Work,724
SOCWORK 725,Supervised Field Placement I,SOCWORK,Social Work,725
SOCWORK 726,Advanced Practice with Communities - Level 9,SOCWORK,Social Work,726
SOCWORK 727,Advanced Field Education,SOCWORK,Social Work,727
SOCWORK 734A,Professional Social Work Research in Practice.,SOCWORK,Social Work,734A
SOCWORK 734B,Professional Social Work Research in Practice.,SOCWORK,Social Work,734B
SOCWORK 735,Supervised Field Placement II,SOCWORK,Social Work,735
SOCWORK 758,Special Topic,SOCWORK,Social Work,758
SOCWORK 759,Special Topic,SOCWORK,Social Work,759
SOCWORK 780,Research Project,SOCWORK,Social Work,780
SOCWORK 780A,Research Project,SOCWORK,Social Work,780A
SOCWORK 780B,Research Project,SOCWORK,Social Work,780B
SOCWORK 796A,Thesis,SOCWORK,Social Work,796A
SOCWORK 796B,Thesis,SOCWORK,Social Work,796B
SOCWORK 797A,Research Portfolio,SOCWORK,Social Work,797A
SOCWORK 797B,Research Portfolio - Level 9,SOCWORK,Social Work,797B
SOCYOUTH 300,Therapeutic Youth Mentoring,SOCYOUTH,Social Work Youth Practice,300
SOCYOUTH 483,Special Topic,SOCYOUTH,Social Work Youth Practice,483
SOCYOUTH 736,Special Topic,SOCYOUTH,Social Work Youth Practice,736
SOFTENG 206,Software Engineering Design 1,SOFTENG,Software Engineering,206
SOFTENG 281,Object-Oriented Programming,SOFTENG,Software Engineering,281
SOFTENG 282,Software Engineering Theory,SOFTENG,Software Engineering,282
SOFTENG 283,Software Quality Assurance,SOFTENG,Software Engineering,283
SOFTENG 284,Data Structures and Algorithms,SOFTENG,Software Engineering,284
SOFTENG 299,Workshop Practice,SOFTENG,Software Engineering,299
SOFTENG 306,Software Engineering Design 2,SOFTENG,Software Engineering,306
SOFTENG 310,Software Evolution and Maintenance,SOFTENG,Software Engineering,310
SOFTENG 325,Software Architecture,SOFTENG,Software Engineering,325
SOFTENG 350,Human Computer Interaction,SOFTENG,Software Engineering,350
SOFTENG 351,Fundamentals of Database Systems,SOFTENG,Software Engineering,351
SOFTENG 364,Networks and Security,SOFTENG,Software Engineering,364
SOFTENG 370,Operating Systems,SOFTENG,Software Engineering,370
SOFTENG 700A,Research Project,SOFTENG,Software Engineering,700A
SOFTENG 700B,Research Project,SOFTENG,Software Engineering,700B
SOFTENG 701,Advanced Software Engineering Development Methods,SOFTENG,Software Engineering,701
SOFTENG 710,Studies in Software Engineering 1,SOFTENG,Software Engineering,710
SOFTENG 711,Studies in Software Engineering 2,SOFTENG,Software Engineering,711
SOFTENG 715,Special Topic,SOFTENG,Software Engineering,715
SOFTENG 751,High Performance Computing,SOFTENG,Software Engineering,751
SOFTENG 752,Formal Specification and Design,SOFTENG,Software Engineering,752
SOFTENG 753,Machine Learning Techniques and Applications,SOFTENG,Software Engineering,753
SOFTENG 754,Advanced Software Requirements Engineering - Level 9,SOFTENG,Software Engineering,754
SOFTENG 755,Special Topic,SOFTENG,Software Engineering,755
SOFTENG 761,Advanced Agile and Lean Software Development - Level 9,SOFTENG,Software Engineering,761
SOFTENG 762,Robotics Process Automation,SOFTENG,Software Engineering,762
SOFTENG 770,Capstone Project,SOFTENG,Software Engineering,770
SOFTENG 787,Project X,SOFTENG,Software Engineering,787
SOFTENG 788,Research Project,SOFTENG,Software Engineering,788
SOFTENG 788A,Research Project,SOFTENG,Software Engineering,788A
SOFTENG 788B,Research Project,SOFTENG,Software Engineering,788B
SOFTENG 789,Project Z,SOFTENG,Software Engineering,789
SOFTENG 795,Research Project (Software Engineering),SOFTENG,Software Engineering,795
SOFTENG 795A,Research Project (Software Engineering),SOFTENG,Software Engineering,795A
SOFTENG 795B,Research Project (Software Engineering),SOFTENG,Software Engineering,795B
SOFTENG 796A,ME Thesis (Software Engineering),SOFTENG,Software Engineering,796A
SOFTENG 796B,ME Thesis (Software Engineering),SOFTENG,Software Engineering,796B
SPANISH 104,Beginners' Spanish 1,SPANISH,Spanish,104
SPANISH 104G,Beginners' Spanish 1,SPANISH,Spanish,104G
SPANISH 105,Beginners' Spanish 2,SPANISH,Spanish,105
SPANISH 178,Spanish Study Abroad 1B,SPANISH,Spanish,178
SPANISH 200,Intermediate Spanish 1,SPANISH,Spanish,200
SPANISH 201,Intermediate Spanish 2,SPANISH,Spanish,201
SPANISH 215,Special Topic,SPANISH,Spanish,215
SPANISH 223,Special Topic,SPANISH,Spanish,223
SPANISH 241,Spanish Sound Structure,SPANISH,Spanish,241
SPANISH 242,Spanish Word Formation,SPANISH,Spanish,242
SPANISH 277,Spanish Study Abroad 2A,SPANISH,Spanish,277
SPANISH 278,Spanish Study Abroad 2B,SPANISH,Spanish,278
SPANISH 315,Special Topic,SPANISH,Spanish,315
SPANISH 316,Special Topic,SPANISH,Spanish,316
SPANISH 319,Advanced Spanish 1,SPANISH,Spanish,319
SPANISH 321,Advanced Spanish 2,SPANISH,Spanish,321
SPANISH 323,Spanish Translation Practice,SPANISH,Spanish,323
SPANISH 341,Spanish Sound Structure,SPANISH,Spanish,341
SPANISH 342,Spanish Word Formation,SPANISH,Spanish,342
SPANISH 350,Directed Reading and Research,SPANISH,Spanish,350
SPANISH 377,Spanish Study Abroad 3A,SPANISH,Spanish,377
SPANISH 378,Spanish Study Abroad 3B,SPANISH,Spanish,378
SPANISH 719,Special Topic,SPANISH,Spanish,719
SPANISH 723,Advanced Spanish Translation Practice,SPANISH,Spanish,723
SPANISH 728,Research Essays,SPANISH,Spanish,728
SPANISH 728A,Research Essays,SPANISH,Spanish,728A
SPANISH 728B,Research Essays,SPANISH,Spanish,728B
SPANISH 736,Special Topic,SPANISH,Spanish,736
SPANISH 737,Special Topic,SPANISH,Spanish,737
SPANISH 750,Special Study,SPANISH,Spanish,750
SPANISH 750A,Special Study,SPANISH,Spanish,750A
SPANISH 750B,Special Study,SPANISH,Spanish,750B
SPANISH 777,Study Abroad,SPANISH,Spanish,777
SPANISH 778,Study Abroad,SPANISH,Spanish,778
SPANISH 782,Research Project,SPANISH,Spanish,782
SPANISH 782A,Research Project,SPANISH,Spanish,782A
SPANISH 782B,Research Project,SPANISH,Spanish,782B
SPANISH 791,Dissertation,SPANISH,Spanish,791
SPANISH 792,Dissertation,SPANISH,Spanish,792
SPANISH 792A,Dissertation,SPANISH,Spanish,792A
SPANISH 792B,Dissertation,SPANISH,Spanish,792B
SPANISH 793A,Thesis,SPANISH,Spanish,793A
SPANISH 793B,Thesis,SPANISH,Spanish,793B
SPANISH 796A,Thesis,SPANISH,Spanish,796A
SPANISH 796B,Thesis,SPANISH,Spanish,796B
SPANISH 797A,Research Portfolio,SPANISH,Spanish,797A
SPANISH 797B,Research Portfolio,SPANISH,Spanish,797B
SPCHSCI 701,Dysphagia for Speech Language Therapists,SPCHSCI,Speech Science,701
SPCHSCI 711,Introduction to Communication in Children and Adults,SPCHSCI,Speech Science,711
SPCHSCI 712,Linguistics for Speech Language Therapy,SPCHSCI,Speech Science,712
SPCHSCI 713,Anatomy and Physiology for Speech Language Therapy,SPCHSCI,Speech Science,713
SPCHSCI 714,Speech Language Therapy Clinical Practicum 1,SPCHSCI,Speech Science,714
SPCHSCI 721,Dysphagia,SPCHSCI,Speech Science,721
SPCHSCI 722,"Speech, Language and Communication Needs in Children 1",SPCHSCI,Speech Science,722
SPCHSCI 723,Communication Disorders in Adults,SPCHSCI,Speech Science,723
SPCHSCI 724,Speech Language Therapy Clinical Practicum 2,SPCHSCI,Speech Science,724
SPCHSCI 733,Audiology for Speech Language Therapy,SPCHSCI,Speech Science,733
SPCHSCI 734,Speech Language Therapy Clinical Practicum 3,SPCHSCI,Speech Science,734
SPCHSCI 736,Topics in Communication Disorders in Adults,SPCHSCI,Speech Science,736
SPCHSCI 743,"Speech, Language and Communication in Needs in Children 2",SPCHSCI,Speech Science,743
SPCHSCI 744,Speech Language Therapy Clinical Practicum 4,SPCHSCI,Speech Science,744
SPCHSCI 746,Voice and Fluency,SPCHSCI,Speech Science,746
SPCHSCI 751,Special Topic,SPCHSCI,Speech Science,751
SPCHSCI 752,Research Project,SPCHSCI,Speech Science,752
SPCHSCI 753,Special Topic,SPCHSCI,Speech Science,753
SPCHSCI 754,Special Topic,SPCHSCI,Speech Science,754
SPCHSCI 790,Research Project,SPCHSCI,Speech Science,790
SPCHSCI 790A,Research Project,SPCHSCI,Speech Science,790A
SPCHSCI 790B,Research Project,SPCHSCI,Speech Science,790B
SPCHSCI 796A,MSc Thesis in Speech Science,SPCHSCI,Speech Science,796A
SPCHSCI 796B,MSc Thesis in Speech Science,SPCHSCI,Speech Science,796B
SPORT 100G,Sport in Society,SPORT,Sport Studies,100G
SPORT 101,Making a Difference in Sport,SPORT,Sport Studies,101
SPORT 202,Sport and Recreation,SPORT,Sport Studies,202
SPORT 204,Coaching Sport,SPORT,Sport Studies,204
SPORT 302,Sport Leadership,SPORT,Sport Studies,302
SPORT 303,Managing Sport and Recreation,SPORT,Sport Studies,303
SPORT 304,Sport Psychology and Coaching,SPORT,Sport Studies,304
SPORT 305,Sport Media and Marketing,SPORT,Sport Studies,305
SPORTHPE 101,Sociocultural Foundations,SPORTHPE,"Sport, Health and Physical Edu",101
SPORTHPE 102,Learning and Pedagogy,SPORTHPE,"Sport, Health and Physical Edu",102
SPORTHPE 103,Biophysical Foundations,SPORTHPE,"Sport, Health and Physical Edu",103
SPORTHPE 104,Biophysical Foundations of Human Movement,SPORTHPE,"Sport, Health and Physical Edu",104
SPORTHPE 201,Whakatinanahia,SPORTHPE,"Sport, Health and Physical Edu",201
SPORTHPE 202,Skill Learning,SPORTHPE,"Sport, Health and Physical Edu",202
SPORTHPE 203,"Physiology, Exercise, Fitness",SPORTHPE,"Sport, Health and Physical Edu",203
SPORTHPE 301,School Health and Physical Education,SPORTHPE,"Sport, Health and Physical Edu",301
SPORTHPE 303,"Health, Fitness and Culture",SPORTHPE,"Sport, Health and Physical Edu",303
STATS 100,Concepts in Statistics,STATS,Statistics,100
STATS 101,Introduction to Statistics,STATS,Statistics,101
STATS 108,Statistics for Commerce,STATS,Statistics,108
STATS 125,Probability and its Applications,STATS,Statistics,125
STATS 150,Communicating Statistics,STATS,Statistics,150
STATS 201,Data Analysis,STATS,Statistics,201
STATS 208,Data Analysis for Commerce,STATS,Statistics,208
STATS 210,Statistical Theory,STATS,Statistics,210
STATS 220,Data Technologies,STATS,Statistics,220
STATS 225,Probability: Theory and Applications,STATS,Statistics,225
STATS 240,Design and Structured Data,STATS,Statistics,240
STATS 255,Optimisation and Data-driven Decision Making,STATS,Statistics,255
STATS 302,Applied Multivariate Analysis,STATS,Statistics,302
STATS 310,Introduction to Statistical Inference,STATS,Statistics,310
STATS 313,Advanced Topics in Probability,STATS,Statistics,313
STATS 320,Applied Stochastic Modelling,STATS,Statistics,320
STATS 325,Stochastic Processes,STATS,Statistics,325
STATS 326,Applied Time Series Analysis,STATS,Statistics,326
STATS 330,Statistical Modelling,STATS,Statistics,330
STATS 331,Introduction to Bayesian Statistics,STATS,Statistics,331
STATS 369,Data Science Practice,STATS,Statistics,369
STATS 370,Financial Mathematics,STATS,Statistics,370
STATS 380,Statistical Computing,STATS,Statistics,380
STATS 383,The Science and Craft of Data Management,STATS,Statistics,383
STATS 392,Directed Study,STATS,Statistics,392
STATS 399,Capstone: Statistics in Action,STATS,Statistics,399
STATS 701,Advanced SAS Programming,STATS,Statistics,701
STATS 702,Special Topic in Statistics 2,STATS,Statistics,702
STATS 703,Special Topic in Statistics 1,STATS,Statistics,703
STATS 705,Topics in Official Statistics,STATS,Statistics,705
STATS 707,Computational Introduction to Statistics,STATS,Statistics,707
STATS 708,Topics in Statistical Education,STATS,Statistics,708
STATS 709,Predictive Modelling,STATS,Statistics,709
STATS 710,Probability Theory,STATS,Statistics,710
STATS 720,Stochastic Processes,STATS,Statistics,720
STATS 721,Foundations of Stochastic Processes,STATS,Statistics,721
STATS 722,Foundations of Financial Mathematics,STATS,Statistics,722
STATS 723,Stochastic Methods: Theory and Applications,STATS,Statistics,723
STATS 725,Special Topic,STATS,Statistics,725
STATS 726,Time Series,STATS,Statistics,726
STATS 727,Foundations of Applied Time Series Analysis,STATS,Statistics,727
STATS 730,Statistical Inference,STATS,Statistics,730
STATS 731,Bayesian Inference,STATS,Statistics,731
STATS 732,Foundations of Statistical Inference,STATS,Statistics,732
STATS 740,Sample Surveys,STATS,Statistics,740
STATS 741,Sample Surveys and Experimental Design,STATS,Statistics,741
STATS 747,Statistical Methods in Marketing,STATS,Statistics,747
STATS 750,Experimental Design,STATS,Statistics,750
STATS 761,Mixed Models,STATS,Statistics,761
STATS 762,Regression for Data Science,STATS,Statistics,762
STATS 763,Advanced Regression Methodology,STATS,Statistics,763
STATS 765,Statistical Learning for Data Science,STATS,Statistics,765
STATS 766,Multivariate Analysis,STATS,Statistics,766
STATS 767,Foundations of Applied Multivariate Analysis,STATS,Statistics,767
STATS 768,Longitudinal Data Analysis,STATS,Statistics,768
STATS 769,Advanced Data Science Practice,STATS,Statistics,769
STATS 770,Introduction to Medical Statistics,STATS,Statistics,770
STATS 771,Special Topic,STATS,Statistics,771
STATS 773,Design and Analysis of Clinical Trials,STATS,Statistics,773
STATS 774,Dissertation in Statistics Education,STATS,Statistics,774
STATS 774A,Dissertation in Statistics Education,STATS,Statistics,774A
STATS 774B,Dissertation in Statistics Education,STATS,Statistics,774B
STATS 776,Estimating Animal Abundance,STATS,Statistics,776
STATS 779,Professional Skills for Statisticians,STATS,Statistics,779
STATS 780,Statistical Consulting,STATS,Statistics,780
STATS 781,Research Project,STATS,Statistics,781
STATS 781A,Research Project,STATS,Statistics,781A
STATS 781B,Research Project,STATS,Statistics,781B
STATS 782,Statistical Computing,STATS,Statistics,782
STATS 783,Simulation and Monte Carlo Methods,STATS,Statistics,783
STATS 784,Statistical Data Mining,STATS,Statistics,784
STATS 785,Foundations of Statistical Data Management,STATS,Statistics,785
STATS 786,Time Series Forecasting for Data Science,STATS,Statistics,786
STATS 787,Data Visualisation,STATS,Statistics,787
STATS 790,Research Project,STATS,Statistics,790
STATS 790A,Research Project,STATS,Statistics,790A
STATS 790B,Research Project,STATS,Statistics,790B
STATS 792,Dissertation in Statistics Education,STATS,Statistics,792
STATS 792A,Dissertation in Statistics Education,STATS,Statistics,792A
STATS 792B,Dissertation in Statistics Education,STATS,Statistics,792B
STATS 793,Dissertation,STATS,Statistics,793
STATS 793A,Dissertation,STATS,Statistics,793A
STATS 793B,Dissertation,STATS,Statistics,793B
STATS 796A,MSc Thesis in Statistics,STATS,Statistics,796A
STATS 796B,MSc Thesis in Statistics,STATS,Statistics,796B
STATS 798A,Masters Thesis in Statistics,STATS,Statistics,798A
STATS 798B,Masters Thesis in Statistics,STATS,Statistics,798B
STRCTENG 200,Introductory Structural Mechanics,STRCTENG,Structural Engineering,200
STRCTENG 201,Civil Engineering Materials and Design,STRCTENG,Structural Engineering,201
STRCTENG 299,Workshop Practice,STRCTENG,Structural Engineering,299
STRCTENG 300,Design Loads and Dynamic Response of Structures,STRCTENG,Structural Engineering,300
STRCTENG 301,Timber Structures Design,STRCTENG,Structural Engineering,301
STRCTENG 302,Steel Structures Design,STRCTENG,Structural Engineering,302
STRCTENG 303,Concrete Structures Design,STRCTENG,Structural Engineering,303
STRCTENG 304,Structural Design for Civil Engineers,STRCTENG,Structural Engineering,304
STRCTENG 710,Low Rise Structures Design,STRCTENG,Structural Engineering,710
STRCTENG 711,Multistorey Structures Design,STRCTENG,Structural Engineering,711
STRCTENG 760,Forensic Structural Engineering,STRCTENG,Structural Engineering,760
SUSTAIN 100,Sustainability and Us,SUSTAIN,Sustainability,100
SUSTAIN 100G,Sustainability and Us,SUSTAIN,Sustainability,100G
SUSTAIN 200,The Sustainable Community,SUSTAIN,Sustainability,200
SUSTAIN 300,A Sustainable World,SUSTAIN,Sustainability,300
TDAIS 100,Artificial Intelligence and Society,TDAIS,Transdisciplinary AI & Soc,100
TDDEM 100,Democracy in the 21st Century,TDDEM,Transdisciplinary Democracy,100
TDENVF 100,Our Environmental Futures: Te Taiao Tāngata,TDENVF,Transdisciplinary Environmenta,100
TDFOOD 100,Future Food Systems,TDFOOD,Transdisciplinary Futr of Food,100
TDMIGR 100,Migration Futures,TDMIGR,Transdisciplinary Migration Fu,100
TDMOANA 100,"Tagata Moana, Tangata Whenua: Hawaiki Futures",TDMOANA,Transdisciplinary Tagata Moana,100
TFCARTS 91F,"Systems, Structures and Societies",TFCARTS,TFC Arts General,91F
TFCARTS 92F,Introduction to Arts and Humanities,TFCARTS,TFC Arts General,92F
TFCBIO 91F,Foundation Biology 1,TFCBIO,TFC Biological Sciences,91F
TFCBIO 92F,Foundation Biology 2,TFCBIO,TFC Biological Sciences,92F
TFCBUS 92F,Foundation Business,TFCBUS,TFC Business,92F
TFCCAI 92F,Foundation Creative Arts,TFCCAI,TFC Creative Arts,92F
TFCCHEM 91F,Foundation Chemistry 1,TFCCHEM,TFC Chemistry,91F
TFCCHEM 92F,Foundation Chemistry 2,TFCCHEM,TFC Chemistry,92F
TFCCOMP 92F,Foundations of Computing,TFCCOMP,TFC Computer Science,92F
TFCEDUC 90F,Introduction to Computing,TFCEDUC,TFC Education,90F
TFCEDUC 91F,New Zealand Education System,TFCEDUC,TFC Education,91F
TFCEDUC 92F,Child Development and Learning,TFCEDUC,TFC Education,92F
TFCEDUC 93F,Mathematics for Teaching Science and Technology,TFCEDUC,TFC Education,93F
TFCENG 90F,Preparatory Skills in Literacy,TFCENG,TFC English,90F
TFCENG 91F,Academic Literacy 1,TFCENG,TFC English,91F
TFCENG 92F,Academic Literacy 2,TFCENG,TFC English,92F
TFCENV 91F,Geography,TFCENV,TFC Environmental Studies,91F
TFCENV 92F,Earth and Environmental Sciences,TFCENV,TFC Environmental Studies,92F
TFCEXSCI 92F,Foundation Sport and Exercise Sciences,TFCEXSCI,TFC Exercise Sciences,92F
TFCHIST 91F,Foundation History,TFCHIST,TFC History,91F
TFCMAORI 91F,Te Pū,TFCMAORI,TFC Māori,91F
TFCMAORI 92F,Te Kore,TFCMAORI,TFC Māori,92F
TFCMATHS 89F,Mathematics for Arts,TFCMATHS,TFC Mathematics,89F
TFCMATHS 90F,Preparatory Skills in Mathematics,TFCMATHS,TFC Mathematics,90F
TFCMATHS 91F,Foundation Mathematics 1,TFCMATHS,TFC Mathematics,91F
TFCMATHS 92F,Foundation Mathematics 2,TFCMATHS,TFC Mathematics,92F
TFCMATHS 93F,Foundation Mathematics 3,TFCMATHS,TFC Mathematics,93F
TFCMATHS 94F,Foundation Mathematics 4,TFCMATHS,TFC Mathematics,94F
TFCPAC 91F,Foundation Pacific Studies,TFCPAC,TFC Pacific Studies,91F
TFCPHYS 91F,Foundation Physics,TFCPHYS,TFC Physics,91F
TFCPHYS 92F,Foundation Physics 2,TFCPHYS,TFC Physics,92F
TFCSOCIO 91F,Foundation Sociology 1,TFCSOCIO,TFC Sociology,91F
TFCSOCIO 92F,Foundation Sociology 2,TFCSOCIO,TFC Sociology,92F
TFCSTATS 91F,Statistical and Data Literacy,TFCSTATS,TFC Statistics,91F
TFCSTATS 92F,Foundation Statistics,TFCSTATS,TFC Statistics,92F
THEOLOGY 780,Research Project - Level 9,THEOLOGY,Theology,780
THEOLOGY 780A,Research Project - Level 9,THEOLOGY,Theology,780A
THEOLOGY 780B,Research Project - Level 9,THEOLOGY,Theology,780B
THEOLOGY 781,Research Essay,THEOLOGY,Theology,781
THEOLOGY 782,Research Essay,THEOLOGY,Theology,782
THEOLOGY 796A,Thesis,THEOLOGY,Theology,796A
THEOLOGY 796B,Thesis,THEOLOGY,Theology,796B
THEOREL 101,The Bible and Popular Culture,THEOREL,Theological & Religious Studs,101
THEOREL 101G,The Bible and Popular Culture,THEOREL,Theological & Religious Studs,101G
THEOREL 102,Thinking about Religion,THEOREL,Theological & Religious Studs,102
THEOREL 200,Here I Stand: The World and Legacy of Martin Luther,THEOREL,Theological & Religious Studs,200
THEOREL 201,Religions in New Zealand,THEOREL,Theological & Religious Studs,201
THEOREL 202,A History of the Apocalypse,THEOREL,Theological & Religious Studs,202
THEOREL 206,Religion in Film and Television,THEOREL,Theological & Religious Studs,206
THEOREL 208,Special Topic: Judaism: Identity and Practice,THEOREL,Theological & Religious Studs,208
THEOREL 209,Religious Texts of Terror,THEOREL,Theological & Religious Studs,209
THEOREL 210,Making Sense of Suffering and Trauma,THEOREL,Theological & Religious Studs,210
THEOREL 213,Special Topic,THEOREL,Theological & Religious Studs,213
THEOREL 214,Special Topic,THEOREL,Theological & Religious Studs,214
THEOREL 216,Early Christianity,THEOREL,Theological & Religious Studs,216
THEOREL 221,Comparative Religion and Society,THEOREL,Theological & Religious Studs,221
THEOREL 222,Can we Survive? Responding to the Climate Crisis,THEOREL,Theological & Religious Studs,222
THEOREL 223,"How People Became Things: Christianity, Colonisation and Race",THEOREL,Theological & Religious Studs,223
THEOREL 225,"Islam: Faith, History and Contemporary Challenges",THEOREL,Theological & Religious Studs,225
THEOREL 300,Here I Stand: The World and Legacy of Martin Luther,THEOREL,Theological & Religious Studs,300
THEOREL 301,Religious Texts of Terror,THEOREL,Theological & Religious Studs,301
THEOREL 302,A History of the Apocalypse,THEOREL,Theological & Religious Studs,302
THEOREL 306,Religion in Film and Television,THEOREL,Theological & Religious Studs,306
THEOREL 308,Special Topic: Judaism: Identity and Practice,THEOREL,Theological & Religious Studs,308
THEOREL 309,Directed Study 1,THEOREL,Theological & Religious Studs,309
THEOREL 310,Directed Study 2,THEOREL,Theological & Religious Studs,310
THEOREL 313,Special Topic,THEOREL,Theological & Religious Studs,313
THEOREL 314,Special Topic,THEOREL,Theological & Religious Studs,314
THEOREL 316,Early Christianity,THEOREL,Theological & Religious Studs,316
THEOREL 318,Making Sense of Suffering and Trauma,THEOREL,Theological & Religious Studs,318
THEOREL 319,Theory and Method in Religious Studies,THEOREL,Theological & Religious Studs,319
THEOREL 320,Religion in New Zealand,THEOREL,Theological & Religious Studs,320
THEOREL 321,Comparative Religion and Society,THEOREL,Theological & Religious Studs,321
THEOREL 322,Can we Survive? Responding to the Climate Crisis,THEOREL,Theological & Religious Studs,322
THEOREL 323,"How People Became Things: Christianity, Colonisation and Race",THEOREL,Theological & Religious Studs,323
THEOREL 325,"Islam: Faith, History and Contemporary Challenges",THEOREL,Theological & Religious Studs,325
TONGAN 101,Tongan Language 1,TONGAN,Tongan,101
TONGAN 101G,Tongan Language 1,TONGAN,Tongan,101G
TONGAN 201,Tongan Language 2,TONGAN,Tongan,201
TONGAN 203,Special Topic,TONGAN,Tongan,203
TONGAN 301,Tongan Language 3,TONGAN,Tongan,301
TONGAN 303,Special Topic,TONGAN,Tongan,303
TRANSLAT 100,Translation for Global Citizens,TRANSLAT,Translation Studies,100
TRANSLAT 100G,Translation for Global Citizens,TRANSLAT,Translation Studies,100G
TRANSLAT 101,Interpreting for Communities,TRANSLAT,Translation Studies,101
TRANSLAT 700,Digital Translation,TRANSLAT,Translation Studies,700
TRANSLAT 712,Computer-aided Translation (CAT) Tools,TRANSLAT,Translation Studies,712
TRANSLAT 713,Community Translation and Interpreting,TRANSLAT,Translation Studies,713
TRANSLAT 715,Audiovisual Translation,TRANSLAT,Translation Studies,715
TRANSLAT 716,Chinese Specialised Translation,TRANSLAT,Translation Studies,716
TRANSLAT 717,German Specialised Translation,TRANSLAT,Translation Studies,717
TRANSLAT 718,Japanese Specialised Translation,TRANSLAT,Translation Studies,718
TRANSLAT 719,Translation Theories and Paradigms,TRANSLAT,Translation Studies,719
TRANSLAT 720,Translation Portfolio,TRANSLAT,Translation Studies,720
TRANSLAT 725,Research Essay,TRANSLAT,Translation Studies,725
TRANSLAT 726,Translation Project,TRANSLAT,Translation Studies,726
TRANSLAT 726A,Translation Project,TRANSLAT,Translation Studies,726A
TRANSLAT 726B,Translation Project,TRANSLAT,Translation Studies,726B
TRANSLAT 727,Translation Project,TRANSLAT,Translation Studies,727
TRANSLAT 727A,Translation Project,TRANSLAT,Translation Studies,727A
TRANSLAT 727B,Translation Project,TRANSLAT,Translation Studies,727B
TRANSLAT 728,Special Topic,TRANSLAT,Translation Studies,728
TRANSLAT 729,Special Topic,TRANSLAT,Translation Studies,729
TRANSLAT 777,Study Abroad,TRANSLAT,Translation Studies,777
TRANSLAT 778,Study Abroad,TRANSLAT,Translation Studies,778
TRANSLAT 791,Dissertation,TRANSLAT,Translation Studies,791
TRANSLAT 791A,Dissertation,TRANSLAT,Translation Studies,791A
TRANSLAT 791B,Dissertation,TRANSLAT,Translation Studies,791B
TRANSLAT 792,Dissertation,TRANSLAT,Translation Studies,792
TRANSLAT 792A,Dissertation,TRANSLAT,Translation Studies,792A
TRANSLAT 792B,Dissertation,TRANSLAT,Translation Studies,792B
UNIBOUND 10,UniBound Summer,UNIBOUND,UNIBOUND,10
URBDES 702,Urban Design Theory and Practice,URBDES,Urban Design,702
URBDES 703,Directed Study,URBDES,Urban Design,703
URBDES 705,Emerging Paradigms,URBDES,Urban Design,705
URBDES 710,Urban Design Studio 1 - Level 9,URBDES,Urban Design,710
URBDES 720,Urban Design Studio 2 - Level 9,URBDES,Urban Design,720
URBDES 730,Urban Design Research Project - Level 9,URBDES,Urban Design,730
URBDES 730A,Urban Design Research Project - Level 9,URBDES,Urban Design,730A
URBDES 730B,Urban Design Research Project - Level 9,URBDES,Urban Design,730B
URBPLAN 101,Introduction to Urban Planning,URBPLAN,Urban Planning,101
URBPLAN 122,"Introduction to Society, Civics and Governance Issues for Urban Planning",URBPLAN,Urban Planning,122
URBPLAN 123,Urban Planning Economics,URBPLAN,Urban Planning,123
URBPLAN 124,"Ecosystem, Sustainability and Environment",URBPLAN,Urban Planning,124
URBPLAN 125,Urban Planning Studio 1,URBPLAN,Urban Planning,125
URBPLAN 126,Urban Planning Studio 2,URBPLAN,Urban Planning,126
URBPLAN 201,Urban Policy Analysis,URBPLAN,Urban Planning,201
URBPLAN 202,Urban Planning Implementation and Law,URBPLAN,Urban Planning,202
URBPLAN 203,Urban Infrastructure,URBPLAN,Urban Planning,203
URBPLAN 204,Urban Planning Social Theory and Practice,URBPLAN,Urban Planning,204
URBPLAN 205,Urban Infrastructure and Transportation Planning,URBPLAN,Urban Planning,205
URBPLAN 210,Urban Planning Studio Three,URBPLAN,Urban Planning,210
URBPLAN 211,Urban Planning Studio Four,URBPLAN,Urban Planning,211
URBPLAN 221,"People, Housing and Communities",URBPLAN,Urban Planning,221
URBPLAN 222,Urban Economics,URBPLAN,Urban Planning,222
URBPLAN 223,Planning Law and Applications,URBPLAN,Urban Planning,223
URBPLAN 225,Urban Planning Studio 2,URBPLAN,Urban Planning,225
URBPLAN 226,Urban Planning Studio 3,URBPLAN,Urban Planning,226
URBPLAN 301,Urban Economic Development,URBPLAN,Urban Planning,301
URBPLAN 302,Heritage/Cultural Issues for Urban Planning,URBPLAN,Urban Planning,302
URBPLAN 303,Ecology and Resilience,URBPLAN,Urban Planning,303
URBPLAN 304,Urban Land Use Economics,URBPLAN,Urban Planning,304
URBPLAN 305,Māori Urban Planning Issues,URBPLAN,Urban Planning,305
URBPLAN 306,Global Contexts and Contemporary Urban Planning Issues,URBPLAN,Urban Planning,306
URBPLAN 307,"Negotiation, Mediation and Project Management",URBPLAN,Urban Planning,307
URBPLAN 310,Urban Planning Studio Five,URBPLAN,Urban Planning,310
URBPLAN 311,Urban Planning Studio Six,URBPLAN,Urban Planning,311
URBPLAN 321,"Urban Policy Analysis, Development and Research Skills",URBPLAN,Urban Planning,321
URBPLAN 322,Urban Infrastructure,URBPLAN,Urban Planning,322
URBPLAN 323,Māori Planning,URBPLAN,Urban Planning,323
URBPLAN 325,Urban Planning Studio 4,URBPLAN,Urban Planning,325
URBPLAN 326,Urban Planning Studio 5,URBPLAN,Urban Planning,326
URBPLAN 701,Urban Planning Contexts - Level 9,URBPLAN,Urban Planning,701
URBPLAN 702,Urban Planning Law,URBPLAN,Urban Planning,702
URBPLAN 706,Māori Planning Issues,URBPLAN,Urban Planning,706
URBPLAN 707,Urban Economic Development,URBPLAN,Urban Planning,707
URBPLAN 709,Housing and Community Development,URBPLAN,Urban Planning,709
URBPLAN 711,Urban Planning Theory,URBPLAN,Urban Planning,711
URBPLAN 712,Sustainable Urbanism,URBPLAN,Urban Planning,712
URBPLAN 713,Shelter,URBPLAN,Urban Planning,713
URBPLAN 714,Urban Planning Methods and Plan Making Studio,URBPLAN,Urban Planning,714
URBPLAN 715,Urban Planning Research Dissertation,URBPLAN,Urban Planning,715
URBPLAN 716,Contemporary Wicked Problem Studio,URBPLAN,Urban Planning,716
URBPLAN 717,Community Design Studio,URBPLAN,Urban Planning,717
URBPLAN 718,Sustainable Urbanism Studio,URBPLAN,Urban Planning,718
URBPLAN 721,Project Management for Urban Planning,URBPLAN,Urban Planning,721
URBPLAN 722,Heritage/Cultural Issues,URBPLAN,Urban Planning,722
URBPLAN 733,Sustainable Urban Design Studio,URBPLAN,Urban Planning,733
URBPLAN 734,Smart City Planning - Level 9,URBPLAN,Urban Planning,734
URBPLAN 735,"Resource Consents and Implementation, Evaluation",URBPLAN,Urban Planning,735
URBPLAN 741,Special Topic,URBPLAN,Urban Planning,741
URBPLAN 742,Special Topic,URBPLAN,Urban Planning,742
URBPLAN 757,Research Project,URBPLAN,Urban Planning,757
URBPLAN 791,Research Project,URBPLAN,Urban Planning,791
URBPLAN 794A,Thesis,URBPLAN,Urban Planning,794A
URBPLAN 794B,Thesis,URBPLAN,Urban Planning,794B
URBPLAN 796A,Thesis,URBPLAN,Urban Planning,796A
URBPLAN 796B,Thesis,URBPLAN,Urban Planning,796B
WINESCI 201,Introduction to Wine Science,WINESCI,Wine Science,201
WINESCI 701,Winemaking in a New Zealand Setting,WINESCI,Wine Science,701
WINESCI 702,The Science Behind Grape Production,WINESCI,Wine Science,702
WINESCI 703,The Science Behind Winemaking,WINESCI,Wine Science,703
WINESCI 704,Sensory Evaluation and Statistical Methods,WINESCI,Wine Science,704
WINESCI 705,Project in Wine Science,WINESCI,Wine Science,705
WINESCI 705A,Project in Wine Science,WINESCI,Wine Science,705A
WINESCI 705B,Project in Wine Science,WINESCI,Wine Science,705B
WINESCI 706,The Business of Wine Production,WINESCI,Wine Science,706
WINESCI 707,Topics in Wine Science,WINESCI,Wine Science,707
WINESCI 707A,Topics in Wine Science,WINESCI,Wine Science,707A
WINESCI 707B,Topics in Wine Science,WINESCI,Wine Science,707B
WINESCI 708,Post-fermentation Processes in Winemaking,WINESCI,Wine Science,708
WINESCI 792,Research Project,WINESCI,Wine Science,792
WINESCI 792A,Research Project,WINESCI,Wine Science,792A
WINESCI 792B,Research Project,WINESCI,Wine Science,792B
WINESCI 793,Dissertation,WINESCI,Wine Science,793
WINESCI 793A,Dissertation,WINESCI,Wine Science,793A
WINESCI 793B,Dissertation,WINESCI,Wine Science,793B
WINESCI 796A,MSc Thesis in Wine Science - Level 9,WINESCI,Wine Science,796A
WINESCI 796B,MSc Thesis in Wine Science,WINESCI,Wine Science,796B
WTR 100,Waipapa Taumata Rau,WTR,Waipapa Taumata Rau,100
WTR 101,Waipapa Taumata Rau,WTR,Waipapa Taumata Rau,101
WTRAED 100,"Waipapa Taumata Rau: Introduction to Te Pūtahi Mātauranga, Arts and Education",WTRAED,Waipapa Taumata Rau,100
WTRBUS 100,Waipapa Taumata Rau: Exploring the Māori Economy - Business Beyond Profit,WTRBUS,Waipapa Taumata Rau,100
WTRENG 100,Waipapa Taumata Rau: Engineering and Design for the Built Environment in Aotearoa New Zealand,WTRENG,Waipapa Taumata Rau,100
WTRMHS 100,Waipapa Taumata Rau: Foundations for Effective Health Practice in Aotearoa,WTRMHS,Waipapa Taumata Rau,100
WTRSCI 100,"Waipapa Taumata Rau: Contemporary Science in Aotearoa, New Zealand",WTRSCI,Waipapa Taumata Rau,100
YOUTHWRK 152,Understanding New Zealand Youth,YOUTHWRK,Youth Work,152
YOUTHWRK 152G,Understanding New Zealand Youth,YOUTHWRK,Youth Work,152G
YOUTHWRK 281,Special Topic,YOUTHWRK,Youth Work,281
YOUTHWRK 381,Special Topic,YOUTHWRK,Youth Work,381
